{
    "swagger": "2.0",
    "externalDocs": {
        "url": "https://docs.emiratesnbd.com/party/docs"
    },
    "info": {
        "description": "API specifications for parties. This belongs to Party domain. This Will generate the party id for the customers and link party id to cif",
        "version": "0.0.1",
        "title": "Parties",
        "contact": {
            "email": "apiteam@emiratesnbd.com",
            "url": "https://developer.emiratesnbd.com/questions",
            "name": "Emirates NBD Open API Team"
        }
    },
    "host": "apisit.emiratesnbd.com",
    "basePath": "/party/v1",
    "schemes": [
        "https"
    ],
    "paths": {
        "/parties": {
            "get": {
                "tags": [
                    "parties"
                ],
                "summary": "Returns list of all party IDs",
                "description": "",
                "produces": [
                    "application/json"
                ],
                "parameters": [
                    {
                        "name": "q",
                        "in": "query",
                        "description": "Default parameter for filter.**@TODO:// Examples will be documented when technical implementation is done. Use case will be identified while implementation.**",
                        "required": false,
                        "type": "string"
                    },
                    {
                        "name": "sort",
                        "in": "query",
                        "description": "Comma separated list of fields for response to sort on. *To sort the response on basis of id, sort=id*",
                        "required": false,
                        "type": "array",
                        "items": {
                            "type": "string"
                        },
                        "collectionFormat": "csv"
                    },
                    {
                        "in": "header",
                        "name": "Authorization",
                        "description": "Authorization token required for accessing this resource.*Example: Bearer &lt;oauth_token&gt;*",
                        "required": true,
                        "type": "string"
                    },
                    {
                        "in": "header",
                        "name": "Accept",
                        "description": "Content Type required for response content",
                        "required": false,
                        "type": "string",
                        "default": "application/json"
                    },
                    {
                        "in": "header",
                        "name": "Paging-Info",
                        "description": "Paging-Info: start-index=&lt;index&gt;; no-of-records=&lt;total_records_needed&gt;",
                        "required": false,
                        "type": "string"
                    },
                    {
                        "in": "header",
                        "name": "Financial-Id",
                        "description": "3 digit Alphabetical reflects the source entity",
                        "required": true,
                        "type": "string"
                    },
                    {
                        "in": "header",
                        "name": "Client-Timestamp",
                        "description": "Unix Timestamp with milliseconds precision",
                        "required": true,
                        "type": "number",
                        "format": "int64"
                    },
                    {
                        "in": "header",
                        "name": "Accept-Language",
                        "description": "Customer requested language as per ISO 639-1",
                        "required": false,
                        "type": "string",
                        "default": "en"
                    },
                    {
                        "in": "header",
                        "name": "Unique-Reference-Code",
                        "description": "Unique reference code for identification of each request sent to API",
                        "required": true,
                        "type": "string"
                    },
                    {
                        "in": "header",
                        "name": "Client-Ip",
                        "description": "IP of the customer",
                        "required": false,
                        "type": "string"
                    },
                    {
                        "in": "header",
                        "name": "Channel-Id",
                        "description": "Requesting channel",
                        "required": true,
                        "type": "string"
                    }
                ],
                "responses": {
                    "200": {
                        "description": "OK",
                        "schema": {
                            "$ref": "#/definitions/Parties"
                        },
                        "headers": {
                            "Content-Type": {
                                "type": "string",
                                "description": "Content Type of response payload"
                            },
                            "Content-Length": {
                                "type": "string",
                                "description": "Content Length of response"
                            },
                            "Warning": {
                                "type": "string",
                                "description": "Warning Header Specifying deprecation"
                            },
                            "Paging-Info": {
                                "type": "string",
                                "description": "Paging-Info: no-of-records=<total records in response>;total-count =<total available records on server>"
                            },
                            "Unique-Reference-Code": {
                                "description": "Unique reference code for identification of each request sent to API",
                                "type": "string"
                            },
                            "Response-Timestamp": {
                                "description": "Unix Timestamp with milliseconds precision",
                                "type": "integer",
                                "format": "int64"
                            },
                            "Access-Control-Allow-Headers": {
                                "type": "string",
                                "description": "The Access-Control-Allow-Headers response header is used in response to a preflight request to indicate which HTTP headers can be used during the actual request"
                            },
                            "Access-Control-Allow-Methods": {
                                "type": "string",
                                "description": "The Access-Control-Allow-Methods response header specifies the method or methods allowed when accessing the resource in response to a preflight request"
                            },
                            "Access-Control-Allow-Origin": {
                                "type": "string",
                                "description": "The Access-Control-Allow-Origin response header indicates whether the response can be shared with resources with the given origin"
                            },
                            "Access-Control-Max-Age": {
                                "type": "string",
                                "description": "The Access-Control-Max-Age response header indicates how long the results of a preflight request (that is the information contained in the Access-Control-Allow-Methods and Access-Control-Allow-Headers headers) can be cached"
                            },
                            "Content-Security-Policy": {
                                "type": "string",
                                "description": "Content Security Policy (CSP) is an added layer of security that helps to detect and mitigate certain types of attacks, including Cross Site Scripting (XSS) and data injection attacks"
                            },
                            "Strict-Transport-Security": {
                                "type": "string",
                                "description": "The HTTP Strict-Transport-Security response header (often abbreviated as HSTS)  lets a web site tell browsers that it should only be accessed using HTTPS, instead of using HTTP"
                            },
                            "X-Content-Type-Options": {
                                "type": "string",
                                "description": "The X-Content-Type-Options response HTTP header is a marker used by the server to indicate that the MIME types advertised in the Content-Type headers should not be changed and be followed"
                            }
                        }
                    },
                    "301": {
                        "description": "Moved Permanently"
                    },
                    "400": {
                        "description": "Bad Request",
                        "schema": {
                            "$ref": "#/definitions/Errors"
                        }
                    },
                    "401": {
                        "description": "Unauthorized"
                    },
                    "403": {
                        "description": "Forbidden"
                    },
                    "404": {
                        "description": "Not Found"
                    },
                    "405": {
                        "description": "Method Not Allowed"
                    },
                    "406": {
                        "description": "Not Acceptable"
                    },
                    "408": {
                        "description": "Request Timeout"
                    },
                    "429": {
                        "description": "Too many requests"
                    },
                    "500": {
                        "description": "Internal Server Error"
                    },
                    "502": {
                        "description": "Bad Gateway"
                    },
                    "503": {
                        "description": "Service Unavailable"
                    },
                    "504": {
                        "description": "Gateway Timeout"
                    }
                },
                "security": []
            },
            "post": {
                "tags": [
                    "parties"
                ],
                "summary": "Generate a new Party ID",
                "description": "",
                "produces": [
                    "application/json"
                ],
                "consumes": [
                    "application/json"
                ],
                "parameters": [
                    {
                        "in": "header",
                        "name": "Authorization",
                        "description": "Authorization token required for accessing this resource.*Example: Bearer &lt;oauth_token&gt;*",
                        "required": true,
                        "type": "string"
                    },
                    {
                        "in": "body",
                        "name": "body",
                        "description": "Party object that needs to be added to the Parties @TODO:// Is this really required?",
                        "required": true,
                        "schema": {
                            "$ref": "#/definitions/Party"
                        }
                    },
                    {
                        "in": "header",
                        "name": "Content-Type",
                        "description": "Content Type of request content",
                        "required": true,
                        "type": "string",
                        "default": "application/json"
                    },
                    {
                        "in": "header",
                        "name": "Financial-Id",
                        "description": "3 digit Alphabetical reflects the source entity",
                        "required": true,
                        "type": "string"
                    },
                    {
                        "in": "header",
                        "name": "Client-Timestamp",
                        "description": "Unix Timestamp with milliseconds precision",
                        "required": true,
                        "type": "number",
                        "format": "int64"
                    },
                    {
                        "in": "header",
                        "name": "Accept-Language",
                        "description": "Customer requested language as per ISO 639-1",
                        "required": false,
                        "type": "string",
                        "default": "en"
                    },
                    {
                        "in": "header",
                        "name": "Unique-Reference-Code",
                        "description": "Unique reference code for identification of each request sent to API",
                        "required": true,
                        "type": "string"
                    },
                    {
                        "in": "header",
                        "name": "Client-Ip",
                        "description": "IP of the customer",
                        "required": false,
                        "type": "string"
                    },
                    {
                        "in": "header",
                        "name": "Channel-Id",
                        "description": "Requesting channel",
                        "required": true,
                        "type": "string"
                    }
                ],
                "responses": {
                    "201": {
                        "description": "Created",
                        "headers": {
                            "Location": {
                                "type": "string",
                                "description": "Location of created resource"
                            },
                            "Warning": {
                                "type": "string",
                                "description": "Warning Header Specifying deprecation"
                            },
                            "Response-Timestamp": {
                                "description": "Unix Timestamp with milliseconds precision",
                                "type": "integer",
                                "format": "int64"
                            },
                            "Unique-Reference-Code": {
                                "description": "Unique reference code for identification of each request sent to API",
                                "type": "string"
                            },
                            "Access-Control-Allow-Headers": {
                                "type": "string",
                                "description": "The Access-Control-Allow-Headers response header is used in response to a preflight request to indicate which HTTP headers can be used during the actual request"
                            },
                            "Access-Control-Allow-Methods": {
                                "type": "string",
                                "description": "The Access-Control-Allow-Methods response header specifies the method or methods allowed when accessing the resource in response to a preflight request"
                            },
                            "Access-Control-Allow-Origin": {
                                "type": "string",
                                "description": "The Access-Control-Allow-Origin response header indicates whether the response can be shared with resources with the given origin"
                            },
                            "Access-Control-Max-Age": {
                                "type": "string",
                                "description": "The Access-Control-Max-Age response header indicates how long the results of a preflight request (that is the information contained in the Access-Control-Allow-Methods and Access-Control-Allow-Headers headers) can be cached"
                            },
                            "Content-Security-Policy": {
                                "type": "string",
                                "description": "Content Security Policy (CSP) is an added layer of security that helps to detect and mitigate certain types of attacks, including Cross Site Scripting (XSS) and data injection attacks"
                            },
                            "Strict-Transport-Security": {
                                "type": "string",
                                "description": "The HTTP Strict-Transport-Security response header (often abbreviated as HSTS)  lets a web site tell browsers that it should only be accessed using HTTPS, instead of using HTTP"
                            },
                            "X-Content-Type-Options": {
                                "type": "string",
                                "description": "The X-Content-Type-Options response HTTP header is a marker used by the server to indicate that the MIME types advertised in the Content-Type headers should not be changed and be followed"
                            }
                        }
                    },
                    "301": {
                        "description": "Moved Permanently"
                    },
                    "400": {
                        "description": "Bad Request",
                        "schema": {
                            "$ref": "#/definitions/Errors"
                        }
                    },
                    "401": {
                        "description": "Unauthorized"
                    },
                    "403": {
                        "description": "Forbidden"
                    },
                    "404": {
                        "description": "Not Found"
                    },
                    "405": {
                        "description": "Method Not Allowed"
                    },
                    "406": {
                        "description": "Not Acceptable"
                    },
                    "408": {
                        "description": "Request Timeout"
                    },
                    "409": {
                        "description": "Conflict"
                    },
                    "415": {
                        "description": "Unsupported Media Type"
                    },
                    "429": {
                        "description": "Too many requests"
                    },
                    "500": {
                        "description": "Internal Server Error"
                    },
                    "502": {
                        "description": "Bad Gateway"
                    },
                    "503": {
                        "description": "Service Unavailable"
                    },
                    "504": {
                        "description": "Gateway Timeout"
                    }
                },
                "security": []
            }
        },
        "/parties/{id}": {
            "parameters": [
                {
                    "in": "path",
                    "name": "id",
                    "type": "string",
                    "required": true,
                    "description": "Party Id"
                }
            ],
            "get": {
                "tags": [
                    "parties"
                ],
                "summary": "Returns details of party id specified",
                "description": "",
                "produces": [
                    "application/json"
                ],
                "parameters": [
                    {
                        "in": "header",
                        "name": "Authorization",
                        "description": "Authorization token required for accessing this resource.*Example: Bearer &lt;oauth_token&gt;*",
                        "required": true,
                        "type": "string"
                    },
                    {
                        "in": "header",
                        "name": "Accept",
                        "description": "Content Type required for response content",
                        "required": false,
                        "type": "string",
                        "default": "application/json"
                    },
                    {
                        "in": "header",
                        "name": "Financial-Id",
                        "description": "3 digit Alphabetical reflects the source entity",
                        "required": true,
                        "type": "string"
                    },
                    {
                        "in": "header",
                        "name": "Client-Timestamp",
                        "description": "Unix Timestamp with milliseconds precision",
                        "required": true,
                        "type": "number",
                        "format": "int64"
                    },
                    {
                        "in": "header",
                        "name": "Accept-Language",
                        "description": "Customer requested language as per ISO 639-1",
                        "required": false,
                        "type": "string",
                        "default": "en"
                    },
                    {
                        "in": "header",
                        "name": "Unique-Reference-Code",
                        "description": "Unique reference code for identification of each request sent to API",
                        "required": true,
                        "type": "string"
                    },
                    {
                        "in": "header",
                        "name": "Client-Ip",
                        "description": "IP of the customer",
                        "required": false,
                        "type": "string"
                    },
                    {
                        "in": "header",
                        "name": "Channel-Id",
                        "description": "Requesting channel",
                        "required": true,
                        "type": "string"
                    }
                ],
                "responses": {
                    "200": {
                        "description": "OK",
                        "schema": {
                            "$ref": "#/definitions/Party"
                        },
                        "headers": {
                            "Content-Type": {
                                "type": "string",
                                "description": "Content Type of response payload"
                            },
                            "Content-Length": {
                                "type": "string",
                                "description": "Content Length of response"
                            },
                            "Warning": {
                                "type": "string",
                                "description": "Warning Header Specifying deprecation"
                            },
                            "Unique-Reference-Code": {
                                "description": "Unique reference code for identification of each request sent to API",
                                "type": "string"
                            },
                            "Response-Timestamp": {
                                "description": "Unix Timestamp with milliseconds precision",
                                "type": "integer",
                                "format": "int64"
                            },
                            "Access-Control-Allow-Headers": {
                                "type": "string",
                                "description": "The Access-Control-Allow-Headers response header is used in response to a preflight request to indicate which HTTP headers can be used during the actual request"
                            },
                            "Access-Control-Allow-Methods": {
                                "type": "string",
                                "description": "The Access-Control-Allow-Methods response header specifies the method or methods allowed when accessing the resource in response to a preflight request"
                            },
                            "Access-Control-Allow-Origin": {
                                "type": "string",
                                "description": "The Access-Control-Allow-Origin response header indicates whether the response can be shared with resources with the given origin"
                            },
                            "Access-Control-Max-Age": {
                                "type": "string",
                                "description": "The Access-Control-Max-Age response header indicates how long the results of a preflight request (that is the information contained in the Access-Control-Allow-Methods and Access-Control-Allow-Headers headers) can be cached"
                            },
                            "Content-Security-Policy": {
                                "type": "string",
                                "description": "Content Security Policy (CSP) is an added layer of security that helps to detect and mitigate certain types of attacks, including Cross Site Scripting (XSS) and data injection attacks"
                            },
                            "Strict-Transport-Security": {
                                "type": "string",
                                "description": "The HTTP Strict-Transport-Security response header (often abbreviated as HSTS)  lets a web site tell browsers that it should only be accessed using HTTPS, instead of using HTTP"
                            },
                            "X-Content-Type-Options": {
                                "type": "string",
                                "description": "The X-Content-Type-Options response HTTP header is a marker used by the server to indicate that the MIME types advertised in the Content-Type headers should not be changed and be followed"
                            }
                        }
                    },
                    "301": {
                        "description": "Moved Permanently"
                    },
                    "400": {
                        "description": "Bad Request",
                        "schema": {
                            "$ref": "#/definitions/Errors"
                        }
                    },
                    "401": {
                        "description": "Unauthorized"
                    },
                    "403": {
                        "description": "Forbidden"
                    },
                    "404": {
                        "description": "Not Found"
                    },
                    "405": {
                        "description": "Method Not Allowed"
                    },
                    "406": {
                        "description": "Not Acceptable"
                    },
                    "408": {
                        "description": "Request Timeout"
                    },
                    "429": {
                        "description": "Too many requests"
                    },
                    "500": {
                        "description": "Internal Server Error"
                    },
                    "502": {
                        "description": "Bad Gateway"
                    },
                    "503": {
                        "description": "Service Unavailable"
                    },
                    "504": {
                        "description": "Gateway Timeout"
                    }
                }
            },
            "put": {
                "tags": [
                    "parties"
                ],
                "summary": "Updates the existing party id",
                "description": "",
                "consumes": [
                    "application/json"
                ],
                "parameters": [
                    {
                        "in": "header",
                        "name": "Authorization",
                        "description": "Authorization token required for accessing this resource.*Example: Bearer &lt;oauth_token&gt;*",
                        "required": true,
                        "type": "string"
                    },
                    {
                        "in": "body",
                        "name": "body",
                        "description": "Party object that needs to be updated",
                        "required": true,
                        "schema": {
                            "$ref": "#/definitions/Party"
                        }
                    },
                    {
                        "in": "header",
                        "name": "Content-Type",
                        "description": "Content Type of request content",
                        "required": true,
                        "type": "string",
                        "default": "application/json"
                    },
                    {
                        "in": "header",
                        "name": "Financial-Id",
                        "description": "3 digit Alphabetical reflects the source entity",
                        "required": true,
                        "type": "string"
                    },
                    {
                        "in": "header",
                        "name": "Client-Timestamp",
                        "description": "Unix Timestamp with milliseconds precision",
                        "required": true,
                        "type": "number",
                        "format": "int64"
                    },
                    {
                        "in": "header",
                        "name": "Accept-Language",
                        "description": "Customer requested language as per ISO 639-1",
                        "required": false,
                        "type": "string",
                        "default": "en"
                    },
                    {
                        "in": "header",
                        "name": "Unique-Reference-Code",
                        "description": "Unique reference code for identification of each request sent to API",
                        "required": true,
                        "type": "string"
                    },
                    {
                        "in": "header",
                        "name": "Client-Ip",
                        "description": "IP of the customer",
                        "required": false,
                        "type": "string"
                    },
                    {
                        "in": "header",
                        "name": "Channel-Id",
                        "description": "Requesting channel",
                        "required": true,
                        "type": "string"
                    }
                ],
                "responses": {
                    "204": {
                        "description": "No Content",
                        "headers": {
                            "Warning": {
                                "type": "string",
                                "description": "Warning Header Specifying deprecation"
                            },
                            "Unique-Reference-Code": {
                                "description": "Unique reference code for identification of each request sent to API",
                                "type": "string"
                            },
                            "Response-Timestamp": {
                                "description": "Unix Timestamp with milliseconds precision",
                                "type": "integer",
                                "format": "int64"
                            },
                            "Access-Control-Allow-Headers": {
                                "type": "string",
                                "description": "The Access-Control-Allow-Headers response header is used in response to a preflight request to indicate which HTTP headers can be used during the actual request"
                            },
                            "Access-Control-Allow-Methods": {
                                "type": "string",
                                "description": "The Access-Control-Allow-Methods response header specifies the method or methods allowed when accessing the resource in response to a preflight request"
                            },
                            "Access-Control-Allow-Origin": {
                                "type": "string",
                                "description": "The Access-Control-Allow-Origin response header indicates whether the response can be shared with resources with the given origin"
                            },
                            "Access-Control-Max-Age": {
                                "type": "string",
                                "description": "The Access-Control-Max-Age response header indicates how long the results of a preflight request (that is the information contained in the Access-Control-Allow-Methods and Access-Control-Allow-Headers headers) can be cached"
                            },
                            "Content-Security-Policy": {
                                "type": "string",
                                "description": "Content Security Policy (CSP) is an added layer of security that helps to detect and mitigate certain types of attacks, including Cross Site Scripting (XSS) and data injection attacks"
                            },
                            "Strict-Transport-Security": {
                                "type": "string",
                                "description": "The HTTP Strict-Transport-Security response header (often abbreviated as HSTS)  lets a web site tell browsers that it should only be accessed using HTTPS, instead of using HTTP"
                            },
                            "X-Content-Type-Options": {
                                "type": "string",
                                "description": "The X-Content-Type-Options response HTTP header is a marker used by the server to indicate that the MIME types advertised in the Content-Type headers should not be changed and be followed"
                            }
                        }
                    },
                    "301": {
                        "description": "Moved Permanently"
                    },
                    "400": {
                        "description": "Bad Request",
                        "schema": {
                            "$ref": "#/definitions/Errors"
                        }
                    },
                    "401": {
                        "description": "Unauthorized"
                    },
                    "403": {
                        "description": "Forbidden"
                    },
                    "404": {
                        "description": "Not Found"
                    },
                    "405": {
                        "description": "Method Not Allowed"
                    },
                    "406": {
                        "description": "Not Acceptable"
                    },
                    "408": {
                        "description": "Request Timeout"
                    },
                    "429": {
                        "description": "Too many requests"
                    },
                    "500": {
                        "description": "Internal Server Error"
                    },
                    "502": {
                        "description": "Bad Gateway"
                    },
                    "503": {
                        "description": "Service Unavailable"
                    },
                    "504": {
                        "description": "Gateway Timeout"
                    }
                },
                "security": []
            },
            "delete": {
                "tags": [
                    "parties"
                ],
                "summary": "Deletes the party id specified",
                "description": "***Note:** DELETE will be an atomic operation without any cascading affect. Actual resource will not be deleted, it will be only marked for deletion*",
                "parameters": [
                    {
                        "in": "header",
                        "name": "Authorization",
                        "description": "Authorization token required for accessing this resource.*Example: Bearer &lt;oauth_token&gt;*",
                        "required": true,
                        "type": "string"
                    },
                    {
                        "in": "header",
                        "name": "Financial-Id",
                        "description": "3 digit Alphabetical reflects the source entity",
                        "required": true,
                        "type": "string"
                    },
                    {
                        "in": "header",
                        "name": "Client-Timestamp",
                        "description": "Unix Timestamp with milliseconds precision",
                        "required": true,
                        "type": "integer",
                        "format": "int64"
                    },
                    {
                        "in": "header",
                        "name": "Accept-Language",
                        "description": "Customer requested language as per ISO 639-1",
                        "required": false,
                        "type": "string",
                        "default": "en"
                    },
                    {
                        "in": "header",
                        "name": "Unique-Reference-Code",
                        "description": "Unique reference code for identification of each request sent to API",
                        "required": true,
                        "type": "string"
                    },
                    {
                        "in": "header",
                        "name": "Client-Ip",
                        "description": "IP of the customer",
                        "required": false,
                        "type": "string"
                    },
                    {
                        "in": "header",
                        "name": "Channel-Id",
                        "description": "Requesting channel",
                        "required": true,
                        "type": "string"
                    }
                ],
                "responses": {
                    "204": {
                        "description": "No Content",
                        "headers": {
                            "Warning": {
                                "type": "string",
                                "description": "Warning Header Specifying deprecation"
                            },
                            "Unique-Reference-Code": {
                                "description": "Unique reference code for identification of each request sent to API",
                                "type": "string"
                            },
                            "Response-Timestamp": {
                                "description": "Unix Timestamp with milliseconds precision",
                                "type": "integer",
                                "format": "int64"
                            },
                            "Access-Control-Allow-Headers": {
                                "type": "string",
                                "description": "The Access-Control-Allow-Headers response header is used in response to a preflight request to indicate which HTTP headers can be used during the actual request"
                            },
                            "Access-Control-Allow-Methods": {
                                "type": "string",
                                "description": "The Access-Control-Allow-Methods response header specifies the method or methods allowed when accessing the resource in response to a preflight request"
                            },
                            "Access-Control-Allow-Origin": {
                                "type": "string",
                                "description": "The Access-Control-Allow-Origin response header indicates whether the response can be shared with resources with the given origin"
                            },
                            "Access-Control-Max-Age": {
                                "type": "string",
                                "description": "The Access-Control-Max-Age response header indicates how long the results of a preflight request (that is the information contained in the Access-Control-Allow-Methods and Access-Control-Allow-Headers headers) can be cached"
                            },
                            "Content-Security-Policy": {
                                "type": "string",
                                "description": "Content Security Policy (CSP) is an added layer of security that helps to detect and mitigate certain types of attacks, including Cross Site Scripting (XSS) and data injection attacks"
                            },
                            "Strict-Transport-Security": {
                                "type": "string",
                                "description": "The HTTP Strict-Transport-Security response header (often abbreviated as HSTS)  lets a web site tell browsers that it should only be accessed using HTTPS, instead of using HTTP"
                            },
                            "X-Content-Type-Options": {
                                "type": "string",
                                "description": "The X-Content-Type-Options response HTTP header is a marker used by the server to indicate that the MIME types advertised in the Content-Type headers should not be changed and be followed"
                            }
                        }
                    },
                    "301": {
                        "description": "Moved Permanently"
                    },
                    "400": {
                        "description": "Bad Request",
                        "schema": {
                            "$ref": "#/definitions/Errors"
                        }
                    },
                    "401": {
                        "description": "Unauthorized"
                    },
                    "403": {
                        "description": "Forbidden"
                    },
                    "404": {
                        "description": "Not Found"
                    },
                    "405": {
                        "description": "Method Not Allowed"
                    },
                    "406": {
                        "description": "Not Acceptable"
                    },
                    "408": {
                        "description": "Request Timeout"
                    },
                    "429": {
                        "description": "Too many requests"
                    },
                    "500": {
                        "description": "Internal Server Error"
                    },
                    "502": {
                        "description": "Bad Gateway"
                    },
                    "503": {
                        "description": "Service Unavailable"
                    },
                    "504": {
                        "description": "Gateway Timeout"
                    }
                }
            }
        },
        "/parties/types": {
            "get": {
                "tags": [
                    "parties"
                ],
                "summary": "Returns the types of parties",
                "description": "",
                "produces": [
                    "application/json"
                ],
                "parameters": [
                    {
                        "in": "header",
                        "name": "Authorization",
                        "description": "Authorization token required for accessing this resource.*Example: Bearer &lt;oauth_token&gt;*",
                        "required": true,
                        "type": "string"
                    },
                    {
                        "in": "header",
                        "name": "Accept",
                        "description": "Content Type required for response content",
                        "required": false,
                        "type": "string",
                        "default": "application/json"
                    },
                    {
                        "in": "header",
                        "name": "Financial-Id",
                        "description": "3 digit Alphabetical reflects the source entity",
                        "required": true,
                        "type": "string"
                    },
                    {
                        "in": "header",
                        "name": "Client-Timestamp",
                        "description": "Unix Timestamp with milliseconds precision",
                        "required": true,
                        "type": "number",
                        "format": "int64"
                    },
                    {
                        "in": "header",
                        "name": "Accept-Language",
                        "description": "Customer requested language as per ISO 639-1",
                        "required": false,
                        "type": "string",
                        "default": "en"
                    },
                    {
                        "in": "header",
                        "name": "Unique-Reference-Code",
                        "description": "Unique reference code for identification of each request sent to API",
                        "required": true,
                        "type": "string"
                    },
                    {
                        "in": "header",
                        "name": "Client-Ip",
                        "description": "IP of the customer",
                        "required": false,
                        "type": "string"
                    },
                    {
                        "in": "header",
                        "name": "Channel-Id",
                        "description": "Requesting channel",
                        "required": true,
                        "type": "string"
                    }
                ],
                "responses": {
                    "200": {
                        "description": "OK",
                        "schema": {
                            "$ref": "#/definitions/PartyTypes"
                        },
                        "headers": {
                            "Content-Type": {
                                "type": "string",
                                "description": "Content Type of response payload"
                            },
                            "Content-Length": {
                                "type": "string",
                                "description": "Content Length of response"
                            },
                            "Warning": {
                                "type": "string",
                                "description": "Warning Header Specifying deprecation"
                            },
                            "Unique-Reference-Code": {
                                "description": "Unique reference code for identification of each request sent to API",
                                "type": "string"
                            },
                            "Response-Timestamp": {
                                "description": "Unix Timestamp with milliseconds precision",
                                "type": "integer",
                                "format": "int64"
                            },
                            "Access-Control-Allow-Headers": {
                                "type": "string",
                                "description": "The Access-Control-Allow-Headers response header is used in response to a preflight request to indicate which HTTP headers can be used during the actual request"
                            },
                            "Access-Control-Allow-Methods": {
                                "type": "string",
                                "description": "The Access-Control-Allow-Methods response header specifies the method or methods allowed when accessing the resource in response to a preflight request"
                            },
                            "Access-Control-Allow-Origin": {
                                "type": "string",
                                "description": "The Access-Control-Allow-Origin response header indicates whether the response can be shared with resources with the given origin"
                            },
                            "Access-Control-Max-Age": {
                                "type": "string",
                                "description": "The Access-Control-Max-Age response header indicates how long the results of a preflight request (that is the information contained in the Access-Control-Allow-Methods and Access-Control-Allow-Headers headers) can be cached"
                            },
                            "Content-Security-Policy": {
                                "type": "string",
                                "description": "Content Security Policy (CSP) is an added layer of security that helps to detect and mitigate certain types of attacks, including Cross Site Scripting (XSS) and data injection attacks"
                            },
                            "Strict-Transport-Security": {
                                "type": "string",
                                "description": "The HTTP Strict-Transport-Security response header (often abbreviated as HSTS)  lets a web site tell browsers that it should only be accessed using HTTPS, instead of using HTTP"
                            },
                            "X-Content-Type-Options": {
                                "type": "string",
                                "description": "The X-Content-Type-Options response HTTP header is a marker used by the server to indicate that the MIME types advertised in the Content-Type headers should not be changed and be followed"
                            }
                        }
                    },
                    "301": {
                        "description": "Moved Permanently"
                    },
                    "400": {
                        "description": "Bad Request",
                        "schema": {
                            "$ref": "#/definitions/Errors"
                        }
                    },
                    "401": {
                        "description": "Unauthorized"
                    },
                    "403": {
                        "description": "Forbidden"
                    },
                    "404": {
                        "description": "Not Found"
                    },
                    "405": {
                        "description": "Method Not Allowed"
                    },
                    "406": {
                        "description": "Not Acceptable"
                    },
                    "408": {
                        "description": "Request Timeout"
                    },
                    "429": {
                        "description": "Too many requests"
                    },
                    "500": {
                        "description": "Internal Server Error"
                    },
                    "502": {
                        "description": "Bad Gateway"
                    },
                    "503": {
                        "description": "Service Unavailable"
                    },
                    "504": {
                        "description": "Gateway Timeout"
                    }
                }
            }
        },
        "/parties/types/{id}": {
            "parameters": [
                {
                    "in": "path",
                    "name": "id",
                    "type": "string",
                    "required": true,
                    "description": "Type Id"
                }
            ],
            "get": {
                "tags": [
                    "parties"
                ],
                "summary": "Returns details for type id specified",
                "description": "",
                "produces": [
                    "application/json"
                ],
                "parameters": [
                    {
                        "in": "header",
                        "name": "Authorization",
                        "description": "Authorization token required for accessing this resource.*Example: Bearer &lt;oauth_token&gt;*",
                        "required": true,
                        "type": "string"
                    },
                    {
                        "in": "header",
                        "name": "Accept",
                        "description": "Content Type required for response content",
                        "required": false,
                        "type": "string",
                        "default": "application/json"
                    },
                    {
                        "in": "header",
                        "name": "Financial-Id",
                        "description": "3 digit Alphabetical reflects the source entity",
                        "required": true,
                        "type": "string"
                    },
                    {
                        "in": "header",
                        "name": "Client-Timestamp",
                        "description": "Unix Timestamp with milliseconds precision",
                        "required": true,
                        "type": "number",
                        "format": "int64"
                    },
                    {
                        "in": "header",
                        "name": "Accept-Language",
                        "description": "Customer requested language as per ISO 639-1",
                        "required": false,
                        "type": "string",
                        "default": "en"
                    },
                    {
                        "in": "header",
                        "name": "Unique-Reference-Code",
                        "description": "Unique reference code for identification of each request sent to API",
                        "required": true,
                        "type": "string"
                    },
                    {
                        "in": "header",
                        "name": "Client-Ip",
                        "description": "IP of the customer",
                        "required": false,
                        "type": "string"
                    },
                    {
                        "in": "header",
                        "name": "Channel-Id",
                        "description": "Requesting channel",
                        "required": true,
                        "type": "string"
                    }
                ],
                "responses": {
                    "200": {
                        "description": "OK",
                        "schema": {
                            "$ref": "#/definitions/PartyType"
                        },
                        "headers": {
                            "Content-Type": {
                                "type": "string",
                                "description": "Content Type of response payload"
                            },
                            "Content-Length": {
                                "type": "string",
                                "description": "Content Length of response"
                            },
                            "Warning": {
                                "type": "string",
                                "description": "Warning Header Specifying deprecation"
                            },
                            "Unique-Reference-Code": {
                                "description": "Unique reference code for identification of each request sent to API",
                                "type": "string"
                            },
                            "Response-Timestamp": {
                                "description": "Unix Timestamp with milliseconds precision",
                                "type": "integer",
                                "format": "int64"
                            },
                            "Access-Control-Allow-Headers": {
                                "type": "string",
                                "description": "The Access-Control-Allow-Headers response header is used in response to a preflight request to indicate which HTTP headers can be used during the actual request"
                            },
                            "Access-Control-Allow-Methods": {
                                "type": "string",
                                "description": "The Access-Control-Allow-Methods response header specifies the method or methods allowed when accessing the resource in response to a preflight request"
                            },
                            "Access-Control-Allow-Origin": {
                                "type": "string",
                                "description": "The Access-Control-Allow-Origin response header indicates whether the response can be shared with resources with the given origin"
                            },
                            "Access-Control-Max-Age": {
                                "type": "string",
                                "description": "The Access-Control-Max-Age response header indicates how long the results of a preflight request (that is the information contained in the Access-Control-Allow-Methods and Access-Control-Allow-Headers headers) can be cached"
                            },
                            "Content-Security-Policy": {
                                "type": "string",
                                "description": "Content Security Policy (CSP) is an added layer of security that helps to detect and mitigate certain types of attacks, including Cross Site Scripting (XSS) and data injection attacks"
                            },
                            "Strict-Transport-Security": {
                                "type": "string",
                                "description": "The HTTP Strict-Transport-Security response header (often abbreviated as HSTS)  lets a web site tell browsers that it should only be accessed using HTTPS, instead of using HTTP"
                            },
                            "X-Content-Type-Options": {
                                "type": "string",
                                "description": "The X-Content-Type-Options response HTTP header is a marker used by the server to indicate that the MIME types advertised in the Content-Type headers should not be changed and be followed"
                            }
                        }
                    },
                    "301": {
                        "description": "Moved Permanently"
                    },
                    "400": {
                        "description": "Bad Request",
                        "schema": {
                            "$ref": "#/definitions/Errors"
                        }
                    },
                    "401": {
                        "description": "Unauthorized"
                    },
                    "403": {
                        "description": "Forbidden"
                    },
                    "404": {
                        "description": "Not Found"
                    },
                    "405": {
                        "description": "Method Not Allowed"
                    },
                    "406": {
                        "description": "Not Acceptable"
                    },
                    "408": {
                        "description": "Request Timeout"
                    },
                    "429": {
                        "description": "Too many requests"
                    },
                    "500": {
                        "description": "Internal Server Error"
                    },
                    "502": {
                        "description": "Bad Gateway"
                    },
                    "503": {
                        "description": "Service Unavailable"
                    },
                    "504": {
                        "description": "Gateway Timeout"
                    }
                }
            }
        }
    },
    "securityDefinitions": {},
    "definitions": {
        "Parties": {
            "type": "object",
            "required": [
                "parties"
            ],
            "properties": {
                "parties": {
                    "type": "array",
                    "items": {
                        "$ref": "#/definitions/Party"
                    }
                }
            }
        },
        "Party": {
            "type": "object",
            "required": [
                "id"
            ],
            "properties": {
                "id": {
                    "type": "string",
                    "description": "Unique Identifier for Party"
                },
                "typeId": {
                    "type": "string",
                    "description": "ID for party type"
                }
            },
            "additionalProperties": {
                "type": "string"
            }
        },
        "PartyTypes": {
            "type": "object",
            "required": [
                "partyTypes"
            ],
            "properties": {
                "partyTypes": {
                    "type": "array",
                    "items": {
                        "$ref": "#/definitions/PartyType"
                    }
                }
            }
        },
        "PartyType": {
            "type": "object",
            "required": [
                "id"
            ],
            "properties": {
                "id": {
                    "type": "string",
                    "description": "Unique Identifier for Party Type"
                },
                "nameInEnglish": {
                    "type": "string",
                    "description": "Name in English Language"
                },
                "descInEnglish": {
                    "type": "string",
                    "description": "Description in English Language"
                },
                "nameInArabic": {
                    "type": "string",
                    "description": "Name in Arabic Language"
                },
                "descInArabic": {
                    "type": "string",
                    "description": "Description in Arabic Language"
                }
            },
            "additionalProperties": {
                "type": "string"
            }
        },
        "Errors": {
            "type": "object",
            "required": [
                "errors"
            ],
            "properties": {
                "errors": {
                    "type": "array",
                    "items": {
                        "type": "object",
                        "properties": {
                            "type": {
                                "type": "string",
                                "description": "Category of error. *Example: Technical or Functional*"
                            },
                            "code": {
                                "type": "string",
                                "description": "Error Code"
                            },
                            "message": {
                                "type": "string",
                                "description": "Description of error"
                            }
                        },
                        "additionalProperties": {
                            "type": "string"
                        }
                    }
                }
            }
        }
    }
}