<?xml version="1.0" encoding="UTF-8"?>

<application xmlns="http://www.tibco.com/xmlns/ApplicationManagement" name="LEGOUK/LEGO_UK_EntityService">
	<repoInstanceName>%%DOMAIN%%-LEGO_UK_EntityService</repoInstanceName>
	<NVPairs name="Global Variables">
		<NameValuePair>
			<name>CacheManager/JMSExpiration(inSec)</name>
			<value>30</value>
		</NameValuePair>
		<NameValuePairInteger>
			<name>CacheManager/JMSRequestTimeout</name>
			<value>3000</value>
		</NameValuePairInteger>
		<NameValuePair>
			<name>CacheManager/RedisMasterConfig/maxActiveConnections</name>
			<value>20</value>
		</NameValuePair>
		<NameValuePair>
			<name>CacheManager/RedisMasterConfig/maxIdleConnections</name>
			<value>10</value>
		</NameValuePair>
		<NameValuePair>
			<name>CacheManager/RedisMasterConfig/port</name>
			<value>6379</value>
		</NameValuePair>
		<NameValuePairInteger>
			<name>CacheManager/RemoveExpiredCacheResources</name>
			<value>60000</value>
		</NameValuePairInteger>
		<NameValuePairInteger>
			<name>CacheManager/ServiceConfiguration/DBTimeOut</name>
			<value>10</value>
		</NameValuePairInteger>
		<NameValuePairBoolean>
			<name>CacheManager/ServiceConfiguration/IsAuditingEnabled</name>
			<value>false</value>
		</NameValuePairBoolean>
		<NameValuePair>
			<name>CacheManager/ServiceConfiguration/RedisCache</name>
			<value>true</value>
		</NameValuePair>
		<NameValuePairInteger>
			<name>CacheManager/ServiceConfiguration/TTLResource</name>
			<value>360000</value>
		</NameValuePairInteger>
		<NameValuePair>
			<name>CacheManager/log4jConfigFilePath</name>
			<value>/opt/tibco/tra/domain/TUI_TDAUKQA/uk_log4jRedis.properties</value>
		</NameValuePair>
		<NameValuePair>
			<name>CommonConfig/JMSDynamicProperties/Name.Status</name>
			<value>status</value>
		</NameValuePair>
		<NameValuePair>
			<name>CommonConfig/JMSDynamicProperties/Value.Failure</name>
			<value>failure</value>
		</NameValuePair>
		<NameValuePair>
			<name>CommonConfig/JMSDynamicProperties/Value.Success</name>
			<value>success</value>
		</NameValuePair>
		<NameValuePair>
			<name>CommonConfig/JMSExpirationSeconds</name>
			<value>0</value>
		</NameValuePair>
		<NameValuePair>
			<name>CommonConfig/ReloadResourceSTInterval</name>
			<value>3600000</value>
		</NameValuePair>
		<NameValuePairInteger>
			<name>CommonConfig/ReloadResourceTTLInterval</name>
			<value>60000</value>
		</NameValuePairInteger>
		<NameValuePair>
			<name>CommonConfig/RequestTimeoutMilliSec</name>
			<value>15</value>
		</NameValuePair>
		<NameValuePair>
			<name>CommonConfig/RetailList/CallCentreBookingType</name>
			<value>CALL;CALT;CALF</value>
		</NameValuePair>
		<NameValuePairInteger>
			<name>CommonConfig/RetailList/HeaderLineNo</name>
			<value>15</value>
		</NameValuePairInteger>
		<NameValuePairBoolean>
			<name>CommonConfig/RetailList/IsDBEnabled</name>
			<value>true</value>
		</NameValuePairBoolean>
		<NameValuePairBoolean>
			<name>CommonConfig/RetailList/IsRedisEnabled</name>
			<value>true</value>
		</NameValuePairBoolean>
		<NameValuePair>
			<name>CommonConfig/RetailList/OnLineBookingType</name>
			<value>ECOM;ECOF</value>
		</NameValuePair>
		<NameValuePair>
			<name>CommonConfig/RetailList/RetailBookingType</name>
			<value>IHR;INHS;INHE;IHRF;RSUP</value>
		</NameValuePair>
		<NameValuePair>
			<name>CommonConfig/RetailList/RetailListFTPDir</name>
			<value>tda</value>
		</NameValuePair>
		<NameValuePair>
			<name>CommonConfig/RetailList/RetailListFileName</name>
			<value>RetailList</value>
		</NameValuePair>
		<NameValuePair>
			<name>CommonConfig/RetailList/RetailListLocalDirPath</name>
			<value>/opt/tibco/TDA/LegoUK/RetailList/</value>
		</NameValuePair>
		<NameValuePair>
			<name>CommonConfig/RetailList/RetalListArchiveDirPath</name>
			<value>/opt/tibco/TDA/LegoUK/RetailList/RetailList_Archive/</value>
		</NameValuePair>
		<NameValuePair>
			<name>Connection/FTP/Host</name>
			<value>10.207.24.147</value>
		</NameValuePair>
		<NameValuePairPassword>
			<name>Connection/FTP/Password</name>
			<value>#!pwUmYLdHc9pjJF+gMf5/y/2ImuNNDOFH</value>
		</NameValuePairPassword>
		<NameValuePair>
			<name>Connection/FTP/Port</name>
			<value>21</value>
		</NameValuePair>
		<NameValuePairInteger>
			<name>Connection/FTP/Timeout</name>
			<value>60000</value>
		</NameValuePairInteger>
		<NameValuePair>
			<name>Connection/FTP/UserName</name>
			<value>userftp</value>
		</NameValuePair>
		<NameValuePair>
			<name>Connection/JDBC/Driver</name>
			<value>oracle.jdbc.driver.OracleDriver (thin)</value>
		</NameValuePair>
		<NameValuePairInteger>
			<name>Connection/JDBC/MaxConnection</name>
			<value>100</value>
		</NameValuePairInteger>
		<NameValuePair>
			<name>Connection/JDBC/MaxRow</name>
			<value>100</value>
		</NameValuePair>
		<NameValuePairPassword>
			<name>Connection/JDBC/Password</name>
			<value>#!oLyT1dlZAzC+4qgZmMCCh/Y6wb6d8bArIycue4Yrdhw=</value>
		</NameValuePairPassword>
		<NameValuePairInteger>
			<name>Connection/JDBC/Timeout</name>
			<value>20</value>
		</NameValuePairInteger>
		<NameValuePair>
			<name>Connection/JDBC/URL</name>
			<value>jdbc:oracle:thin:@delvmplltui07.sapient.com:1521:TUIDB</value>
		</NameValuePair>
		<NameValuePair>
			<name>Connection/JDBC/Username</name>
			<value>LEGOUKQA</value>
		</NameValuePair>
		<NameValuePair>
			<name>Connection/JMS/Expiration</name>
			<value>30</value>
		</NameValuePair>
		<NameValuePair>
			<name>Connection/JMS/JMSExpiration(inSec)</name>
			<value>3</value>
		</NameValuePair>
		<NameValuePairPassword>
			<name>Connection/JMS/JNDIPwd</name>
			<value>#!idxe7SELO7Ao2YsIbdf/DHaGnneYg7Zr</value>
		</NameValuePairPassword>
		<NameValuePair>
			<name>Connection/JMS/JNDIURL</name>
			<value>tibjmsnaming://10.207.24.153:7222</value>
		</NameValuePair>
		<NameValuePair>
			<name>Connection/JMS/JNDIUsername</name>
			<value>admin</value>
		</NameValuePair>
		<NameValuePairPassword>
			<name>Connection/JMS/Password</name>
			<value>#!B70WR3WX1MH3h6Xuvf5wGIcU4EqA8X3v</value>
		</NameValuePairPassword>
		<NameValuePair>
			<name>Connection/JMS/QueueConnectionFactory</name>
			<value>FTQueueConnectionFactory</value>
		</NameValuePair>
		<NameValuePair>
			<name>Connection/JMS/TopicConnectionFactory</name>
			<value>FTTopicConnectionFactory</value>
		</NameValuePair>
		<NameValuePair>
			<name>Connection/JMS/URL</name>
			<value>tcp://10.207.24.153:7222</value>
		</NameValuePair>
		<NameValuePair>
			<name>Connection/JMS/Username</name>
			<value>admin</value>
		</NameValuePair>
		<NameValuePair>
			<name>Connection/MongoDB/DATABASE</name>
			<value>booking</value>
		</NameValuePair>
		<NameValuePair>
			<name>Connection/MongoDB/PROPFILEPATH</name>
			<value>/opt/tibco/TUI_TDALEGOUKQA/MongoClient.properties</value>
		</NameValuePair>
		<NameValuePair>
			<name>Connection/MongoDB/URLS</name>
			<value>SLCDDBMONGO01.softlayer.com:27017;SLCDDBMONGO02.softlayer.com:27017;SLCDDBMONGO03.softlayer.com:27017</value>
		</NameValuePair>
		<NameValuePair>
			<name>DirLedger</name>
			<value>.</value>
		</NameValuePair>
		<NameValuePair>
			<name>DirTrace</name>
			<value>.</value>
		</NameValuePair>
		<NameValuePair>
			<name>EMSDestinations/DataServices/WeatherService/GetWeather</name>
			<value>TUI.GENERIC.QA.TDA.ENTERPRISEGETWEATHER.V2</value>
		</NameValuePair>
		<NameValuePair>
			<name>FunctionalServices/MyAppNames</name>
			<value>MyThomson,MyFirstChoice</value>
		</NameValuePair>
		<NameValuePair>
			<name>FunctionalServices/ResourceURI</name>
			<value>/bookings/</value>
		</NameValuePair>
		<NameValuePair>
			<name>FunctionalServices/defaultImage</name>
			<value>http://cdn.content.tuigroup.com/adamtui/2015_10/6_11/c8b08cf2-7709-4dcd-812a-a52900bd060f/last_minute.jpg?i10c=img.resize(width:1024,height:675)</value>
		</NameValuePair>
		<NameValuePair>
			<name>HawkEnabled</name>
			<value>false</value>
		</NameValuePair>
		<NameValuePair>
			<name>JmsProviderUrl</name>
			<value>tcp://localhost:7222</value>
		</NameValuePair>
		<NameValuePair>
			<name>JmsSslProviderUrl</name>
			<value>ssl://localhost:7243</value>
		</NameValuePair>
		<NameValuePair>
			<name>RemoteRvDaemon</name>
			<value/>
		</NameValuePair>
		<NameValuePair>
			<name>RvDaemon</name>
			<value>tcp:7500</value>
		</NameValuePair>
		<NameValuePair>
			<name>RvNetwork</name>
			<value/>
		</NameValuePair>
		<NameValuePair>
			<name>RvService</name>
			<value>7500</value>
		</NameValuePair>
		<NameValuePair>
			<name>RvaHost</name>
			<value>localhost</value>
		</NameValuePair>
		<NameValuePair>
			<name>RvaPort</name>
			<value>7600</value>
		</NameValuePair>
		<NameValuePair>
			<name>ServiceConfiguration/BOOKINGBYID</name>
			<value>BOOKINGBYID</value>
		</NameValuePair>
		<NameValuePair>
			<name>ServiceConfiguration/DataServices/AccomodationService/EndpointURL</name>
			<value>http://request-content.st3.thomsonprjuat.co.uk/IntegrationServices/Accommodation/GetAccommodationDetails_v1</value>
		</NameValuePair>
		<NameValuePair>
			<name>ServiceConfiguration/DataServices/AirportService/EndpointURL</name>
			<value>http://request-content.st3.thomsonprjuat.co.uk/IntegrationServices/AirportContents/GetAirportContentData_v1</value>
		</NameValuePair>
		<NameValuePairBoolean>
			<name>ServiceConfiguration/DataServices/BookingDataService/IsAuditingEnabled</name>
			<value>false</value>
		</NameValuePairBoolean>
		<NameValuePairBoolean>
			<name>ServiceConfiguration/DataServices/BookingDataService/IsCacheEnabled</name>
			<value>false</value>
		</NameValuePairBoolean>
		<NameValuePair>
			<name>ServiceConfiguration/DataServices/LocationService/EndpointURL</name>
			<value>http://request-content.st3.thomsonprjuat.co.uk/IntegrationServices/LocationContents/GetLocationContentData_v1</value>
		</NameValuePair>
		<NameValuePair>
			<name>ServiceConfiguration/DataServices/Timeout</name>
			<value>15</value>
		</NameValuePair>
		<NameValuePair>
			<name>ServiceConfiguration/EntityServices/DefaultImageURL</name>
			<value>http://cdn.content.tuigroup.com/adamtui/2015_10/6_11/c8b08cf2-7709-4dcd-812a-a52900bd060f/last_minute.jpg?i10c=img.resize(width:1024,height:675)</value>
		</NameValuePair>
		<NameValuePairBoolean>
			<name>ServiceConfiguration/EntityServices/EntityCacheEnabled</name>
			<value>true</value>
		</NameValuePairBoolean>
		<NameValuePair>
			<name>ServiceConfiguration/TTL_Booking</name>
			<value>1800</value>
		</NameValuePair>
		<NameValuePairInteger>
			<name>SessionManagerConfig/JMSRequestTimeout</name>
			<value>3000</value>
		</NameValuePairInteger>
		<NameValuePairInteger>
			<name>SessionManagerConfig/RemoveExpiredSessions</name>
			<value>60000</value>
		</NameValuePairInteger>
		<NameValuePair>
			<name>SessionManagerConfig/ResourceURI1</name>
			<value>/bookings/</value>
		</NameValuePair>
		<NameValuePairInteger>
			<name>SessionManagerConfig/TTL</name>
			<value>1800</value>
		</NameValuePairInteger>
		<NameValuePair>
			<name>SessionManagerConfig/isCacheEnabled</name>
			<value>true</value>
		</NameValuePair>
		<NameValuePair>
			<name>SessionManagerConfig/isDBEnabled</name>
			<value>true</value>
		</NameValuePair>
		<NameValuePair>
			<name>StubService/BookingDataService/EndpointURL</name>
			<value>http://10.207.24.153:9033/EndSystemStubs/UKEndSystemStubService.serviceagent/BookingPortTypeEndpoint1</value>
		</NameValuePair>
		<NameValuePairBoolean>
			<name>StubService/BookingDataService/isStubCall</name>
			<value>false</value>
		</NameValuePairBoolean>
		<NameValuePair>
			<name>TIBHawkDaemon</name>
			<value>tcp:7474</value>
		</NameValuePair>
		<NameValuePair>
			<name>TIBHawkNetwork</name>
			<value/>
		</NameValuePair>
		<NameValuePair>
			<name>TIBHawkService</name>
			<value>7474</value>
		</NameValuePair>
		<NameValuePair>
			<name>TibUnit/HTTP_Host</name>
			<value>localhost</value>
		</NameValuePair>
		<NameValuePair>
			<name>TibUnit/HTTP_Port</name>
			<value>8090</value>
		</NameValuePair>
		<NameValuePair>
			<name>TibUnit/isObtainedOutputRequired</name>
			<value>true</value>
		</NameValuePair>
		<NameValuePair>
			<name>Version/APIVersion</name>
			<value>V1</value>
		</NameValuePair>
		<NameValuePair>
			<name>Version/ImplementationVersion</name>
			<value>V1.6</value>
		</NameValuePair>
		<NameValuePair>
			<name>CacheManager/RedisSlaveConfig/port</name>
			<value>6379</value>
		</NameValuePair>
		<NameValuePair>
			<name>CacheManager/RedisSlaveConfig/maxActiveConnections</name>
			<value>40</value>
		</NameValuePair>
		<NameValuePair>
			<name>CacheManager/RedisSlaveConfig/maxIdleConnections</name>
			<value>20</value>
		</NameValuePair>
		<NameValuePair>
			<name>Connection/MongoDB/COLLECTION</name>
			<value>booking_UK_ST2</value>
		</NameValuePair>
		<NameValuePair>
			<name>Connection/MongoDB/PASSWORD</name>
			<value>9USzPe5</value>
		</NameValuePair>
		<NameValuePair>
			<name>Connection/MongoDB/USERNAME</name>
			<value>tester</value>
		</NameValuePair>
		<NameValuePair>
			<name>ENV</name>
			<value>TUI.LEGOUK.QA.TDA</value>
		</NameValuePair>
		<NameValuePair>
			<name>CacheManager/RedisDBIndex</name>
			<value>13</value>
		</NameValuePair>
		<NameValuePair>
			<name>CacheManager/RedisMasterConfig/hostName</name>
			<value>10.207.24.153</value>
		</NameValuePair>
		<NameValuePair>
			<name>CacheManager/RedisSlaveConfig/hostName</name>
			<value>localhost</value>
		</NameValuePair>
		<NameValuePair>
			<name>Connection/SMTP/ccEmail</name>
			<value>schaudhary60@sapient.com</value>
		</NameValuePair>
		<NameValuePair>
			<name>Connection/SMTP/fromEmail</name>
			<value>atrivedi2@sapient.com</value>
		</NameValuePair>
		<NameValuePair>
			<name>Connection/SMTP/toEmail</name>
			<value>atrivedi2@sapient.com</value>
		</NameValuePair>
		<NameValuePair>
			<name>EMSDestinations/DataServices/EmailService/NotificationQueue</name>
			<value>TUI.GENERIC.QA.TDA.EMAILNOTIFICATION</value>
		</NameValuePair>
		<NameValuePair>
			<name>StubService/ContentDataService/AccomEndpointURL</name>
			<value>http://10.207.24.153:9033/EndSystemStubs/UKEndSystemStubService.serviceagent/AccomodationPortTypeEndpoint1</value>
		</NameValuePair>
		<NameValuePair>
			<name>StubService/ContentDataService/AirportEndpointURL</name>
			<value>http://10.207.24.153:9033/EndSystemStubs/UKEndSystemStubService.serviceagent/AirportContentPortTypeEndpoint1</value>
		</NameValuePair>
		<NameValuePair>
			<name>StubService/ContentDataService/LocationEndpointURL</name>
			<value>http://10.207.24.153:9033/EndSystemStubs/UKEndSystemStubService.serviceagent/LocationDataPortTypeEndpoint1</value>
		</NameValuePair>
		<NameValuePair>
			<name>StubService/ContentDataService/isStubCall</name>
			<value>false</value>
		</NameValuePair>
		<NameValuePair>
			<name>ServiceConfiguration/DataServices/ApplicationId</name>
			<value>TUIGroup</value>
		</NameValuePair>
		<NameValuePairBoolean>
			<name>ServiceConfiguration/DataServices/IsAuditingEnabled</name>
			<value>true</value>
		</NameValuePairBoolean>
		<NameValuePairBoolean>
			<name>ServiceConfiguration/DataServices/IsCacheEnabled</name>
			<value>true</value>
		</NameValuePairBoolean>
		<NameValuePair>
			<name>ServiceConfiguration/DataServices/MessageType</name>
			<value>REQUEST</value>
		</NameValuePair>
		<NameValuePair>
			<name>ServiceConfiguration/DataServices/TimeToLive</name>
			<value>0</value>
		</NameValuePair>
		<NameValuePair>
			<name>TibUnit/ReportFileLocation</name>
			<value>/report/</value>
		</NameValuePair>
		<NameValuePairBoolean>
			<name>TibUnit/RunAllTests</name>
			<value>false</value>
		</NameValuePairBoolean>
		<NameValuePair>
			<name>TibUnit/RunSelectedTestsFilePath</name>
			<value>c:/tibunit_tests_run_1.txt</value>
		</NameValuePair>
		<NameValuePair>
			<name>TibUnit/TestDataFolder</name>
			<value>/testdata/</value>
		</NameValuePair>
		<NameValuePair>
			<name>TibUnit/TestSuiteFolder</name>
			<value>TibUnitTests/</value>
		</NameValuePair>
		<NameValuePair>
			<name>CommonConfig/Brands/FALCON</name>
			<value>FALCON</value>
		</NameValuePair>
		<NameValuePair>
			<name>CommonConfig/Brands/FALCONSUBBRANDS</name>
			<value>FN;FS;TI</value>
		</NameValuePair>
		<NameValuePair>
			<name>CommonConfig/Brands/FIRSTCHOICE</name>
			<value>FIRSTCHOICE</value>
		</NameValuePair>
		<NameValuePair>
			<name>CommonConfig/Brands/FIRSTCHOICEBRANDS</name>
			<value>FC</value>
		</NameValuePair>
		<NameValuePair>
			<name>CommonConfig/Brands/INCLUDED</name>
			<value>INCLUDED</value>
		</NameValuePair>
		<NameValuePair>
			<name>CommonConfig/Brands/INCUDEDBRANDS</name>
			<value>SK;SM;VL;RB;TH;FN;FS;TI;FC;FO</value>
		</NameValuePair>
		<NameValuePair>
			<name>CommonConfig/Brands/THOMSON</name>
			<value>THOMSON</value>
		</NameValuePair>
		<NameValuePair>
			<name>CommonConfig/Brands/THOMSONSUBBRANDS</name>
			<value>SK;SM;VL;TH</value>
		</NameValuePair>
		<NameValuePair>
			<name>CommonConfig/ReLoadBookingBrandsInterval</name>
			<value>86400000</value>
		</NameValuePair>
		<NameValuePair>
			<name>ServiceConfiguration/DataServices/DSBookingTTL</name>
			<value>41746</value>
		</NameValuePair>
		<NameValuePair>
			<name>ServiceConfiguration/DataServices/DSContentTTL</name>
			<value>1000</value>
		</NameValuePair>
	</NVPairs>
	<repoInstances selected="local">
		<httpRepoInstance/>
		<rvRepoInstance>
			<discoveryTimout>10</discoveryTimout>
			<regionalSubject/>
			<operationRetry>0</operationRetry>
		</rvRepoInstance>
		<localRepoInstance>
			<encoding>ISO8859-1</encoding>
		</localRepoInstance>
	</repoInstances>
	<services>
		<bw name="LEGO_UK_EntityService.par">
			<enabled>true</enabled>
			<bindings>
				<binding name="LEGO_UK_EntityService">
					<machine>delvmplltui25.sapient.com</machine>
					<product>
						<type>BW</type>
						<version>5.11</version>
						<location>/opt/tibco/bw/5.11</location>
					</product>
					<setting>
						<startOnBoot>false</startOnBoot>
						<enableVerbose>false</enableVerbose>
						<maxLogFileSize>20000</maxLogFileSize>
						<maxLogFileCount>5</maxLogFileCount>
						<threadCount>8</threadCount>
						<java>
							<initHeapSize>32</initHeapSize>
							<maxHeapSize>256</maxHeapSize>
							<threadStackSize>256</threadStackSize>
						</java>
					</setting>
					<shutdown>
						<checkpoint>false</checkpoint>
						<timeout>0</timeout>
					</shutdown>
				</binding>
			</bindings>
			<NVPairs name="Runtime Variables">
				<NameValuePair>
					<name>CacheManager/RedisSlaveConfig/maxActiveConnections</name>
					<value>40</value>
				</NameValuePair>
				<NameValuePair>
					<name>CacheManager/RedisSlaveConfig/maxIdleConnections</name>
					<value>20</value>
				</NameValuePair>
				<NameValuePair>
					<name>CacheManager/RedisSlaveConfig/port</name>
					<value>6379</value>
				</NameValuePair>
				<NameValuePair>
					<name>CacheManager/RedisSlaveConfig/hostName</name>
					<value>localhost</value>
				</NameValuePair>
			</NVPairs>
			<NVPairs name="Adapter SDK Properties">
				<NameValuePair>
					<name>Trace.Task.*</name>
					<value>false</value>
				</NameValuePair>
				<NameValuePair>
					<name>EnableMemorySavingMode</name>
					<value>false</value>
				</NameValuePair>
				<NameValuePair>
					<name>bw.engine.enableJobRecovery</name>
					<value>false</value>
				</NameValuePair>
				<NameValuePair>
					<name>bw.engine.autoCheckpointRestart</name>
					<value>true</value>
				</NameValuePair>
				<NameValuePair>
					<name>bw.engine.jobstats.enable</name>
					<value>false</value>
				</NameValuePair>
				<NameValuePair>
					<name>log.file.encoding</name>
					<value/>
				</NameValuePair>
				<NameValuePair>
					<name>bw.engine.emaEnabled</name>
					<value>false</value>
				</NameValuePair>
				<NameValuePair>
					<name>bw.container.service</name>
					<value/>
				</NameValuePair>
				<NameValuePair>
					<name>bw.container.service.rmi.port</name>
					<value>9995</value>
				</NameValuePair>
				<NameValuePair>
					<name>bw.platform.services.retreiveresources.Enabled</name>
					<value>false</value>
				</NameValuePair>
				<NameValuePair>
					<name>bw.platform.services.retreiveresources.Hostname</name>
					<value>localhost</value>
				</NameValuePair>
				<NameValuePair>
					<name>bw.platform.services.retreiveresources.Httpport</name>
					<value>8010</value>
				</NameValuePair>
				<NameValuePair>
					<name>bw.platform.services.retreiveresources.defaultEncoding</name>
					<value>ISO8859_1</value>
				</NameValuePair>
				<NameValuePair>
					<name>bw.platform.services.retreiveresources.enableLookups</name>
					<value>false</value>
				</NameValuePair>
				<NameValuePair>
					<name>bw.platform.services.retreiveresources.isSecure</name>
					<value>false</value>
				</NameValuePair>
				<NameValuePair>
					<name>bw.platform.services.retreiveresources.identity</name>
					<value>/Identity_HTTPConnection.id</value>
				</NameValuePair>
				<NameValuePair>
					<name>bw.log4j.configuration</name>
					<value/>
				</NameValuePair>
			</NVPairs>
			<failureCount>0</failureCount>
			<failureInterval>0</failureInterval>
			<bwprocesses>
				<bwprocess name="SharedResources/JavaGlobalInstance/RedisUtilityGlobal.serviceagent">
					<starter>RedisUtilityGlobal</starter>
					<enabled>true</enabled>
					<maxJob>0</maxJob>
					<activation>true</activation>
					<flowLimit>0</flowLimit>
				</bwprocess>
				<bwprocess name="ServiceLayer/EntityServices/GetLogin.process">
					<starter>JMS Queue Receiver</starter>
					<enabled>true</enabled>
					<maxJob>0</maxJob>
					<activation>true</activation>
					<flowLimit>0</flowLimit>
				</bwprocess>
				<bwprocess name="CommonProcess/ReloadStaticData.process">
					<starter>Timer</starter>
					<enabled>true</enabled>
					<maxJob>0</maxJob>
					<activation>true</activation>
					<flowLimit>0</flowLimit>
				</bwprocess>
				<bwprocess name="CommonProcess/ReLoadBookingBrands.process">
					<starter>Timer</starter>
					<enabled>true</enabled>
					<maxJob>0</maxJob>
					<activation>true</activation>
					<flowLimit>0</flowLimit>
				</bwprocess>
				<bwprocess name="CommonProcess/LoadOnEngineStartUp.process">
					<starter>onStartup</starter>
					<enabled>true</enabled>
					<maxJob>0</maxJob>
					<activation>true</activation>
					<flowLimit>0</flowLimit>
				</bwprocess>
				<bwprocess name="ServiceLayer/DataServices/InitMongoDBConnection.process">
					<starter>onStartup</starter>
					<enabled>true</enabled>
					<maxJob>0</maxJob>
					<activation>true</activation>
					<flowLimit>0</flowLimit>
				</bwprocess>
				<bwprocess name="ServiceLayer/EntityServices/GetContact.process">
					<starter>JMS Queue Receiver</starter>
					<enabled>true</enabled>
					<maxJob>0</maxJob>
					<activation>true</activation>
					<flowLimit>0</flowLimit>
				</bwprocess>
				<bwprocess name="ServiceLayer/EntityServices/GetBookingByID.process">
					<starter>JMS Queue Receiver</starter>
					<enabled>true</enabled>
					<maxJob>0</maxJob>
					<activation>true</activation>
					<flowLimit>0</flowLimit>
				</bwprocess>
				<bwprocess name="CacheManager/Client/ReLoadResourceTTL.process">
					<starter>Timer</starter>
					<enabled>true</enabled>
					<maxJob>0</maxJob>
					<activation>true</activation>
					<flowLimit>0</flowLimit>
				</bwprocess>
				<bwprocess name="ServiceLayer/EntityServices/GetAccommodation.process">
					<starter>AccomQueueReceiver</starter>
					<enabled>true</enabled>
					<maxJob>0</maxJob>
					<activation>true</activation>
					<flowLimit>0</flowLimit>
				</bwprocess>
				<bwprocess name="ServiceLayer/EntityServices/GetBookings.process">
					<starter>JMS Queue Receiver</starter>
					<enabled>true</enabled>
					<maxJob>0</maxJob>
					<activation>true</activation>
					<flowLimit>0</flowLimit>
				</bwprocess>
				<bwprocess name="ServiceLayer/EntityServices/GetWeather.process">
					<starter>JMS Queue Receiver</starter>
					<enabled>true</enabled>
					<maxJob>0</maxJob>
					<activation>true</activation>
					<flowLimit>0</flowLimit>
				</bwprocess>
				<bwprocess name="SharedResources/JavaGlobalInstance/MongoDBConnection.serviceagent">
					<starter>MongoDBConnection</starter>
					<enabled>true</enabled>
					<maxJob>0</maxJob>
					<activation>true</activation>
					<flowLimit>0</flowLimit>
				</bwprocess>
				<bwprocess name="CacheManager/Client/LoadResourceTTL.process">
					<starter>onStartup</starter>
					<enabled>true</enabled>
					<maxJob>0</maxJob>
					<activation>true</activation>
					<flowLimit>0</flowLimit>
				</bwprocess>
				<bwprocess name="ServiceLayer/EntityServices/GetDestination.process">
					<starter>JMS Queue Receiver</starter>
					<enabled>true</enabled>
					<maxJob>0</maxJob>
					<activation>true</activation>
					<flowLimit>0</flowLimit>
				</bwprocess>
				<bwprocess name="ServiceLayer/EntityServices/GetTransport.process">
					<starter>JMS Queue Receiver</starter>
					<enabled>true</enabled>
					<maxJob>0</maxJob>
					<activation>true</activation>
					<flowLimit>0</flowLimit>
				</bwprocess>
			</bwprocesses>
			<checkpoints selected="Local File">
				<checkpoint>Local File</checkpoint>
				<checkpoint>/SharedResources/Connection/JDBC/JDBCConnection</checkpoint>
				<tablePrefix>LEGO_UK_En_56740671</tablePrefix>
			</checkpoints>
			<isFt>false</isFt>
		</bw>
	</services>
</application>