<?xml version="1.0" encoding="UTF-8"?>

<application xmlns="http://www.tibco.com/xmlns/ApplicationManagement" name="LEGOUK/LEGO_UK_UtilityServicesV2">
    <repoInstanceName>%%DOMAIN%%-LEGO_UK_UtilityServicesV2</repoInstanceName>
    <NVPairs name="Global Variables">
        <NameValuePair>
            <name>CacheManager/JMSExpiration(inSec)</name>
            <value>30</value>
        </NameValuePair>
        <NameValuePairInteger>
            <name>CacheManager/JMSRequestTimeout</name>
            <value>3000</value>
        </NameValuePairInteger>
        <NameValuePairInteger>
            <name>CacheManager/RedisDBIndex</name>
            <value>13</value>
        </NameValuePairInteger>
        <NameValuePair>
            <name>CacheManager/RedisMasterConfig/hostName</name>
            <value>10.207.24.153</value>
        </NameValuePair>
        <NameValuePair>
            <name>CacheManager/RedisMasterConfig/maxActiveConnections</name>
            <value>20</value>
        </NameValuePair>
        <NameValuePair>
            <name>CacheManager/RedisMasterConfig/maxIdleConnections</name>
            <value>10</value>
        </NameValuePair>
        <NameValuePair>
            <name>CacheManager/RedisMasterConfig/port</name>
            <value>6379</value>
        </NameValuePair>
        <NameValuePairInteger>
            <name>CacheManager/RemoveExpiredCacheResources</name>
            <value>60000</value>
        </NameValuePairInteger>
        <NameValuePairBoolean>
            <name>CacheManager/ServiceConfiguration/DBCache</name>
            <value>false</value>
        </NameValuePairBoolean>
        <NameValuePairInteger>
            <name>CacheManager/ServiceConfiguration/DBTimeOut</name>
            <value>10</value>
        </NameValuePairInteger>
        <NameValuePairBoolean>
            <name>CacheManager/ServiceConfiguration/RedisCache</name>
            <value>true</value>
        </NameValuePairBoolean>
        <NameValuePairInteger>
            <name>CacheManager/ServiceConfiguration/TTLResource</name>
            <value>360000</value>
        </NameValuePairInteger>
        <NameValuePair>
            <name>CacheManager/log4jConfigFilePath</name>
            <value>/opt/tibco/tra/domain/TUI_TDAUKQA/uk_log4jRedis.properties</value>
        </NameValuePair>
        <NameValuePairInteger>
            <name>CommonConfig/ReloadResourceTTLInterval</name>
            <value>60000</value>
        </NameValuePairInteger>
        <NameValuePair>
            <name>CommonConfig/TTL</name>
            <value>21600</value>
        </NameValuePair>
        <NameValuePair>
            <name>Connection/JDBC/Driver</name>
            <value>oracle.jdbc.driver.OracleDriver (thin)</value>
        </NameValuePair>
        <NameValuePairInteger>
            <name>Connection/JDBC/MaxConnection</name>
            <value>100</value>
        </NameValuePairInteger>
        <NameValuePair>
            <name>Connection/JDBC/MaxRow</name>
            <value>100</value>
        </NameValuePair>
        <NameValuePairPassword>
            <name>Connection/JDBC/Password</name>
            <value>#!oLyT1dlZAzC+4qgZmMCCh/Y6wb6d8bArIycue4Yrdhw=</value>
        </NameValuePairPassword>
        <NameValuePairInteger>
            <name>Connection/JDBC/Timeout</name>
            <value>20</value>
        </NameValuePairInteger>
        <NameValuePair>
            <name>Connection/JDBC/URL</name>
            <value>jdbc:oracle:thin:@delvmplltui07.sapient.com:1521:TUIDB</value>
        </NameValuePair>
        <NameValuePair>
            <name>Connection/JDBC/Username</name>
            <value>LEGOUKQA</value>
        </NameValuePair>
        <NameValuePair>
            <name>Connection/JMS/JMSExpiration(inSec)</name>
            <value>3</value>
        </NameValuePair>
        <NameValuePairPassword>
            <name>Connection/JMS/JNDIPwd</name>
            <value>#!plRLupyrl46G69Eya2IWLx1Tvi9D8L13</value>
        </NameValuePairPassword>
        <NameValuePair>
            <name>Connection/JMS/JNDIURL</name>
            <value>tibjmsnaming://10.207.24.153:7222</value>
        </NameValuePair>
        <NameValuePair>
            <name>Connection/JMS/JNDIUsername</name>
            <value>admin</value>
        </NameValuePair>
        <NameValuePairPassword>
            <name>Connection/JMS/Password</name>
            <value>#!xFxnCv2NWXNaS35SvQciyypAq2MeFhuF</value>
        </NameValuePairPassword>
        <NameValuePair>
            <name>Connection/JMS/QueueConnectionFactory</name>
            <value>FTQueueConnectionFactory</value>
        </NameValuePair>
        <NameValuePair>
            <name>Connection/JMS/TopicConnectionFactory</name>
            <value>FTTopicConnectionFactory</value>
        </NameValuePair>
        <NameValuePair>
            <name>Connection/JMS/URL</name>
            <value>tcp://10.207.24.153:7222</value>
        </NameValuePair>
        <NameValuePair>
            <name>Connection/JMS/Username</name>
            <value>admin</value>
        </NameValuePair>
        <NameValuePair>
            <name>DirLedger</name>
            <value>.</value>
        </NameValuePair>
        <NameValuePair>
            <name>DirTrace</name>
            <value>.</value>
        </NameValuePair>
        <NameValuePair>
            <name>ENV</name>
            <value>TUI.LEGOUK.QA.TDA</value>
        </NameValuePair>
        <NameValuePair>
            <name>HawkEnabled</name>
            <value>false</value>
        </NameValuePair>
        <NameValuePair>
            <name>JmsProviderUrl</name>
            <value>tcp://localhost:7222</value>
        </NameValuePair>
        <NameValuePair>
            <name>JmsSslProviderUrl</name>
            <value>ssl://localhost:7243</value>
        </NameValuePair>
        <NameValuePair>
            <name>RemoteRvDaemon</name>
            <value></value>
        </NameValuePair>
        <NameValuePair>
            <name>RvDaemon</name>
            <value>tcp:7500</value>
        </NameValuePair>
        <NameValuePair>
            <name>RvNetwork</name>
            <value></value>
        </NameValuePair>
        <NameValuePair>
            <name>RvService</name>
            <value>7500</value>
        </NameValuePair>
        <NameValuePair>
            <name>RvaHost</name>
            <value>localhost</value>
        </NameValuePair>
        <NameValuePair>
            <name>RvaPort</name>
            <value>7600</value>
        </NameValuePair>
        <NameValuePairInteger>
            <name>SessionManagerConfig/JMSRequestTimeout</name>
            <value>3000</value>
        </NameValuePairInteger>
        <NameValuePairInteger>
            <name>SessionManagerConfig/RemoveExpiredSessions</name>
            <value>60000</value>
        </NameValuePairInteger>
        <NameValuePair>
            <name>SessionManagerConfig/ResourceURI1</name>
            <value>/bookings/</value>
        </NameValuePair>
        <NameValuePairInteger>
            <name>SessionManagerConfig/TTL</name>
            <value>1800</value>
        </NameValuePairInteger>
        <NameValuePair>
            <name>SessionManagerConfig/isCacheEnabled</name>
            <value>false</value>
        </NameValuePair>
        <NameValuePair>
            <name>SessionManagerConfig/isDBEnabled</name>
            <value>true</value>
        </NameValuePair>
        <NameValuePair>
            <name>TIBHawkDaemon</name>
            <value>tcp:7474</value>
        </NameValuePair>
        <NameValuePair>
            <name>TIBHawkNetwork</name>
            <value></value>
        </NameValuePair>
        <NameValuePair>
            <name>TIBHawkService</name>
            <value>7474</value>
        </NameValuePair>
        <NameValuePair>
            <name>CacheManager/RedisSlaveConfig/maxIdleConnections</name>
            <value>20</value>
        </NameValuePair>
        <NameValuePair>
            <name>CacheManager/RedisSlaveConfig/maxActiveConnections</name>
            <value>40</value>
        </NameValuePair>
        <NameValuePair>
            <name>CacheManager/RedisSlaveConfig/hostName</name>
            <value>localhost</value>
        </NameValuePair>
        <NameValuePair>
            <name>CacheManager/RedisSlaveConfig/port</name>
            <value>6379</value>
        </NameValuePair>
    </NVPairs>
    <repoInstances selected="local">
        <httpRepoInstance></httpRepoInstance>
        <rvRepoInstance>
            <discoveryTimout>10</discoveryTimout>
            <regionalSubject></regionalSubject>
            <operationRetry>0</operationRetry>
        </rvRepoInstance>
        <localRepoInstance>
            <encoding>ISO8859-1</encoding>
        </localRepoInstance>
    </repoInstances>
    <services>
        <bw name="CacheManagerV2.par">
            <enabled>true</enabled>
            <bindings>
                <binding name="LEGO_UK_CacheManagerV2">
                    <machine>delvmplltui25.sapient.com</machine>
                    <product>
                        <type>BW</type>
                        <version>5.11</version>
                        <location>/opt/tibco/bw/5.11</location>
                    </product>
                    <setting>
                        <startOnBoot>false</startOnBoot>
                        <enableVerbose>false</enableVerbose>
                        <maxLogFileSize>20000</maxLogFileSize>
                        <maxLogFileCount>5</maxLogFileCount>
                        <threadCount>8</threadCount>
                        <java>
                            <initHeapSize>32</initHeapSize>
                            <maxHeapSize>256</maxHeapSize>
                            <threadStackSize>256</threadStackSize>
                        </java>
                    </setting>
                    <shutdown>
                        <checkpoint>false</checkpoint>
                        <timeout>0</timeout>
                    </shutdown>
                </binding>
            </bindings>
            <NVPairs name="Runtime Variables">
                <NameValuePair>
                    <name>CacheManager/RedisSlaveConfig/maxIdleConnections</name>
                    <value>20</value>
                </NameValuePair>
                <NameValuePair>
                    <name>CacheManager/RedisSlaveConfig/maxActiveConnections</name>
                    <value>40</value>
                </NameValuePair>
                <NameValuePair>
                    <name>CacheManager/RedisSlaveConfig/hostName</name>
                    <value>localhost</value>
                </NameValuePair>
                <NameValuePair>
                    <name>CacheManager/RedisSlaveConfig/port</name>
                    <value>6379</value>
                </NameValuePair>
            </NVPairs>
            <NVPairs name="Adapter SDK Properties">
                <NameValuePair>
                    <name>Trace.Task.*</name>
                    <value>false</value>
                </NameValuePair>
                <NameValuePair>
                    <name>EnableMemorySavingMode</name>
                    <value>false</value>
                </NameValuePair>
                <NameValuePair>
                    <name>bw.engine.enableJobRecovery</name>
                    <value>false</value>
                </NameValuePair>
                <NameValuePair>
                    <name>bw.engine.autoCheckpointRestart</name>
                    <value>true</value>
                </NameValuePair>
                <NameValuePair>
                    <name>bw.engine.jobstats.enable</name>
                    <value>false</value>
                </NameValuePair>
                <NameValuePair>
                    <name>log.file.encoding</name>
                    <value></value>
                </NameValuePair>
                <NameValuePair>
                    <name>bw.engine.emaEnabled</name>
                    <value>false</value>
                </NameValuePair>
                <NameValuePair>
                    <name>bw.container.service</name>
                    <value></value>
                </NameValuePair>
                <NameValuePair>
                    <name>bw.container.service.rmi.port</name>
                    <value>9995</value>
                </NameValuePair>
                <NameValuePair>
                    <name>bw.platform.services.retreiveresources.Enabled</name>
                    <value>false</value>
                </NameValuePair>
                <NameValuePair>
                    <name>bw.platform.services.retreiveresources.Hostname</name>
                    <value>localhost</value>
                </NameValuePair>
                <NameValuePair>
                    <name>bw.platform.services.retreiveresources.Httpport</name>
                    <value>8010</value>
                </NameValuePair>
                <NameValuePair>
                    <name>bw.platform.services.retreiveresources.defaultEncoding</name>
                    <value>ISO8859_1</value>
                </NameValuePair>
                <NameValuePair>
                    <name>bw.platform.services.retreiveresources.enableLookups</name>
                    <value>false</value>
                </NameValuePair>
                <NameValuePair>
                    <name>bw.platform.services.retreiveresources.isSecure</name>
                    <value>false</value>
                </NameValuePair>
                <NameValuePair>
                    <name>bw.platform.services.retreiveresources.identity</name>
                    <value>/Identity_HTTPConnection.id</value>
                </NameValuePair>
                <NameValuePair>
                    <name>bw.log4j.configuration</name>
                    <value></value>
                </NameValuePair>
                <NameValuePair>
                    <name>bw.plugin.http.client.usePersistentConnectionManager</name>
                    <value>true</value>
                </NameValuePair>
                <NameValuePair>
                    <name>bw.plugin.http.client.usePersistentConnectionManagerForSSL</name>
                    <value>true</value>
                </NameValuePair>
                <NameValuePair>
                    <name>bw.plugin.http.client.maxConnectionsPerHost</name>
                    <value>256</value>
                </NameValuePair>
                <NameValuePair>
                    <name>bw.plugin.http.client.maxTotalConnections</name>
                    <value>512</value>
                </NameValuePair>
                <NameValuePair>
                    <name>bw.plugin.http.client.connectionTimeout</name>
                    <value>20000</value>
                </NameValuePair>
                <NameValuePair>
                    <name>java.property.com.sun.management.jmxremote</name>
                    <value>false</value>
                </NameValuePair>
                <NameValuePair>
                    <name>java.property.com.sun.management.jmxremote.port</name>
                    <value>0</value>
                </NameValuePair>
                <NameValuePair>
                    <name>java.property.com.sun.management.jmxremote.authenticate</name>
                    <value>false</value>
                </NameValuePair>
                <NameValuePair>
                    <name>java.property.com.sun.management.jmxremote.ssl</name>
                    <value>false</value>
                </NameValuePair>
                <NameValuePair>
                    <name>bw.plugin.http.server.maxProcessors</name>
                    <value>100</value>
                </NameValuePair>
                <NameValuePair>
                    <name>bw.plugin.http.server.maxSpareProcessors</name>
                    <value>100</value>
                </NameValuePair>
                <NameValuePair>
                    <name>bw.plugin.http.client.checkForStaleConnections</name>
                    <value>true</value>
                </NameValuePair>
                <NameValuePair>
                    <name>bw.plugin.jms.recoverOnStartupError</name>
                    <value>true</value>
                </NameValuePair>
                <NameValuePair>
                    <name>bw.plugin.http.server.acceptCount</name>
                    <value>100</value>
                </NameValuePair>
                <NameValuePair>
                    <name>bw.plugin.http.server.serverType</name>
                    <value>Tomcat</value>
                </NameValuePair>
                <NameValuePair>
                    <name>bw.plugin.http.client.ResponseThreadPool</name>
                    <value>50</value>
                </NameValuePair>
            </NVPairs>
            <failureCount>0</failureCount>
            <failureInterval>0</failureInterval>
            <bwprocesses>
                <bwprocess name="SharedResources/JavaGlobalInstance/RedisUtilityGlobal.serviceagent">
                    <starter>RedisUtilityGlobal</starter>
                    <enabled>true</enabled>
                    <maxJob>0</maxJob>
                    <activation>true</activation>
                    <flowLimit>0</flowLimit>
                </bwprocess>
                <bwprocess name="CacheManager/Client/LoadResourceTTL.process">
                    <starter>onStartup</starter>
                    <enabled>true</enabled>
                    <maxJob>0</maxJob>
                    <activation>true</activation>
                    <flowLimit>0</flowLimit>
                </bwprocess>
                <bwprocess name="CacheManager/Server/RemoveExpiredCacheFromDB.process">
                    <starter>Timer</starter>
                    <enabled>true</enabled>
                    <maxJob>0</maxJob>
                    <activation>true</activation>
                    <flowLimit>0</flowLimit>
                </bwprocess>
                <bwprocess name="CacheManager/Client/ReLoadResourceTTL.process">
                    <starter>Timer</starter>
                    <enabled>true</enabled>
                    <maxJob>0</maxJob>
                    <activation>true</activation>
                    <flowLimit>0</flowLimit>
                </bwprocess>
                <bwprocess name="CacheManager/Server/StoreResource.process">
                    <starter>StoreResourceJMSReceiver</starter>
                    <enabled>true</enabled>
                    <maxJob>0</maxJob>
                    <activation>true</activation>
                    <flowLimit>0</flowLimit>
                </bwprocess>
            </bwprocesses>
            <checkpoints selected="Local File">
                <checkpoint>Local File</checkpoint>
                <checkpoint>/SharedResources/Connection/JDBC/JDBCConnection</checkpoint>
                <tablePrefix>CacheManag_90207088</tablePrefix>
            </checkpoints>
            <isFt>false</isFt>
        </bw>
        <bw name="SessionManagerV2.par">
            <enabled>true</enabled>
            <bindings>
                <binding name="LEGO_UK_SessionManagerV2">
                    <machine>delvmplltui25.sapient.com</machine>
                    <product>
                        <type>BW</type>
                        <version>5.11</version>
                        <location>/opt/tibco/bw/5.11</location>
                    </product>
                    <setting>
                        <startOnBoot>false</startOnBoot>
                        <enableVerbose>false</enableVerbose>
                        <maxLogFileSize>20000</maxLogFileSize>
                        <maxLogFileCount>5</maxLogFileCount>
                        <threadCount>8</threadCount>
                        <java>
                            <initHeapSize>32</initHeapSize>
                            <maxHeapSize>256</maxHeapSize>
                            <threadStackSize>256</threadStackSize>
                        </java>
                    </setting>
                    <shutdown>
                        <checkpoint>false</checkpoint>
                        <timeout>0</timeout>
                    </shutdown>
                </binding>
            </bindings>
            <NVPairs name="Runtime Variables">
                <NameValuePair>
                    <name>CacheManager/RedisSlaveConfig/maxIdleConnections</name>
                    <value>20</value>
                </NameValuePair>
                <NameValuePair>
                    <name>CacheManager/RedisSlaveConfig/maxActiveConnections</name>
                    <value>40</value>
                </NameValuePair>
                <NameValuePair>
                    <name>CacheManager/RedisSlaveConfig/hostName</name>
                    <value>localhost</value>
                </NameValuePair>
                <NameValuePair>
                    <name>CacheManager/RedisSlaveConfig/port</name>
                    <value>6379</value>
                </NameValuePair>
            </NVPairs>
            <NVPairs name="Adapter SDK Properties">
                <NameValuePair>
                    <name>Trace.Task.*</name>
                    <value>false</value>
                </NameValuePair>
                <NameValuePair>
                    <name>EnableMemorySavingMode</name>
                    <value>false</value>
                </NameValuePair>
                <NameValuePair>
                    <name>bw.engine.enableJobRecovery</name>
                    <value>false</value>
                </NameValuePair>
                <NameValuePair>
                    <name>bw.engine.autoCheckpointRestart</name>
                    <value>true</value>
                </NameValuePair>
                <NameValuePair>
                    <name>bw.engine.jobstats.enable</name>
                    <value>false</value>
                </NameValuePair>
                <NameValuePair>
                    <name>log.file.encoding</name>
                    <value></value>
                </NameValuePair>
                <NameValuePair>
                    <name>bw.engine.emaEnabled</name>
                    <value>false</value>
                </NameValuePair>
                <NameValuePair>
                    <name>bw.container.service</name>
                    <value></value>
                </NameValuePair>
                <NameValuePair>
                    <name>bw.container.service.rmi.port</name>
                    <value>9995</value>
                </NameValuePair>
                <NameValuePair>
                    <name>bw.platform.services.retreiveresources.Enabled</name>
                    <value>false</value>
                </NameValuePair>
                <NameValuePair>
                    <name>bw.platform.services.retreiveresources.Hostname</name>
                    <value>localhost</value>
                </NameValuePair>
                <NameValuePair>
                    <name>bw.platform.services.retreiveresources.Httpport</name>
                    <value>8010</value>
                </NameValuePair>
                <NameValuePair>
                    <name>bw.platform.services.retreiveresources.defaultEncoding</name>
                    <value>ISO8859_1</value>
                </NameValuePair>
                <NameValuePair>
                    <name>bw.platform.services.retreiveresources.enableLookups</name>
                    <value>false</value>
                </NameValuePair>
                <NameValuePair>
                    <name>bw.platform.services.retreiveresources.isSecure</name>
                    <value>false</value>
                </NameValuePair>
                <NameValuePair>
                    <name>bw.platform.services.retreiveresources.identity</name>
                    <value>/Identity_HTTPConnection.id</value>
                </NameValuePair>
                <NameValuePair>
                    <name>bw.log4j.configuration</name>
                    <value></value>
                </NameValuePair>
                <NameValuePair>
                    <name>bw.plugin.http.client.usePersistentConnectionManager</name>
                    <value>true</value>
                </NameValuePair>
                <NameValuePair>
                    <name>bw.plugin.http.client.usePersistentConnectionManagerForSSL</name>
                    <value>true</value>
                </NameValuePair>
                <NameValuePair>
                    <name>bw.plugin.http.client.maxConnectionsPerHost</name>
                    <value>256</value>
                </NameValuePair>
                <NameValuePair>
                    <name>bw.plugin.http.client.maxTotalConnections</name>
                    <value>512</value>
                </NameValuePair>
                <NameValuePair>
                    <name>bw.plugin.http.client.connectionTimeout</name>
                    <value>20000</value>
                </NameValuePair>
                <NameValuePair>
                    <name>java.property.com.sun.management.jmxremote</name>
                    <value>false</value>
                </NameValuePair>
                <NameValuePair>
                    <name>java.property.com.sun.management.jmxremote.port</name>
                    <value>0</value>
                </NameValuePair>
                <NameValuePair>
                    <name>java.property.com.sun.management.jmxremote.authenticate</name>
                    <value>false</value>
                </NameValuePair>
                <NameValuePair>
                    <name>java.property.com.sun.management.jmxremote.ssl</name>
                    <value>false</value>
                </NameValuePair>
                <NameValuePair>
                    <name>bw.plugin.http.server.maxProcessors</name>
                    <value>100</value>
                </NameValuePair>
                <NameValuePair>
                    <name>bw.plugin.http.server.maxSpareProcessors</name>
                    <value>100</value>
                </NameValuePair>
                <NameValuePair>
                    <name>bw.plugin.http.client.checkForStaleConnections</name>
                    <value>true</value>
                </NameValuePair>
                <NameValuePair>
                    <name>bw.plugin.jms.recoverOnStartupError</name>
                    <value>true</value>
                </NameValuePair>
                <NameValuePair>
                    <name>bw.plugin.http.server.acceptCount</name>
                    <value>100</value>
                </NameValuePair>
                <NameValuePair>
                    <name>bw.plugin.http.server.serverType</name>
                    <value>Tomcat</value>
                </NameValuePair>
                <NameValuePair>
                    <name>bw.plugin.http.client.ResponseThreadPool</name>
                    <value>50</value>
                </NameValuePair>
            </NVPairs>
            <failureCount>0</failureCount>
            <failureInterval>0</failureInterval>
            <bwprocesses>
                <bwprocess name="SessionManager/Server/RemoveExpiredSessionsFromDB.process">
                    <starter>Timer</starter>
                    <enabled>true</enabled>
                    <maxJob>0</maxJob>
                    <activation>true</activation>
                    <flowLimit>0</flowLimit>
                </bwprocess>
                <bwprocess name="SharedResources/JavaGlobalInstance/RedisUtilityGlobal.serviceagent">
                    <starter>RedisUtilityGlobal</starter>
                    <enabled>true</enabled>
                    <maxJob>0</maxJob>
                    <activation>true</activation>
                    <flowLimit>0</flowLimit>
                </bwprocess>
                <bwprocess name="SessionManager/Server/CreateSession.process">
                    <starter>JMS Queue Receiver</starter>
                    <enabled>true</enabled>
                    <maxJob>0</maxJob>
                    <activation>true</activation>
                    <flowLimit>0</flowLimit>
                </bwprocess>
            </bwprocesses>
            <checkpoints selected="Local File">
                <checkpoint>Local File</checkpoint>
                <checkpoint>/SharedResources/Connection/JDBC/JDBCConnection</checkpoint>
                <tablePrefix>SessionMan_66750017</tablePrefix>
            </checkpoints>
            <isFt>false</isFt>
        </bw>
    </services>
</application>