[	{		"alphaCode": "AFN",		"numCode": "971",		"minorUnit": 2,		"name": "Afghani"	},	{		"alphaCode": "EUR",		"numCode": "978",		"minorUnit": 2,		"name": "Euro"	},	{		"alphaCode": "ALL",		"numCode": "8",		"minorUnit": 2,		"name": "Lek"	},	{		"alphaCode": "DZD",		"numCode": "12",		"minorUnit": 2,		"name": "Algerian Dinar"	},	{		"alphaCode": "USD",		"numCode": "840",		"minorUnit": 2,		"name": "US Dollar"	},	{		"alphaCode": "EUR",		"numCode": "978",		"minorUnit": 2,		"name": "Euro"	},	{		"alphaCode": "AOA",		"numCode": "973",		"minorUnit": 2,		"name": "Kwanza"	},	{		"alphaCode": "XCD",		"numCode": "951",		"minorUnit": 2,		"name": "East Caribbean Dollar"	},	{		"alphaCode": "",		"numCode": "null",		"minorUnit": null,		"name": "No universal currency"	},	{		"alphaCode": "XCD",		"numCode": "951",		"minorUnit": 2,		"name": "East Caribbean Dollar"	},	{		"alphaCode": "ARS",		"numCode": "32",		"minorUnit": 2,		"name": "Argentine Peso"	},	{		"alphaCode": "AMD",		"numCode": "51",		"minorUnit": 2,		"name": "Armenian Dram"	},	{		"alphaCode": "AWG",		"numCode": "533",		"minorUnit": 2,		"name": "Aruban Florin"	},	{		"alphaCode": "AUD",		"numCode": "36",		"minorUnit": 2,		"name": "Australian Dollar"	},	{		"alphaCode": "EUR",		"numCode": "978",		"minorUnit": 2,		"name": "Euro"	},	{		"alphaCode": "AZN",		"numCode": "944",		"minorUnit": 2,		"name": "Azerbaijanian Manat"	},	{		"alphaCode": "BSD",		"numCode": "44",		"minorUnit": 2,		"name": "Bahamian Dollar"	},	{		"alphaCode": "BHD",		"numCode": "48",		"minorUnit": 3,		"name": "Bahraini Dinar"	},	{		"alphaCode": "BDT",		"numCode": "50",		"minorUnit": 2,		"name": "Taka"	},	{		"alphaCode": "BBD",		"numCode": "52",		"minorUnit": 2,		"name": "Barbados Dollar"	},	{		"alphaCode": "BYN",		"numCode": "933",		"minorUnit": 2,		"name": "Belarusian Ruble"	},	{		"alphaCode": "EUR",		"numCode": "978",		"minorUnit": 2,		"name": "Euro"	},	{		"alphaCode": "BZD",		"numCode": "84",		"minorUnit": 2,		"name": "Belize Dollar"	},	{		"alphaCode": "XOF",		"numCode": "952",		"minorUnit": 0,		"name": "CFA Franc BCEAO"	},	{		"alphaCode": "BMD",		"numCode": "60",		"minorUnit": 2,		"name": "Bermudian Dollar"	},	{		"alphaCode": "INR",		"numCode": "356",		"minorUnit": 2,		"name": "Indian Rupee"	},	{		"alphaCode": "BTN",		"numCode": "64",		"minorUnit": 2,		"name": "Ngultrum"	},	{		"alphaCode": "BOB",		"numCode": "68",		"minorUnit": 2,		"name": "Boliviano"	},	{		"alphaCode": "BOV",		"numCode": "984",		"minorUnit": 2,		"name": "Mvdol"	},	{		"alphaCode": "USD",		"numCode": "840",		"minorUnit": 2,		"name": "US Dollar"	},	{		"alphaCode": "BAM",		"numCode": "977",		"minorUnit": 2,		"name": "Convertible Mark"	},	{		"alphaCode": "BWP",		"numCode": "72",		"minorUnit": 2,		"name": "Pula"	},	{		"alphaCode": "NOK",		"numCode": "578",		"minorUnit": 2,		"name": "Norwegian Krone"	},	{		"alphaCode": "BRL",		"numCode": "986",		"minorUnit": 2,		"name": "Brazilian Real"	},	{		"alphaCode": "USD",		"numCode": "840",		"minorUnit": 2,		"name": "US Dollar"	},	{		"alphaCode": "BND",		"numCode": "96",		"minorUnit": 2,		"name": "Brunei Dollar"	},	{		"alphaCode": "BGN",		"numCode": "975",		"minorUnit": 2,		"name": "Bulgarian Lev"	},	{		"alphaCode": "XOF",		"numCode": "952",		"minorUnit": 0,		"name": "CFA Franc BCEAO"	},	{		"alphaCode": "BIF",		"numCode": "108",		"minorUnit": 0,		"name": "Burundi Franc"	},	{		"alphaCode": "CVE",		"numCode": "132",		"minorUnit": 2,		"name": "Cabo Verde Escudo"	},	{		"alphaCode": "KHR",		"numCode": "116",		"minorUnit": 2,		"name": "Riel"	},	{		"alphaCode": "XAF",		"numCode": "950",		"minorUnit": 0,		"name": "CFA Franc BEAC"	},	{		"alphaCode": "CAD",		"numCode": "124",		"minorUnit": 2,		"name": "Canadian Dollar"	},	{		"alphaCode": "KYD",		"numCode": "136",		"minorUnit": 2,		"name": "Cayman Islands Dollar"	},	{		"alphaCode": "XAF",		"numCode": "950",		"minorUnit": 0,		"name": "CFA Franc BEAC"	},	{		"alphaCode": "XAF",		"numCode": "950",		"minorUnit": 0,		"name": "CFA Franc BEAC"	},	{		"alphaCode": "CLP",		"numCode": "152",		"minorUnit": 0,		"name": "Chilean Peso"	},	{		"alphaCode": "CLF",		"numCode": "990",		"minorUnit": 4,		"name": "Unidad de Fomento"	},	{		"alphaCode": "CNY",		"numCode": "156",		"minorUnit": 2,		"name": "Yuan Renminbi"	},	{		"alphaCode": "AUD",		"numCode": "36",		"minorUnit": 2,		"name": "Australian Dollar"	},	{		"alphaCode": "AUD",		"numCode": "36",		"minorUnit": 2,		"name": "Australian Dollar"	},	{		"alphaCode": "COP",		"numCode": "170",		"minorUnit": 2,		"name": "Colombian Peso"	},	{		"alphaCode": "COU",		"numCode": "970",		"minorUnit": 2,		"name": "Unidad de Valor Real"	},	{		"alphaCode": "KMF",		"numCode": "174",		"minorUnit": 0,		"name": "Comoro Franc"	},	{		"alphaCode": "CDF",		"numCode": "976",		"minorUnit": 2,		"name": "Congolese Franc"	},	{		"alphaCode": "XAF",		"numCode": "950",		"minorUnit": 0,		"name": "CFA Franc BEAC"	},	{		"alphaCode": "NZD",		"numCode": "554",		"minorUnit": 2,		"name": "New Zealand Dollar"	},	{		"alphaCode": "CRC",		"numCode": "188",		"minorUnit": 2,		"name": "Costa Rican Colon"	},	{		"alphaCode": "XOF",		"numCode": "952",		"minorUnit": 0,		"name": "CFA Franc BCEAO"	},	{		"alphaCode": "HRK",		"numCode": "191",		"minorUnit": 2,		"name": "Kuna"	},	{		"alphaCode": "CUP",		"numCode": "192",		"minorUnit": 2,		"name": "Cuban Peso"	},	{		"alphaCode": "CUC",		"numCode": "931",		"minorUnit": 2,		"name": "Peso Convertible"	},	{		"alphaCode": "ANG",		"numCode": "532",		"minorUnit": 2,		"name": "Netherlands Antillean Guilder"	},	{		"alphaCode": "EUR",		"numCode": "978",		"minorUnit": 2,		"name": "Euro"	},	{		"alphaCode": "CZK",		"numCode": "203",		"minorUnit": 2,		"name": "Czech Koruna"	},	{		"alphaCode": "DKK",		"numCode": "208",		"minorUnit": 2,		"name": "Danish Krone"	},	{		"alphaCode": "DJF",		"numCode": "262",		"minorUnit": 0,		"name": "Djibouti Franc"	},	{		"alphaCode": "XCD",		"numCode": "951",		"minorUnit": 2,		"name": "East Caribbean Dollar"	},	{		"alphaCode": "DOP",		"numCode": "214",		"minorUnit": 2,		"name": "Dominican Peso"	},	{		"alphaCode": "USD",		"numCode": "840",		"minorUnit": 2,		"name": "US Dollar"	},	{		"alphaCode": "EGP",		"numCode": "818",		"minorUnit": 2,		"name": "Egyptian Pound"	},	{		"alphaCode": "SVC",		"numCode": "222",		"minorUnit": 2,		"name": "El Salvador Colon"	},	{		"alphaCode": "USD",		"numCode": "840",		"minorUnit": 2,		"name": "US Dollar"	},	{		"alphaCode": "XAF",		"numCode": "950",		"minorUnit": 0,		"name": "CFA Franc BEAC"	},	{		"alphaCode": "ERN",		"numCode": "232",		"minorUnit": 2,		"name": "Nakfa"	},	{		"alphaCode": "EUR",		"numCode": "978",		"minorUnit": 2,		"name": "Euro"	},	{		"alphaCode": "ETB",		"numCode": "230",		"minorUnit": 2,		"name": "Ethiopian Birr"	},	{		"alphaCode": "EUR",		"numCode": "978",		"minorUnit": 2,		"name": "Euro"	},	{		"alphaCode": "FKP",		"numCode": "238",		"minorUnit": 2,		"name": "Falkland Islands Pound"	},	{		"alphaCode": "DKK",		"numCode": "208",		"minorUnit": 2,		"name": "Danish Krone"	},	{		"alphaCode": "FJD",		"numCode": "242",		"minorUnit": 2,		"name": "Fiji Dollar"	},	{		"alphaCode": "EUR",		"numCode": "978",		"minorUnit": 2,		"name": "Euro"	},	{		"alphaCode": "EUR",		"numCode": "978",		"minorUnit": 2,		"name": "Euro"	},	{		"alphaCode": "EUR",		"numCode": "978",		"minorUnit": 2,		"name": "Euro"	},	{		"alphaCode": "XPF",		"numCode": "953",		"minorUnit": 0,		"name": "CFP Franc"	},	{		"alphaCode": "EUR",		"numCode": "978",		"minorUnit": 2,		"name": "Euro"	},	{		"alphaCode": "XAF",		"numCode": "950",		"minorUnit": 0,		"name": "CFA Franc BEAC"	},	{		"alphaCode": "GMD",		"numCode": "270",		"minorUnit": 2,		"name": "Dalasi"	},	{		"alphaCode": "GEL",		"numCode": "981",		"minorUnit": 2,		"name": "Lari"	},	{		"alphaCode": "EUR",		"numCode": "978",		"minorUnit": 2,		"name": "Euro"	},	{		"alphaCode": "GHS",		"numCode": "936",		"minorUnit": 2,		"name": "Ghana Cedi"	},	{		"alphaCode": "GIP",		"numCode": "292",		"minorUnit": 2,		"name": "Gibraltar Pound"	},	{		"alphaCode": "EUR",		"numCode": "978",		"minorUnit": 2,		"name": "Euro"	},	{		"alphaCode": "DKK",		"numCode": "208",		"minorUnit": 2,		"name": "Danish Krone"	},	{		"alphaCode": "XCD",		"numCode": "951",		"minorUnit": 2,		"name": "East Caribbean Dollar"	},	{		"alphaCode": "EUR",		"numCode": "978",		"minorUnit": 2,		"name": "Euro"	},	{		"alphaCode": "USD",		"numCode": "840",		"minorUnit": 2,		"name": "US Dollar"	},	{		"alphaCode": "GTQ",		"numCode": "320",		"minorUnit": 2,		"name": "Quetzal"	},	{		"alphaCode": "GBP",		"numCode": "826",		"minorUnit": 2,		"name": "Pound Sterling"	},	{		"alphaCode": "GNF",		"numCode": "324",		"minorUnit": 0,		"name": "Guinea Franc"	},	{		"alphaCode": "XOF",		"numCode": "952",		"minorUnit": 0,		"name": "CFA Franc BCEAO"	},	{		"alphaCode": "GYD",		"numCode": "328",		"minorUnit": 2,		"name": "Guyana Dollar"	},	{		"alphaCode": "HTG",		"numCode": "332",		"minorUnit": 2,		"name": "Gourde"	},	{		"alphaCode": "USD",		"numCode": "840",		"minorUnit": 2,		"name": "US Dollar"	},	{		"alphaCode": "AUD",		"numCode": "36",		"minorUnit": 2,		"name": "Australian Dollar"	},	{		"alphaCode": "EUR",		"numCode": "978",		"minorUnit": 2,		"name": "Euro"	},	{		"alphaCode": "HNL",		"numCode": "340",		"minorUnit": 2,		"name": "Lempira"	},	{		"alphaCode": "HKD",		"numCode": "344",		"minorUnit": 2,		"name": "Hong Kong Dollar"	},	{		"alphaCode": "HUF",		"numCode": "348",		"minorUnit": 2,		"name": "Forint"	},	{		"alphaCode": "ISK",		"numCode": "352",		"minorUnit": 0,		"name": "Iceland Krona"	},	{		"alphaCode": "INR",		"numCode": "356",		"minorUnit": 2,		"name": "Indian Rupee"	},	{		"alphaCode": "IDR",		"numCode": "360",		"minorUnit": 2,		"name": "Rupiah"	},	{		"alphaCode": "XDR",		"numCode": "960",		"minorUnit": null,		"name": "SDR (Special Drawing Right)"	},	{		"alphaCode": "IRR",		"numCode": "364",		"minorUnit": 2,		"name": "Iranian Rial"	},	{		"alphaCode": "IQD",		"numCode": "368",		"minorUnit": 3,		"name": "Iraqi Dinar"	},	{		"alphaCode": "EUR",		"numCode": "978",		"minorUnit": 2,		"name": "Euro"	},	{		"alphaCode": "GBP",		"numCode": "826",		"minorUnit": 2,		"name": "Pound Sterling"	},	{		"alphaCode": "ILS",		"numCode": "376",		"minorUnit": 2,		"name": "New Israeli Sheqel"	},	{		"alphaCode": "EUR",		"numCode": "978",		"minorUnit": 2,		"name": "Euro"	},	{		"alphaCode": "JMD",		"numCode": "388",		"minorUnit": 2,		"name": "Jamaican Dollar"	},	{		"alphaCode": "JPY",		"numCode": "392",		"minorUnit": 0,		"name": "Yen"	},	{		"alphaCode": "GBP",		"numCode": "826",		"minorUnit": 2,		"name": "Pound Sterling"	},	{		"alphaCode": "JOD",		"numCode": "400",		"minorUnit": 3,		"name": "Jordanian Dinar"	},	{		"alphaCode": "KZT",		"numCode": "398",		"minorUnit": 2,		"name": "Tenge"	},	{		"alphaCode": "KES",		"numCode": "404",		"minorUnit": 2,		"name": "Kenyan Shilling"	},	{		"alphaCode": "AUD",		"numCode": "36",		"minorUnit": 2,		"name": "Australian Dollar"	},	{		"alphaCode": "KPW",		"numCode": "408",		"minorUnit": 2,		"name": "North Korean Won"	},	{		"alphaCode": "KRW",		"numCode": "410",		"minorUnit": 0,		"name": "Won"	},	{		"alphaCode": "KWD",		"numCode": "414",		"minorUnit": 3,		"name": "Kuwaiti Dinar"	},	{		"alphaCode": "KGS",		"numCode": "417",		"minorUnit": 2,		"name": "Som"	},	{		"alphaCode": "LAK",		"numCode": "418",		"minorUnit": 2,		"name": "Kip"	},	{		"alphaCode": "EUR",		"numCode": "978",		"minorUnit": 2,		"name": "Euro"	},	{		"alphaCode": "LBP",		"numCode": "422",		"minorUnit": 2,		"name": "Lebanese Pound"	},	{		"alphaCode": "LSL",		"numCode": "426",		"minorUnit": 2,		"name": "Loti"	},	{		"alphaCode": "ZAR",		"numCode": "710",		"minorUnit": 2,		"name": "Rand"	},	{		"alphaCode": "LRD",		"numCode": "430",		"minorUnit": 2,		"name": "Liberian Dollar"	},	{		"alphaCode": "LYD",		"numCode": "434",		"minorUnit": 3,		"name": "Libyan Dinar"	},	{		"alphaCode": "CHF",		"numCode": "756",		"minorUnit": 2,		"name": "Swiss Franc"	},	{		"alphaCode": "EUR",		"numCode": "978",		"minorUnit": 2,		"name": "Euro"	},	{		"alphaCode": "EUR",		"numCode": "978",		"minorUnit": 2,		"name": "Euro"	},	{		"alphaCode": "MOP",		"numCode": "446",		"minorUnit": 2,		"name": "Pataca"	},	{		"alphaCode": "MKD",		"numCode": "807",		"minorUnit": 2,		"name": "Denar"	},	{		"alphaCode": "MGA",		"numCode": "969",		"minorUnit": 2,		"name": "Malagasy Ariary"	},	{		"alphaCode": "MWK",		"numCode": "454",		"minorUnit": 2,		"name": "Malawi Kwacha"	},	{		"alphaCode": "MYR",		"numCode": "458",		"minorUnit": 2,		"name": "Malaysian Ringgit"	},	{		"alphaCode": "MVR",		"numCode": "462",		"minorUnit": 2,		"name": "Rufiyaa"	},	{		"alphaCode": "XOF",		"numCode": "952",		"minorUnit": 0,		"name": "CFA Franc BCEAO"	},	{		"alphaCode": "EUR",		"numCode": "978",		"minorUnit": 2,		"name": "Euro"	},	{		"alphaCode": "USD",		"numCode": "840",		"minorUnit": 2,		"name": "US Dollar"	},	{		"alphaCode": "EUR",		"numCode": "978",		"minorUnit": 2,		"name": "Euro"	},	{		"alphaCode": "MRO",		"numCode": "478",		"minorUnit": 2,		"name": "Ouguiya"	},	{		"alphaCode": "MUR",		"numCode": "480",		"minorUnit": 2,		"name": "Mauritius Rupee"	},	{		"alphaCode": "EUR",		"numCode": "978",		"minorUnit": 2,		"name": "Euro"	},	{		"alphaCode": "XUA",		"numCode": "965",		"minorUnit": null,		"name": "ADB Unit of Account"	},	{		"alphaCode": "MXN",		"numCode": "484",		"minorUnit": 2,		"name": "Mexican Peso"	},	{		"alphaCode": "MXV",		"numCode": "979",		"minorUnit": 2,		"name": "Mexican Unidad de Inversion (UDI)"	},	{		"alphaCode": "USD",		"numCode": "840",		"minorUnit": 2,		"name": "US Dollar"	},	{		"alphaCode": "MDL",		"numCode": "498",		"minorUnit": 2,		"name": "Moldovan Leu"	},	{		"alphaCode": "EUR",		"numCode": "978",		"minorUnit": 2,		"name": "Euro"	},	{		"alphaCode": "MNT",		"numCode": "496",		"minorUnit": 2,		"name": "Tugrik"	},	{		"alphaCode": "EUR",		"numCode": "978",		"minorUnit": 2,		"name": "Euro"	},	{		"alphaCode": "XCD",		"numCode": "951",		"minorUnit": 2,		"name": "East Caribbean Dollar"	},	{		"alphaCode": "MAD",		"numCode": "504",		"minorUnit": 2,		"name": "Moroccan Dirham"	},	{		"alphaCode": "MZN",		"numCode": "943",		"minorUnit": 2,		"name": "Mozambique Metical"	},	{		"alphaCode": "MMK",		"numCode": "104",		"minorUnit": 2,		"name": "Kyat"	},	{		"alphaCode": "NAD",		"numCode": "516",		"minorUnit": 2,		"name": "Namibia Dollar"	},	{		"alphaCode": "ZAR",		"numCode": "710",		"minorUnit": 2,		"name": "Rand"	},	{		"alphaCode": "AUD",		"numCode": "36",		"minorUnit": 2,		"name": "Australian Dollar"	},	{		"alphaCode": "NPR",		"numCode": "524",		"minorUnit": 2,		"name": "Nepalese Rupee"	},	{		"alphaCode": "EUR",		"numCode": "978",		"minorUnit": 2,		"name": "Euro"	},	{		"alphaCode": "XPF",		"numCode": "953",		"minorUnit": 0,		"name": "CFP Franc"	},	{		"alphaCode": "NZD",		"numCode": "554",		"minorUnit": 2,		"name": "New Zealand Dollar"	},	{		"alphaCode": "NIO",		"numCode": "558",		"minorUnit": 2,		"name": "Cordoba Oro"	},	{		"alphaCode": "XOF",		"numCode": "952",		"minorUnit": 0,		"name": "CFA Franc BCEAO"	},	{		"alphaCode": "NGN",		"numCode": "566",		"minorUnit": 2,		"name": "Naira"	},	{		"alphaCode": "NZD",		"numCode": "554",		"minorUnit": 2,		"name": "New Zealand Dollar"	},	{		"alphaCode": "AUD",		"numCode": "36",		"minorUnit": 2,		"name": "Australian Dollar"	},	{		"alphaCode": "USD",		"numCode": "840",		"minorUnit": 2,		"name": "US Dollar"	},	{		"alphaCode": "NOK",		"numCode": "578",		"minorUnit": 2,		"name": "Norwegian Krone"	},	{		"alphaCode": "OMR",		"numCode": "512",		"minorUnit": 3,		"name": "Rial Omani"	},	{		"alphaCode": "PKR",		"numCode": "586",		"minorUnit": 2,		"name": "Pakistan Rupee"	},	{		"alphaCode": "USD",		"numCode": "840",		"minorUnit": 2,		"name": "US Dollar"	},	{		"alphaCode": "",		"numCode": "",		"minorUnit": null,		"name": "No universal currency"	},	{		"alphaCode": "PAB",		"numCode": "590",		"minorUnit": 2,		"name": "Balboa"	},	{		"alphaCode": "USD",		"numCode": "840",		"minorUnit": 2,		"name": "US Dollar"	},	{		"alphaCode": "PGK",		"numCode": "598",		"minorUnit": 2,		"name": "Kina"	},	{		"alphaCode": "PYG",		"numCode": "600",		"minorUnit": 0,		"name": "Guarani"	},	{		"alphaCode": "PEN",		"numCode": "604",		"minorUnit": 2,		"name": "Sol"	},	{		"alphaCode": "PHP",		"numCode": "608",		"minorUnit": 2,		"name": "Philippine Peso"	},	{		"alphaCode": "NZD",		"numCode": "554",		"minorUnit": 2,		"name": "New Zealand Dollar"	},	{		"alphaCode": "PLN",		"numCode": "985",		"minorUnit": 2,		"name": "Zloty"	},	{		"alphaCode": "EUR",		"numCode": "978",		"minorUnit": 2,		"name": "Euro"	},	{		"alphaCode": "USD",		"numCode": "840",		"minorUnit": 2,		"name": "US Dollar"	},	{		"alphaCode": "QAR",		"numCode": "634",		"minorUnit": 2,		"name": "Qatari Rial"	},	{		"alphaCode": "EUR",		"numCode": "978",		"minorUnit": 2,		"name": "Euro"	},	{		"alphaCode": "RON",		"numCode": "946",		"minorUnit": 2,		"name": "Romanian Leu"	},	{		"alphaCode": "RUB",		"numCode": "643",		"minorUnit": 2,		"name": "Russian Ruble"	},	{		"alphaCode": "RWF",		"numCode": "646",		"minorUnit": 0,		"name": "Rwanda Franc"	},	{		"alphaCode": "EUR",		"numCode": "978",		"minorUnit": 2,		"name": "Euro"	},	{		"alphaCode": "SHP",		"numCode": "654",		"minorUnit": 2,		"name": "Saint Helena Pound"	},	{		"alphaCode": "XCD",		"numCode": "951",		"minorUnit": 2,		"name": "East Caribbean Dollar"	},	{		"alphaCode": "XCD",		"numCode": "951",		"minorUnit": 2,		"name": "East Caribbean Dollar"	},	{		"alphaCode": "EUR",		"numCode": "978",		"minorUnit": 2,		"name": "Euro"	},	{		"alphaCode": "EUR",		"numCode": "978",		"minorUnit": 2,		"name": "Euro"	},	{		"alphaCode": "XCD",		"numCode": "951",		"minorUnit": 2,		"name": "East Caribbean Dollar"	},	{		"alphaCode": "WST",		"numCode": "882",		"minorUnit": 2,		"name": "Tala"	},	{		"alphaCode": "EUR",		"numCode": "978",		"minorUnit": 2,		"name": "Euro"	},	{		"alphaCode": "STD",		"numCode": "678",		"minorUnit": 2,		"name": "Dobra"	},	{		"alphaCode": "SAR",		"numCode": "682",		"minorUnit": 2,		"name": "Saudi Riyal"	},	{		"alphaCode": "XOF",		"numCode": "952",		"minorUnit": 0,		"name": "CFA Franc BCEAO"	},	{		"alphaCode": "RSD",		"numCode": "941",		"minorUnit": 2,		"name": "Serbian Dinar"	},	{		"alphaCode": "SCR",		"numCode": "690",		"minorUnit": 2,		"name": "Seychelles Rupee"	},	{		"alphaCode": "SLL",		"numCode": "694",		"minorUnit": 2,		"name": "Leone"	},	{		"alphaCode": "SGD",		"numCode": "702",		"minorUnit": 2,		"name": "Singapore Dollar"	},	{		"alphaCode": "ANG",		"numCode": "532",		"minorUnit": 2,		"name": "Netherlands Antillean Guilder"	},	{		"alphaCode": "XSU",		"numCode": "994",		"minorUnit": null,		"name": "Sucre"	},	{		"alphaCode": "EUR",		"numCode": "978",		"minorUnit": 2,		"name": "Euro"	},	{		"alphaCode": "EUR",		"numCode": "978",		"minorUnit": 2,		"name": "Euro"	},	{		"alphaCode": "SBD",		"numCode": "90",		"minorUnit": 2,		"name": "Solomon Islands Dollar"	},	{		"alphaCode": "SOS",		"numCode": "706",		"minorUnit": 2,		"name": "Somali Shilling"	},	{		"alphaCode": "ZAR",		"numCode": "710",		"minorUnit": 2,		"name": "Rand"	},	{		"alphaCode": "",		"numCode": "",		"minorUnit": null,		"name": "No universal currency"	},	{		"alphaCode": "SSP",		"numCode": "728",		"minorUnit": 2,		"name": "South Sudanese Pound"	},	{		"alphaCode": "EUR",		"numCode": "978",		"minorUnit": 2,		"name": "Euro"	},	{		"alphaCode": "LKR",		"numCode": "144",		"minorUnit": 2,		"name": "Sri Lanka Rupee"	},	{		"alphaCode": "SDG",		"numCode": "938",		"minorUnit": 2,		"name": "Sudanese Pound"	},	{		"alphaCode": "SRD",		"numCode": "968",		"minorUnit": 2,		"name": "Surinam Dollar"	},	{		"alphaCode": "NOK",		"numCode": "578",		"minorUnit": 2,		"name": "Norwegian Krone"	},	{		"alphaCode": "SZL",		"numCode": "748",		"minorUnit": 2,		"name": "Lilangeni"	},	{		"alphaCode": "SEK",		"numCode": "752",		"minorUnit": 2,		"name": "Swedish Krona"	},	{		"alphaCode": "CHF",		"numCode": "756",		"minorUnit": 2,		"name": "Swiss Franc"	},	{		"alphaCode": "CHE",		"numCode": "947",		"minorUnit": 2,		"name": "WIR Euro"	},	{		"alphaCode": "CHW",		"numCode": "948",		"minorUnit": 2,		"name": "WIR Franc"	},	{		"alphaCode": "SYP",		"numCode": "760",		"minorUnit": 2,		"name": "Syrian Pound"	},	{		"alphaCode": "TWD",		"numCode": "901",		"minorUnit": 2,		"name": "New Taiwan Dollar"	},	{		"alphaCode": "TJS",		"numCode": "972",		"minorUnit": 2,		"name": "Somoni"	},	{		"alphaCode": "TZS",		"numCode": "834",		"minorUnit": 2,		"name": "Tanzanian Shilling"	},	{		"alphaCode": "THB",		"numCode": "764",		"minorUnit": 2,		"name": "Baht"	},	{		"alphaCode": "USD",		"numCode": "840",		"minorUnit": 2,		"name": "US Dollar"	},	{		"alphaCode": "XOF",		"numCode": "952",		"minorUnit": 0,		"name": "CFA Franc BCEAO"	},	{		"alphaCode": "NZD",		"numCode": "554",		"minorUnit": 2,		"name": "New Zealand Dollar"	},	{		"alphaCode": "TOP",		"numCode": "776",		"minorUnit": 2,		"name": "Pa�anga"	},	{		"alphaCode": "TTD",		"numCode": "780",		"minorUnit": 2,		"name": "Trinidad and Tobago Dollar"	},	{		"alphaCode": "TND",		"numCode": "788",		"minorUnit": 3,		"name": "Tunisian Dinar"	},	{		"alphaCode": "TRY",		"numCode": "949",		"minorUnit": 2,		"name": "Turkish Lira"	},	{		"alphaCode": "TMT",		"numCode": "934",		"minorUnit": 2,		"name": "Turkmenistan New Manat"	},	{		"alphaCode": "USD",		"numCode": "840",		"minorUnit": 2,		"name": "US Dollar"	},	{		"alphaCode": "AUD",		"numCode": "36",		"minorUnit": 2,		"name": "Australian Dollar"	},	{		"alphaCode": "UGX",		"numCode": "800",		"minorUnit": 0,		"name": "Uganda Shilling"	},	{		"alphaCode": "UAH",		"numCode": "980",		"minorUnit": 2,		"name": "Hryvnia"	},	{		"alphaCode": "AED",		"numCode": "784",		"minorUnit": 2,		"name": "UAE Dirham"	},	{		"alphaCode": "GBP",		"numCode": "826",		"minorUnit": 2,		"name": "Pound Sterling"	},	{		"alphaCode": "USD",		"numCode": "840",		"minorUnit": 2,		"name": "US Dollar"	},	{		"alphaCode": "USD",		"numCode": "840",		"minorUnit": 2,		"name": "US Dollar"	},	{		"alphaCode": "USN",		"numCode": "997",		"minorUnit": 2,		"name": "US Dollar (Next day)"	},	{		"alphaCode": "UYU",		"numCode": "858",		"minorUnit": 2,		"name": "Peso Uruguayo"	},	{		"alphaCode": "UYI",		"numCode": "940",		"minorUnit": 0,		"name": "Uruguay Peso en Unidades Indexadas (URUIURUI)"	},	{		"alphaCode": "UZS",		"numCode": "860",		"minorUnit": 2,		"name": "Uzbekistan Sum"	},	{		"alphaCode": "VUV",		"numCode": "548",		"minorUnit": 0,		"name": "Vatu"	},	{		"alphaCode": "VEF",		"numCode": "937",		"minorUnit": 2,		"name": "Bol�var"	},	{		"alphaCode": "VND",		"numCode": "704",		"minorUnit": 0,		"name": "Dong"	},	{		"alphaCode": "USD",		"numCode": "840",		"minorUnit": 2,		"name": "US Dollar"	},	{		"alphaCode": "USD",		"numCode": "840",		"minorUnit": 2,		"name": "US Dollar"	},	{		"alphaCode": "XPF",		"numCode": "953",		"minorUnit": 0,		"name": "CFP Franc"	},	{		"alphaCode": "MAD",		"numCode": "504",		"minorUnit": 2,		"name": "Moroccan Dirham"	},	{		"alphaCode": "YER",		"numCode": "886",		"minorUnit": 2,		"name": "Yemeni Rial"	},	{		"alphaCode": "ZMW",		"numCode": "967",		"minorUnit": 2,		"name": "Zambian Kwacha"	},	{		"alphaCode": "ZWL",		"numCode": "932",		"minorUnit": 2,		"name": "Zimbabwe Dollar"	},	{		"alphaCode": "XBA",		"numCode": "955",		"minorUnit": null,		"name": "Bond Markets Unit European Composite Unit (EURCO)"	},	{		"alphaCode": "XBB",		"numCode": "956",		"minorUnit": null,		"name": "Bond Markets Unit European Monetary Unit (E.M.U.-6)"	},	{		"alphaCode": "XBC",		"numCode": "957",		"minorUnit": null,		"name": "Bond Markets Unit European Unit of Account 9 (E.U.A.-9)"	},	{		"alphaCode": "XBD",		"numCode": "958",		"minorUnit": null,		"name": "Bond Markets Unit European Unit of Account 17 (E.U.A.-17)"	},	{		"alphaCode": "XTS",		"numCode": "963",		"minorUnit": null,		"name": "Codes specifically reserved for testing purposes"	},	{		"alphaCode": "XXX",		"numCode": "999",		"minorUnit": null,		"name": "The codes assigned for transactions where no currency is involved"	},	{		"alphaCode": "XAU",		"numCode": "959",		"minorUnit": null,		"name": "Gold"	},	{		"alphaCode": "XPD",		"numCode": "964",		"minorUnit": null,		"name": "Palladium"	},	{		"alphaCode": "XPT",		"numCode": "962",		"minorUnit": null,		"name": "Platinum"	},	{		"alphaCode": "XAG",		"numCode": "961",		"minorUnit": null,		"name": "Silver"	},	{		"alphaCode": "AFA",		"numCode": "4",		"minorUnit": null,		"name": "Afghani"	},	{		"alphaCode": "FIM",		"numCode": "246",		"minorUnit": null,		"name": "Markka"	},	{		"alphaCode": "ALK",		"numCode": "",		"minorUnit": null,		"name": "Old Lek"	},	{		"alphaCode": "ADP",		"numCode": "20",		"minorUnit": null,		"name": "Andorran Peseta"	},	{		"alphaCode": "ESP",		"numCode": "724",		"minorUnit": null,		"name": "Spanish Peseta"	},	{		"alphaCode": "FRF",		"numCode": "250",		"minorUnit": null,		"name": "French Franc"	},	{		"alphaCode": "AOK",		"numCode": "",		"minorUnit": null,		"name": "Kwanza"	},	{		"alphaCode": "AON",		"numCode": "24",		"minorUnit": null,		"name": "New Kwanza"	},	{		"alphaCode": "AOR",		"numCode": "982",		"minorUnit": null,		"name": "Kwanza Reajustado"	},	{		"alphaCode": "ARA",		"numCode": "32",		"minorUnit": null,		"name": "Austral"	},	{		"alphaCode": "ARP",		"numCode": "32",		"minorUnit": null,		"name": "Peso Argentino"	},	{		"alphaCode": "ARY",		"numCode": "",		"minorUnit": null,		"name": "Peso"	},	{		"alphaCode": "RUR",		"numCode": "810",		"minorUnit": null,		"name": "Russian Ruble"	},	{		"alphaCode": "ATS",		"numCode": "40",		"minorUnit": null,		"name": "Schilling"	},	{		"alphaCode": "AYM",		"numCode": "945",		"minorUnit": null,		"name": "Azerbaijan Manat"	},	{		"alphaCode": "AZM",		"numCode": "31",		"minorUnit": null,		"name": "Azerbaijanian Manat"	},	{		"alphaCode": "RUR",		"numCode": "810",		"minorUnit": null,		"name": "Russian Ruble"	},	{		"alphaCode": "BYR",		"numCode": "974",		"minorUnit": null,		"name": "Belarusian Ruble"	},	{		"alphaCode": "BYB",		"numCode": "112",		"minorUnit": null,		"name": "Belarusian Ruble"	},	{		"alphaCode": "RUR",		"numCode": "810",		"minorUnit": null,		"name": "Russian Ruble"	},	{		"alphaCode": "BEC",		"numCode": "993",		"minorUnit": null,		"name": "Convertible Franc"	},	{		"alphaCode": "BEF",		"numCode": "56",		"minorUnit": null,		"name": "Belgian Franc"	},	{		"alphaCode": "BEL",		"numCode": "992",		"minorUnit": null,		"name": "Financial Franc"	},	{		"alphaCode": "BOP",		"numCode": "",		"minorUnit": null,		"name": "Peso boliviano"	},	{		"alphaCode": "BAD",		"numCode": "70",		"minorUnit": null,		"name": "Dinar"	},	{		"alphaCode": "BRB",		"numCode": "",		"minorUnit": null,		"name": "Cruzeiro"	},	{		"alphaCode": "BRC",		"numCode": "76",		"minorUnit": null,		"name": "Cruzado"	},	{		"alphaCode": "BRE",		"numCode": "76",		"minorUnit": null,		"name": "Cruzeiro"	},	{		"alphaCode": "BRN",		"numCode": "76",		"minorUnit": null,		"name": "New Cruzado"	},	{		"alphaCode": "BRR",		"numCode": "987",		"minorUnit": null,		"name": "Cruzeiro Real"	},	{		"alphaCode": "BGJ",		"numCode": "",		"minorUnit": null,		"name": "Lev A/52"	},	{		"alphaCode": "BGK",		"numCode": "",		"minorUnit": null,		"name": "Lev A/62"	},	{		"alphaCode": "BGL",		"numCode": "100",		"minorUnit": null,		"name": "Lev"	},	{		"alphaCode": "BUK",		"numCode": "",		"minorUnit": null,		"name": "-"	},	{		"alphaCode": "CNX",		"numCode": "",		"minorUnit": null,		"name": "Peoples Bank Dollar"	},	{		"alphaCode": "HRD",		"numCode": "191",		"minorUnit": null,		"name": "Croatian Dinar"	},	{		"alphaCode": "HRK",		"numCode": "191",		"minorUnit": null,		"name": "Croatian Kuna"	},	{		"alphaCode": "CYP",		"numCode": "196",		"minorUnit": null,		"name": "Cyprus Pound"	},	{		"alphaCode": "CSJ",		"numCode": "",		"minorUnit": null,		"name": "Krona A/53"	},	{		"alphaCode": "CSK",		"numCode": "200",		"minorUnit": null,		"name": "Koruna"	},	{		"alphaCode": "ECS",		"numCode": "218",		"minorUnit": null,		"name": "Sucre"	},	{		"alphaCode": "ECV",		"numCode": "983",		"minorUnit": null,		"name": "Unidad de Valor Constante (UVC)"	},	{		"alphaCode": "GQE",		"numCode": "226",		"minorUnit": null,		"name": "Ekwele"	},	{		"alphaCode": "EEK",		"numCode": "233",		"minorUnit": null,		"name": "Kroon"	},	{		"alphaCode": "XEU",		"numCode": "954",		"minorUnit": null,		"name": "European Currency Unit (E.C.U)"	},	{		"alphaCode": "FIM",		"numCode": "246",		"minorUnit": null,		"name": "Markka"	},	{		"alphaCode": "FRF",		"numCode": "250",		"minorUnit": null,		"name": "French Franc"	},	{		"alphaCode": "FRF",		"numCode": "250",		"minorUnit": null,		"name": "French Franc"	},	{		"alphaCode": "FRF",		"numCode": "250",		"minorUnit": null,		"name": "French Franc"	},	{		"alphaCode": "GEK",		"numCode": "268",		"minorUnit": null,		"name": "Georgian Coupon"	},	{		"alphaCode": "RUR",		"numCode": "810",		"minorUnit": null,		"name": "Russian Ruble"	},	{		"alphaCode": "DDM",		"numCode": "278",		"minorUnit": null,		"name": "Mark der DDR"	},	{		"alphaCode": "DEM",		"numCode": "276",		"minorUnit": null,		"name": "Deutsche Mark"	},	{		"alphaCode": "GHC",		"numCode": "288",		"minorUnit": null,		"name": "Cedi"	},	{		"alphaCode": "GHP",		"numCode": "939",		"minorUnit": null,		"name": "Ghana Cedi"	},	{		"alphaCode": "GRD",		"numCode": "300",		"minorUnit": null,		"name": "Drachma"	},	{		"alphaCode": "FRF",		"numCode": "250",		"minorUnit": null,		"name": "French Franc"	},	{		"alphaCode": "GNE",		"numCode": "",		"minorUnit": null,		"name": "Syli"	},	{		"alphaCode": "GNS",		"numCode": "",		"minorUnit": null,		"name": "Syli"	},	{		"alphaCode": "GWE",		"numCode": "",		"minorUnit": null,		"name": "Guinea Escudo"	},	{		"alphaCode": "GWP",		"numCode": "624",		"minorUnit": null,		"name": "Guinea-Bissau Peso"	},	{		"alphaCode": "ITL",		"numCode": "380",		"minorUnit": null,		"name": "Italian Lira"	},	{		"alphaCode": "ISJ",		"numCode": "",		"minorUnit": null,		"name": "Old Krona"	},	{		"alphaCode": "IEP",		"numCode": "372",		"minorUnit": null,		"name": "Irish Pound"	},	{		"alphaCode": "ILP",		"numCode": "",		"minorUnit": null,		"name": "Pound"	},	{		"alphaCode": "ILR",		"numCode": "",		"minorUnit": null,		"name": "Old Shekel"	},	{		"alphaCode": "ITL",		"numCode": "380",		"minorUnit": null,		"name": "Italian Lira"	},	{		"alphaCode": "RUR",		"numCode": "810",		"minorUnit": null,		"name": "Russian Ruble"	},	{		"alphaCode": "RUR",		"numCode": "810",		"minorUnit": null,		"name": "Russian Ruble"	},	{		"alphaCode": "LAJ",		"numCode": "",		"minorUnit": null,		"name": "Kip Pot Pol"	},	{		"alphaCode": "LVL",		"numCode": "428",		"minorUnit": null,		"name": "Latvian Lats"	},	{		"alphaCode": "LVR",		"numCode": "428",		"minorUnit": null,		"name": "Latvian Ruble"	},	{		"alphaCode": "LSM",		"numCode": "",		"minorUnit": null,		"name": "Maloti"	},	{		"alphaCode": "ZAL",		"numCode": "991",		"minorUnit": null,		"name": "Financial Rand"	},	{		"alphaCode": "LTL",		"numCode": "440",		"minorUnit": null,		"name": "Lithuanian Litas"	},	{		"alphaCode": "LTT",		"numCode": "440",		"minorUnit": null,		"name": "Talonas"	},	{		"alphaCode": "LUC",		"numCode": "989",		"minorUnit": null,		"name": "Luxembourg Convertible Franc"	},	{		"alphaCode": "LUF",		"numCode": "442",		"minorUnit": null,		"name": "Luxembourg Franc"	},	{		"alphaCode": "LUL",		"numCode": "988",		"minorUnit": null,		"name": "Luxembourg Financial Franc"	},	{		"alphaCode": "MGF",		"numCode": "450",		"minorUnit": null,		"name": "Malagasy Franc"	},	{		"alphaCode": "MWK",		"numCode": "454",		"minorUnit": null,		"name": "Kwacha"	},	{		"alphaCode": "MVQ",		"numCode": "",		"minorUnit": null,		"name": "Maldive Rupee"	},	{		"alphaCode": "MLF",		"numCode": "466",		"minorUnit": null,		"name": "Mali Franc"	},	{		"alphaCode": "MTL",		"numCode": "470",		"minorUnit": null,		"name": "Maltese Lira"	},	{		"alphaCode": "MTP",		"numCode": "",		"minorUnit": null,		"name": "Maltese Pound"	},	{		"alphaCode": "FRF",		"numCode": "250",		"minorUnit": null,		"name": "French Franc"	},	{		"alphaCode": "FRF",		"numCode": "250",		"minorUnit": null,		"name": "French Franc"	},	{		"alphaCode": "MXP",		"numCode": "",		"minorUnit": null,		"name": "Mexican Peso"	},	{		"alphaCode": "RUR",		"numCode": "810",		"minorUnit": null,		"name": "Russian Ruble"	},	{		"alphaCode": "FRF",		"numCode": "250",		"minorUnit": null,		"name": "French Franc"	},	{		"alphaCode": "MZE",		"numCode": "",		"minorUnit": null,		"name": "Mozambique Escudo"	},	{		"alphaCode": "MZM",		"numCode": "508",		"minorUnit": null,		"name": "Mozambique Metical"	},	{		"alphaCode": "NLG",		"numCode": "528",		"minorUnit": null,		"name": "Netherlands Guilder"	},	{		"alphaCode": "ANG",		"numCode": "532",		"minorUnit": null,		"name": "Netherlands Antillean Guilder"	},	{		"alphaCode": "NIC",		"numCode": "",		"minorUnit": null,		"name": "Cordoba"	},	{		"alphaCode": "PEN",		"numCode": "604",		"minorUnit": null,		"name": "Nuevo Sol"	},	{		"alphaCode": "PEH",		"numCode": "",		"minorUnit": null,		"name": "Sol"	},	{		"alphaCode": "PEI",		"numCode": "604",		"minorUnit": null,		"name": "Inti"	},	{		"alphaCode": "PES",		"numCode": "604",		"minorUnit": null,		"name": "Sol"	},	{		"alphaCode": "PLZ",		"numCode": "616",		"minorUnit": null,		"name": "Zloty"	},	{		"alphaCode": "PTE",		"numCode": "620",		"minorUnit": null,		"name": "Portuguese Escudo"	},	{		"alphaCode": "FRF",		"numCode": "250",		"minorUnit": null,		"name": "French Franc"	},	{		"alphaCode": "ROK",		"numCode": "",		"minorUnit": null,		"name": "Leu A/52"	},	{		"alphaCode": "RON",		"numCode": "946",		"minorUnit": null,		"name": "New Romanian Leu"	},	{		"alphaCode": "ROL",		"numCode": "642",		"minorUnit": null,		"name": "Old Leu"	},	{		"alphaCode": "RUR",		"numCode": "810",		"minorUnit": null,		"name": "Russian Ruble"	},	{		"alphaCode": "FRF",		"numCode": "250",		"minorUnit": null,		"name": "French Franc"	},	{		"alphaCode": "FRF",		"numCode": "250",		"minorUnit": null,		"name": "French Franc"	},	{		"alphaCode": "FRF",		"numCode": "250",		"minorUnit": null,		"name": "French Franc"	},	{		"alphaCode": "ITL",		"numCode": "380",		"minorUnit": null,		"name": "Italian Lira"	},	{		"alphaCode": "CSD",		"numCode": "891",		"minorUnit": null,		"name": "Serbian Dinar"	},	{		"alphaCode": "EUR",		"numCode": "978",		"minorUnit": null,		"name": "Euro"	},	{		"alphaCode": "SKK",		"numCode": "703",		"minorUnit": null,		"name": "Slovak Koruna"	},	{		"alphaCode": "SIT",		"numCode": "705",		"minorUnit": null,		"name": "Tolar"	},	{		"alphaCode": "ZAL",		"numCode": "991",		"minorUnit": null,		"name": "Financial Rand"	},	{		"alphaCode": "SDG",		"numCode": "938",		"minorUnit": null,		"name": "Sudanese Pound"	},	{		"alphaCode": "RHD",		"numCode": "",		"minorUnit": null,		"name": "Rhodesian Dollar"	},	{		"alphaCode": "ESA",		"numCode": "996",		"minorUnit": null,		"name": "Spanish Peseta"	},	{		"alphaCode": "ESB",		"numCode": "995",		"minorUnit": null,		"name": "\"A\" Account (convertible Peseta Account)"	},	{		"alphaCode": "ESP",		"numCode": "724",		"minorUnit": null,		"name": "Spanish Peseta"	},	{		"alphaCode": "SDD",		"numCode": "736",		"minorUnit": null,		"name": "Sudanese Dinar"	},	{		"alphaCode": "SDP",		"numCode": "",		"minorUnit": null,		"name": "Sudanese Pound"	},	{		"alphaCode": "SRG",		"numCode": "740",		"minorUnit": null,		"name": "Surinam Guilder"	},	{		"alphaCode": "CHC",		"numCode": "948",		"minorUnit": null,		"name": "WIR Franc (for electronic)"	},	{		"alphaCode": "RUR",		"numCode": "810",		"minorUnit": null,		"name": "Russian Ruble"	},	{		"alphaCode": "TJR",		"numCode": "762",		"minorUnit": null,		"name": "Tajik Ruble"	},	{		"alphaCode": "IDR",		"numCode": "360",		"minorUnit": null,		"name": "Rupiah"	},	{		"alphaCode": "TPE",		"numCode": "626",		"minorUnit": null,		"name": "Timor Escudo"	},	{		"alphaCode": "TRL",		"numCode": "792",		"minorUnit": null,		"name": "Old Turkish Lira"	},	{		"alphaCode": "TRY",		"numCode": "949",		"minorUnit": null,		"name": "New Turkish Lira"	},	{		"alphaCode": "RUR",		"numCode": "810",		"minorUnit": null,		"name": "Russian Ruble"	},	{		"alphaCode": "TMM",		"numCode": "795",		"minorUnit": null,		"name": "Turkmenistan Manat"	},	{		"alphaCode": "UGS",		"numCode": "",		"minorUnit": null,		"name": "Uganda Shilling"	},	{		"alphaCode": "UGW",		"numCode": "",		"minorUnit": null,		"name": "Old Shilling"	},	{		"alphaCode": "UAK",		"numCode": "804",		"minorUnit": null,		"name": "Karbovanet"	},	{		"alphaCode": "SUR",		"numCode": "",		"minorUnit": null,		"name": "Rouble"	},	{		"alphaCode": "USS",		"numCode": "998",		"minorUnit": null,		"name": "US Dollar (Same day)"	},	{		"alphaCode": "UYN",		"numCode": "",		"minorUnit": null,		"name": "Old Uruguay Peso"	},	{		"alphaCode": "UYP",		"numCode": "",		"minorUnit": null,		"name": "Uruguayan Peso"	},	{		"alphaCode": "RUR",		"numCode": "810",		"minorUnit": null,		"name": "Russian Ruble"	},	{		"alphaCode": "VEB",		"numCode": "862",		"minorUnit": null,		"name": "Bolivar"	},	{		"alphaCode": "VEF",		"numCode": "937",		"minorUnit": null,		"name": "Bolivar Fuerte"	},	{		"alphaCode": "VEF",		"numCode": "937",		"minorUnit": null,		"name": "Bolivar"	},	{		"alphaCode": "VNC",		"numCode": "",		"minorUnit": null,		"name": "Old Dong"	},	{		"alphaCode": "YDD",		"numCode": "720",		"minorUnit": null,		"name": "Yemeni Dinar"	},	{		"alphaCode": "YUD",		"numCode": "",		"minorUnit": null,		"name": "New Yugoslavian Dinar"	},	{		"alphaCode": "YUM",		"numCode": "891",		"minorUnit": null,		"name": "New Dinar"	},	{		"alphaCode": "YUN",		"numCode": "890",		"minorUnit": null,		"name": "Yugoslavian Dinar"	},	{		"alphaCode": "ZRN",		"numCode": "180",		"minorUnit": null,		"name": "New Zaire"	},	{		"alphaCode": "ZRZ",		"numCode": "180",		"minorUnit": null,		"name": "Zaire"	},	{		"alphaCode": "ZMK",		"numCode": "894",		"minorUnit": null,		"name": "Zambian Kwacha"	},	{		"alphaCode": "ZWC",		"numCode": "",		"minorUnit": null,		"name": "Rhodesian Dollar"	},	{		"alphaCode": "ZWD",		"numCode": "716",		"minorUnit": null,		"name": "Zimbabwe Dollar (old)"	},	{		"alphaCode": "ZWD",		"numCode": "716",		"minorUnit": null,		"name": "Zimbabwe Dollar"	},	{		"alphaCode": "ZWN",		"numCode": "942",		"minorUnit": null,		"name": "Zimbabwe Dollar (new)"	},	{		"alphaCode": "ZWR",		"numCode": "935",		"minorUnit": null,		"name": "Zimbabwe Dollar"	},	{		"alphaCode": "XFO",		"numCode": "",		"minorUnit": null,		"name": "Gold-Franc"	},	{		"alphaCode": "XRE",		"numCode": "",		"minorUnit": null,		"name": "RINET Funds Code"	},	{		"alphaCode": "XFU",		"numCode": "",		"minorUnit": null,		"name": "UIC-Franc"	}]