<?xml version="1.0" encoding="UTF-8"?>
<application xmlns="http://www.tibco.com/xmlns/ApplicationManagement" name="LEGONO/LEGO_NO_ExceptionHandlingFramework_V2">
    <repoInstanceName>%%DOMAIN%%-LEGO_NO_ExceptionHandlingFramework_V2</repoInstanceName>
    <NVPairs name="Global Variables">
        <NameValuePairPassword>
            <name>Connection/JMS/JNDIPwd</name>
            <value>#!9qwImv1KpibjQvzeS3r2Hre+R8gYtQA5</value>
        </NameValuePairPassword>
        <NameValuePair>
            <name>Connection/JMS/JNDIURL</name>
            <value>tibjmsnaming://10.78.20.10:7222</value>
        </NameValuePair>
        <NameValuePair>
            <name>Connection/JMS/JNDIUsername</name>
            <value>admin</value>
        </NameValuePair>
        <NameValuePairPassword>
            <name>Connection/JMS/Password</name>
            <value>#!Xj3ZtrzDbwZBBprzOyRRXMvoqzHx+T3o6+JezuJCwr8=</value>
        </NameValuePairPassword>
        <NameValuePair>
            <name>Connection/JMS/QueueConnectionFactory</name>
            <value>FTQueueConnectionFactory</value>
        </NameValuePair>
        <NameValuePair>
            <name>Connection/JMS/TopicConnectionFactory</name>
            <value>FTTopicConnectionFactory</value>
        </NameValuePair>
        <NameValuePair>
            <name>Connection/JMS/URL</name>
            <value>tcp://10.78.20.10:7222</value>
        </NameValuePair>
        <NameValuePair>
            <name>Connection/JMS/Username</name>
            <value>admin</value>
        </NameValuePair>
        <NameValuePair>
            <name>DirLedger</name>
            <value>.</value>
        </NameValuePair>
        <NameValuePair>
            <name>DirTrace</name>
            <value>.</value>
        </NameValuePair>
        <NameValuePair>
            <name>ENV</name>
            <value>UAT.TDA</value>
        </NameValuePair>
		<NameValuePair>
            <name>TUIAppName</name>
            <value>TUI.NO</value>
        </NameValuePair>
        <NameValuePair>
            <name>Logging/AuditDBDriver</name>
            <value>tibcosoftwareinc.jdbc.oracle.OracleDriver (RAC)</value>
        </NameValuePair>
        <NameValuePair>
            <name>Logging/AuditDBMaxCon</name>
            <value>100</value>
        </NameValuePair>
        <NameValuePairPassword>
            <name>Logging/AuditDBPassword</name>
            <value>#!EC++J+ewd0WUPTLCrifM1JLbFdoU0pl8bPlD9reuAFY=</value>
        </NameValuePairPassword>
        <NameValuePair>
            <name>Logging/AuditDBTimeout</name>
            <value>20</value>
        </NameValuePair>
        <NameValuePair>
            <name>Logging/AuditDBURL</name>
            <value>jdbc:tibcosoftwareinc:oracle://ecomxmdb01-scan:1521;ServiceName=TDABW;AlternateServers=(ecomxmdb01-1.nordic.tuiad.org:1521,ecomxmdb01-2.nordic.tuiad.org:1521)</value>
        </NameValuePair>
        <NameValuePair>
            <name>Logging/AuditDBUser</name>
            <value>TDALEGONOBW</value>
        </NameValuePair>
        <NameValuePair>
            <name>Logging/AuditQueue</name>
            <value>AUDIT</value>
        </NameValuePair>
        <NameValuePair>
            <name>Logging/AuditTableName</name>
            <value>TIBCO_AUDITLOGS</value>
        </NameValuePair>
        <NameValuePairBoolean>
            <name>Logging/DBLogging</name>
            <value>true</value>
        </NameValuePairBoolean>
        <NameValuePairBoolean>
            <name>Logging/EnableAuditing</name>
            <value>true</value>
        </NameValuePairBoolean>
        <NameValuePairBoolean>
            <name>Logging/EnableExceptionAuditing</name>
            <value>true</value>
        </NameValuePairBoolean>
        <NameValuePair>
            <name>Logging/ExceptionQueue</name>
            <value>EXCEPTION</value>
        </NameValuePair>
        <NameValuePair>
            <name>Logging/ExceptionTableName</name>
            <value>TIBCO_EXCEPTIONLOGS</value>
        </NameValuePair>
        <NameValuePairBoolean>
            <name>Logging/FileLogging</name>
            <value>true</value>
        </NameValuePairBoolean>
    </NVPairs>
    <repoInstances selected="local">
        <httpRepoInstance></httpRepoInstance>
        <rvRepoInstance>
            <discoveryTimout>10</discoveryTimout>
            <regionalSubject></regionalSubject>
            <operationRetry>0</operationRetry>
        </rvRepoInstance>
        <localRepoInstance>
            <encoding>ISO8859-1</encoding>
        </localRepoInstance>
    </repoInstances>
    <services>
        <bw name="ExceptionHandlingFrameworkV2.par">
            <enabled>true</enabled>
            <bindings>
                <binding name="LEGO_NO_ExceptionHandlingFrameworkV2">
                    <machine>ecomxamw10</machine>
                    <product>
                        <type>BW</type>
                        <version>5.11</version>
                        <location>/opt/tibco/bw/5.11</location>
                    </product>
                    <setting>
                        <startOnBoot>false</startOnBoot>
                        <enableVerbose>false</enableVerbose>
                        <maxLogFileSize>20000</maxLogFileSize>
                        <maxLogFileCount>5</maxLogFileCount>
                        <threadCount>8</threadCount>
                        <java>
                            <initHeapSize>128</initHeapSize>
                            <maxHeapSize>256</maxHeapSize>
                            <threadStackSize>256</threadStackSize>
                        </java>
                    </setting>
                    <shutdown>
                        <checkpoint>false</checkpoint>
                        <timeout>0</timeout>
                    </shutdown>
                </binding>
            </bindings>
            <NVPairs name="Adapter SDK Properties">
                <NameValuePair>
                    <name>Trace.Task.*</name>
                    <value>false</value>
                </NameValuePair>
                <NameValuePair>
                    <name>EnableMemorySavingMode</name>
                    <value>false</value>
                </NameValuePair>
                <NameValuePair>
                    <name>bw.engine.enableJobRecovery</name>
                    <value>false</value>
                </NameValuePair>
                <NameValuePair>
                    <name>bw.engine.autoCheckpointRestart</name>
                    <value>true</value>
                </NameValuePair>
                <NameValuePair>
                    <name>bw.engine.jobstats.enable</name>
                    <value>false</value>
                </NameValuePair>
                <NameValuePair>
                    <name>log.file.encoding</name>
                    <value></value>
                </NameValuePair>
                <NameValuePair>
                    <name>bw.engine.emaEnabled</name>
                    <value>false</value>
                </NameValuePair>
                <NameValuePair>
                    <name>bw.container.service</name>
                    <value></value>
                </NameValuePair>
                <NameValuePair>
                    <name>bw.container.service.rmi.port</name>
                    <value>9995</value>
                </NameValuePair>
                <NameValuePair>
                    <name>bw.platform.services.retreiveresources.Enabled</name>
                    <value>false</value>
                </NameValuePair>
                <NameValuePair>
                    <name>bw.platform.services.retreiveresources.Hostname</name>
                    <value>localhost</value>
                </NameValuePair>
                <NameValuePair>
                    <name>bw.platform.services.retreiveresources.Httpport</name>
                    <value>8010</value>
                </NameValuePair>
                <NameValuePair>
                    <name>bw.platform.services.retreiveresources.defaultEncoding</name>
                    <value>ISO8859_1</value>
                </NameValuePair>
                <NameValuePair>
                    <name>bw.platform.services.retreiveresources.enableLookups</name>
                    <value>false</value>
                </NameValuePair>
                <NameValuePair>
                    <name>bw.platform.services.retreiveresources.isSecure</name>
                    <value>false</value>
                </NameValuePair>
                <NameValuePair>
                    <name>bw.platform.services.retreiveresources.identity</name>
                    <value>/Identity_HTTPConnection.id</value>
                </NameValuePair>
                <NameValuePair>
                    <name>bw.log4j.configuration</name>
                    <value></value>
                </NameValuePair>
                <NameValuePair>
                    <name>bw.plugin.http.client.usePersistentConnectionManager</name>
                    <value>true</value>
                </NameValuePair>
                <NameValuePair>
                    <name>bw.plugin.http.client.usePersistentConnectionManagerForSSL</name>
                    <value>true</value>
                </NameValuePair>
                <NameValuePair>
                    <name>bw.plugin.http.client.maxConnectionsPerHost</name>
                    <value>256</value>
                </NameValuePair>
                <NameValuePair>
                    <name>bw.plugin.http.client.maxTotalConnections</name>
                    <value>512</value>
                </NameValuePair>
                <NameValuePair>
                    <name>bw.plugin.http.client.connectionTimeout</name>
                    <value>20000</value>
                </NameValuePair>
                <NameValuePair>
                    <name>java.property.com.sun.management.jmxremote</name>
                    <value>false</value>
                </NameValuePair>
                <NameValuePair>
                    <name>java.property.com.sun.management.jmxremote.port</name>
                    <value>0</value>
                </NameValuePair>
                <NameValuePair>
                    <name>java.property.com.sun.management.jmxremote.authenticate</name>
                    <value>false</value>
                </NameValuePair>
                <NameValuePair>
                    <name>java.property.com.sun.management.jmxremote.ssl</name>
                    <value>false</value>
                </NameValuePair>
                <NameValuePair>
                    <name>bw.plugin.http.server.maxProcessors</name>
                    <value>100</value>
                </NameValuePair>
                <NameValuePair>
                    <name>bw.plugin.http.server.maxSpareProcessors</name>
                    <value>100</value>
                </NameValuePair>
                <NameValuePair>
                    <name>bw.plugin.http.client.checkForStaleConnections</name>
                    <value>true</value>
                </NameValuePair>
                <NameValuePair>
                    <name>bw.plugin.jms.recoverOnStartupError</name>
                    <value>true</value>
                </NameValuePair>
                <NameValuePair>
                    <name>bw.plugin.http.server.acceptCount</name>
                    <value>100</value>
                </NameValuePair>
                <NameValuePair>
                    <name>bw.plugin.http.server.serverType</name>
                    <value>Tomcat</value>
                </NameValuePair>
                <NameValuePair>
                    <name>bw.plugin.http.client.ResponseThreadPool</name>
                    <value>50</value>
                </NameValuePair>
            </NVPairs>
            <failureCount>0</failureCount>
            <failureInterval>0</failureInterval>
            <bwprocesses>
                <bwprocess name="AuditingService/ExceptionServiceV2.process">
                    <starter>JMS Queue Receiver</starter>
                    <enabled>true</enabled>
                    <maxJob>0</maxJob>
                    <activation>true</activation>
                    <flowLimit>0</flowLimit>
                </bwprocess>
                <bwprocess name="AuditingService/AuditServiceV2.process">
                    <starter>JMS Queue Receiver</starter>
                    <enabled>true</enabled>
                    <maxJob>0</maxJob>
                    <activation>true</activation>
                    <flowLimit>0</flowLimit>
                </bwprocess>
            </bwprocesses>
            <checkpoints selected="Local File">
                <checkpoint>Local File</checkpoint>
                <checkpoint>/SharedResources/Connection/Logging/AuditDBConnection</checkpoint>
                <tablePrefix>ExceptionH_99151137</tablePrefix>
            </checkpoints>
            <isFt>false</isFt>
        </bw>
    </services>
</application>