<?xml version="1.0" encoding="UTF-8"?>

<application xmlns="http://www.tibco.com/xmlns/ApplicationManagement" name="LEGONO/LEGO_NO_EntityService">
    <repoInstanceName>%%DOMAIN%%-LEGO_NO_EntityService</repoInstanceName>
    <NVPairs name="Global Variables">
        <NameValuePair>
            <name>CacheManager/JMSExpiration(inSec)</name>
            <value>30</value>
        </NameValuePair>
        <NameValuePairInteger>
            <name>CacheManager/JMSRequestTimeout</name>
            <value>3000</value>
        </NameValuePairInteger>
        <NameValuePair>
            <name>CacheManager/RedisDBIndex</name>
            <value>11</value>
        </NameValuePair>
        <NameValuePair>
            <name>CacheManager/RedisMasterConfig/hostName</name>
            <value>10.78.20.10</value>
        </NameValuePair>
        <NameValuePair>
            <name>CacheManager/RedisMasterConfig/maxActiveConnections</name>
            <value>100</value>
        </NameValuePair>
        <NameValuePair>
            <name>CacheManager/RedisMasterConfig/maxIdleConnections</name>
            <value>20</value>
        </NameValuePair>
        <NameValuePair>
            <name>CacheManager/RedisMasterConfig/port</name>
            <value>6379</value>
        </NameValuePair>
        <NameValuePairInteger>
            <name>CacheManager/RemoveExpiredCacheResources</name>
            <value>60000</value>
        </NameValuePairInteger>
        <NameValuePairBoolean>
            <name>CacheManager/ServiceConfiguration/CacheAuditing</name>
            <value>false</value>
        </NameValuePairBoolean>
        <NameValuePairBoolean>
            <name>CacheManager/ServiceConfiguration/DBCache</name>
            <value>false</value>
        </NameValuePairBoolean>
        <NameValuePairInteger>
            <name>CacheManager/ServiceConfiguration/DBTimeOut</name>
            <value>10</value>
        </NameValuePairInteger>
        <NameValuePairBoolean>
            <name>CacheManager/ServiceConfiguration/RedisCache</name>
            <value>true</value>
        </NameValuePairBoolean>
        <NameValuePairInteger>
            <name>CacheManager/ServiceConfiguration/TTLResource</name>
            <value>360000</value>
        </NameValuePairInteger>
        <NameValuePair>
            <name>CacheManager/log4jConfigFilePath</name>
            <value>/opt/tibco/tra/domain/no_log4jRedis.properties</value>
        </NameValuePair>
        <NameValuePairInteger>
            <name>CommonConfig/ExceptionTTL</name>
            <value>0</value>
        </NameValuePairInteger>
        <NameValuePair>
            <name>CommonConfig/JMSDynamicProperties/Name.Status</name>
            <value>Status</value>
        </NameValuePair>
        <NameValuePair>
            <name>CommonConfig/JMSDynamicProperties/Value.Failure</name>
            <value>failure</value>
        </NameValuePair>
        <NameValuePair>
            <name>CommonConfig/JMSDynamicProperties/Value.Success</name>
            <value>success</value>
        </NameValuePair>
        <NameValuePairInteger>
            <name>CommonConfig/JMSExpirationSeconds</name>
            <value>0</value>
        </NameValuePairInteger>
        <NameValuePairInteger>
            <name>CommonConfig/JMSRequestTimeout</name>
            <value>25</value>
        </NameValuePairInteger>
        <NameValuePair>
            <name>CommonConfig/ReloadResourceSTInterval</name>
            <value>21600000</value>
        </NameValuePair>
        <NameValuePairInteger>
            <name>CommonConfig/ReloadResourceTTLInterval</name>
            <value>86400000</value>
        </NameValuePairInteger>
		<NameValuePairInteger>
            <name>CommonConfig/ReloadAirportDataInterval</name>
            <value>604800000</value>
        </NameValuePairInteger>
        <NameValuePair>
            <name>CommonConfig/RequestTimeoutMilliSec</name>
            <value>25000</value>
        </NameValuePair>
        <NameValuePair>
            <name>CommonConfig/TTL</name>
            <value>0</value>
        </NameValuePair>
        <NameValuePair>
            <name>CommonConfig/tui-app-locale</name>
            <value>sv-SE</value>
        </NameValuePair>
        <NameValuePair>
            <name>Connection/HTTP/APIgatewayHost</name>
            <value>localhost</value>
        </NameValuePair>
        <NameValuePair>
            <name>Connection/HTTP/APIgatewayPort</name>
            <value>9040</value>
        </NameValuePair>
        <NameValuePair>
            <name>Connection/JDBC/Driver</name>
            <value>tibcosoftwareinc.jdbc.oracle.OracleDriver (RAC)</value>
        </NameValuePair>
        <NameValuePair>
            <name>Connection/JDBC/MaxConnection</name>
            <value>100</value>
        </NameValuePair>
        <NameValuePair>
            <name>Connection/JDBC/MaxRow</name>
            <value>100</value>
        </NameValuePair>
        <NameValuePairPassword>
            <name>Connection/JDBC/Password</name>
            <value>#!lM0QOvo3mL/7dApmYcreAUAzFOb/HJ2bB4MW6d/ET/E=</value>
        </NameValuePairPassword>
        <NameValuePair>
            <name>Connection/JDBC/Timeout</name>
            <value>20</value>
        </NameValuePair>
        <NameValuePair>
            <name>Connection/JDBC/URL</name>
            <value>jdbc:tibcosoftwareinc:oracle://ecomxmdb01-scan:1521;ServiceName=TDABW;AlternateServers=(ecomxmdb01-1.nordic.tuiad.org:1521,ecomxmdb01-2.nordic.tuiad.org:1521)</value>
        </NameValuePair>
        <NameValuePair>
            <name>Connection/JDBC/Username</name>
            <value>TDALEGONOBW</value>
        </NameValuePair>
        <NameValuePair>
            <name>Connection/JMS/Expiration</name>
            <value>30</value>
        </NameValuePair>
        <NameValuePair>
            <name>Connection/JMS/JMSExpiration(inSec)</name>
            <value>3</value>
        </NameValuePair>
        <NameValuePairPassword>
            <name>Connection/JMS/JNDIPwd</name>
            <value>#!ukEBywo5wQR+vZ0RwcGtCW8eEHdS4TgU</value>
        </NameValuePairPassword>
        <NameValuePair>
            <name>Connection/JMS/JNDIURL</name>
            <value>tibjmsnaming://10.78.20.10:7222</value>
        </NameValuePair>
        <NameValuePair>
            <name>Connection/JMS/JNDIUsername</name>
            <value>admin</value>
        </NameValuePair>
        <NameValuePairPassword>
            <name>Connection/JMS/Password</name>
            <value>#!FSNOYhuqmIIP88klL74SXik61ixPClnc</value>
        </NameValuePairPassword>
        <NameValuePair>
            <name>Connection/JMS/QueueConnectionFactory</name>
            <value>FTQueueConnectionFactory</value>
        </NameValuePair>
        <NameValuePair>
            <name>Connection/JMS/TopicConnectionFactory</name>
            <value>FTTopicConnectionFactory</value>
        </NameValuePair>
        <NameValuePair>
            <name>Connection/JMS/URL</name>
            <value>tcp://10.78.20.10:7222</value>
        </NameValuePair>
        <NameValuePair>
            <name>Connection/JMS/Username</name>
            <value>admin</value>
        </NameValuePair>
        <NameValuePair>
            <name>DirLedger</name>
            <value>.</value>
        </NameValuePair>
        <NameValuePair>
            <name>DirTrace</name>
            <value>.</value>
        </NameValuePair>
		<NameValuePair>
            <name>TUIAppName</name>
            <value>TUI.NO</value>
        </NameValuePair>
		 <NameValuePair>
            <name>ENV</name>
            <value>UAT.TDA</value>
        </NameValuePair>
        <NameValuePair>
            <name>EMSDestinations/DataServices/WeatherService/GetWeather</name>
            <value>TUI.GENERIC.UAT.TDA.ENTERPRISEGETWEATHER.V3</value>
        </NameValuePair>
		<NameValuePair>
            <name>FunctionalServices/ImageSize</name>
            <value>small=256,medium=512,large=1024,x-large=2048,xx-large=4096</value>
        </NameValuePair>
        <NameValuePair>
            <name>FunctionalServices/ResourceURI</name>
            <value>/bookings/</value>
        </NameValuePair>
        <NameValuePair>
            <name>HawkEnabled</name>
            <value>false</value>
        </NameValuePair>
        <NameValuePair>
            <name>JmsProviderUrl</name>
            <value>tcp://localhost:7222</value>
        </NameValuePair>
        <NameValuePair>
            <name>JmsSslProviderUrl</name>
            <value>ssl://localhost:7243</value>
        </NameValuePair>
        <NameValuePair>
            <name>RemoteRvDaemon</name>
            <value></value>
        </NameValuePair>
        <NameValuePair>
            <name>RvDaemon</name>
            <value>tcp:7500</value>
        </NameValuePair>
        <NameValuePair>
            <name>RvNetwork</name>
            <value></value>
        </NameValuePair>
        <NameValuePair>
            <name>RvService</name>
            <value>7500</value>
        </NameValuePair>
        <NameValuePair>
            <name>RvaHost</name>
            <value>localhost</value>
        </NameValuePair>
        <NameValuePair>
            <name>RvaPort</name>
            <value>7600</value>
        </NameValuePair>
        <NameValuePair>
            <name>ServiceConfiguration/BOOKINGBYID</name>
            <value>BOOKINGBYID</value>
        </NameValuePair>
        <NameValuePairBoolean>
            <name>ServiceConfiguration/BookingCacheEnabled</name>
            <value>true</value>
        </NameValuePairBoolean>
        <NameValuePairBoolean>
            <name>ServiceConfiguration/ContentCacheEnabled</name>
            <value>true</value>
        </NameValuePairBoolean>
		<NameValuePair>
            <name>ServiceConfiguration/DataServices/AirportLocation/AirportLocationDefaultEtag</name>
            <value>ae2da674d72dfa08cf9684f80cc7cbb332324547</value>
        </NameValuePair>
		<NameValuePair>
            <name>ServiceConfiguration/DataServices/AirportLocation/AirportLocationFullFilePath</name>
            <value>/opt/tibco/TUI_TDANOUAT/AirportLocation/AirportLocation.csv</value>
        </NameValuePair>
		<NameValuePair>
            <name>ServiceConfiguration/DataServices/AirportLocation/AirportLocationHost</name>
            <value>raw.githubusercontent.com</value>
        </NameValuePair>
		<NameValuePair>
            <name>ServiceConfiguration/DataServices/AirportLocation/AirportLocationRequestURI</name>
            <value>/jpatokal/openflights/master/data/airports.dat</value>
        </NameValuePair>
        <NameValuePairBoolean>
            <name>ServiceConfiguration/DataServices/AppServiceAuditing</name>
            <value>true</value>
        </NameValuePairBoolean>
        <NameValuePair>
            <name>ServiceConfiguration/DataServices/CRS/AgentNo</name>
            <value>DK=9000;FI=VWEB;NO=3334;SE=5103;Default=5103;</value>
        </NameValuePair>
        <NameValuePairInteger>
            <name>ServiceConfiguration/DataServices/CRS/CRSAPITimeout</name>
            <value>216000</value>
        </NameValuePairInteger>
        <NameValuePairBoolean>
            <name>ServiceConfiguration/DataServices/CRS/CRSCache</name>
            <value>true</value>
        </NameValuePairBoolean>
        <NameValuePair>
            <name>ServiceConfiguration/DataServices/CRS/CRSEndpoint</name>
            <value>http://10.78.23.17:9114/CICS/8888/DFHWSDSH/SAXML92D</value>
        </NameValuePair>
        <NameValuePair>
            <name>ServiceConfiguration/DataServices/CRS/CRSType</name>
            <value>CRS</value>
        </NameValuePair>
        <NameValuePair>
            <name>ServiceConfiguration/DataServices/CRS/CodePage</name>
            <value>DK=277;FI=278;NO=277;SE=278;Default=278;</value>
        </NameValuePair>
        <NameValuePair>
            <name>ServiceConfiguration/DataServices/CRS/CurrencyCode</name>
            <value>DK=DK;FI=FM;NO=NK;SE=SK;Default=SK;</value>
        </NameValuePair>
        <NameValuePair>
            <name>ServiceConfiguration/DataServices/CRS/CurrencyTxt</name>
            <value>DK=DKK;FI=EUR;NO=NOK;SE=SEK;Default=SEK;</value>
        </NameValuePair>
        <NameValuePair>
            <name>ServiceConfiguration/DataServices/CRS/CurrentMarket</name>
            <value>DK=B;FI=A;NO=3;SE=1;Default=1;</value>
        </NameValuePair>
        <NameValuePair>
            <name>ServiceConfiguration/DataServices/CRS/CustomNo</name>
            <value> </value>
        </NameValuePair>
        <NameValuePair>
            <name>ServiceConfiguration/DataServices/CRS/DefaultMarket</name>
            <value>DK=D;FI=F;NO=N;SE=S;Default=S;</value>
        </NameValuePair>
        <NameValuePair>
            <name>ServiceConfiguration/DataServices/CRS/JMSTimeout</name>
            <value>1500</value>
        </NameValuePair>
        <NameValuePair>
            <name>ServiceConfiguration/DataServices/CRS/OprId</name>
            <value>008</value>
        </NameValuePair>
        <NameValuePair>
            <name>ServiceConfiguration/DataServices/CRS/SessionId</name>
            <value> </value>
        </NameValuePair>
		<NameValuePair>
            <name>ServiceConfiguration/DataServices/CRS/StubSoapAction</name>
            <value></value>
        </NameValuePair>
        <NameValuePair>
            <name>ServiceConfiguration/DataServices/CRS/SystemEnvironment</name>
            <value>TEST</value>
        </NameValuePair>
        <NameValuePair>
            <name>ServiceConfiguration/DataServices/CRS/SystemName</name>
            <value>CRS</value>
        </NameValuePair>
        <NameValuePair>
            <name>ServiceConfiguration/DataServices/CRS/TerminalID</name>
            <value>-XXX</value>
        </NameValuePair>
        <NameValuePair>
            <name>ServiceConfiguration/DataServices/CRS/TextLanguage</name>
            <value>DK=DK;FI=FM;NO=NK;SE=SK;Default=SK;</value>
        </NameValuePair>
        <NameValuePair>
            <name>ServiceConfiguration/DataServices/CRS/Timeout</name>
            <value>1000</value>
        </NameValuePair>
        <NameValuePair>
            <name>ServiceConfiguration/DataServices/CRS/TypeOfAction</name>
            <value>ViewBookingRQ</value>
        </NameValuePair>
        <NameValuePair>
            <name>ServiceConfiguration/DataServices/CRS/UserId</name>
            <value>D62COR</value>
        </NameValuePair>
        <NameValuePair>
            <name>ServiceConfiguration/DataServices/CRS/Version</name>
            <value>2.00</value>
        </NameValuePair>
        <NameValuePair>
            <name>ServiceConfiguration/DataServices/CRS/ViewBookingVers</name>
            <value>01</value>
        </NameValuePair>
        <NameValuePair>
            <name>ServiceConfiguration/DataServices/CRS/ViewPrintTicket</name>
            <value>N</value>
        </NameValuePair>
        <NameValuePair>
            <name>ServiceConfiguration/DataServices/CRS/ViewSecurityCheck</name>
            <value> </value>
        </NameValuePair>
        <NameValuePair>
            <name>ServiceConfiguration/DataServices/ContentAPI/APIHost</name>
            <value>SE=api.fritidsresor.se.tuinordic.com;DK=api.startour.dk.tuinordic.com;FI=api.finnmatkat.fi.tuinordic.com;NO=api.startour.no.tuinordic.com</value>
        </NameValuePair>
        <NameValuePairBoolean>
            <name>ServiceConfiguration/DataServices/ContentAPI/ContentAPICache</name>
            <value>true</value>
        </NameValuePairBoolean>
        <NameValuePairInteger>
            <name>ServiceConfiguration/DataServices/ContentAPI/ContentAPITimeout</name>
            <value>10000</value>
        </NameValuePairInteger>
        <NameValuePair>
            <name>ServiceConfiguration/DataServices/ContentAPI/SystemName</name>
            <value>ContentAPI</value>
        </NameValuePair>
		<NameValuePair>
            <name>ServiceConfiguration/DataServices/ContentAPI/ContentSystemStubURI</name>
            <value>http://10.78.20.25:9093</value>
        </NameValuePair>
        <NameValuePair>
            <name>ServiceConfiguration/DataServices/ContentAPI/contentAPIResourceTTL</name>
            <value>216000</value>
        </NameValuePair>
		<NameValuePair>
            <name>ServiceConfiguration/DataServices/ContentAPI/DestinationConfigByIDHost</name>
            <value>http://10.75.17.108:8088/v1/geography/destinationconfigs/</value>
        </NameValuePair>
		<NameValuePair>
            <name>ServiceConfiguration/DataServices/ContentAPI/DestinationConfigHost</name>
            <value>http://10.75.17.108:86/api/ppc/</value>
        </NameValuePair>
		<NameValuePair>
            <name>ServiceConfiguration/DataServices/ContentAPI/DestinationURI</name>
            <value>/content/destinations/</value>
        </NameValuePair>
		<NameValuePair>
            <name>ServiceConfiguration/DataServices/ContentAPI/GetDestination</name>
            <value>GetDestination</value>
        </NameValuePair>
		<NameValuePair>
            <name>ServiceConfiguration/DataServices/ContentAPI/GetPackageProductConfig</name>
            <value>GetPackageProductConfig</value>
        </NameValuePair>
		<NameValuePair>
            <name>ServiceConfiguration/DataServices/ContentAPI/GetProductDestinationConfig</name>
            <value>GetProductDestinationConfig</value>
        </NameValuePair>
		<NameValuePairBoolean>
            <name>ServiceConfiguration/DataServices/SourceSystemStub</name>
            <value>false</value>
        </NameValuePairBoolean>
        <NameValuePair>
            <name>ServiceConfiguration/DataServices/TIMS/OperationName</name>
            <value>GetMessageHistory</value>
        </NameValuePair>
        <NameValuePair>
            <name>ServiceConfiguration/DataServices/TIMS/ResourceURI</name>
            <value>https://tui-stage-appgw.sigma.se/appgw</value>
        </NameValuePair>
        <NameValuePair>
            <name>ServiceConfiguration/DataServices/TIMS/ServiceNname</name>
            <value>TIMS</value>
        </NameValuePair>
        <NameValuePairInteger>
            <name>ServiceConfiguration/DataServices/TIMS/Timeout</name>
            <value>10000</value>
        </NameValuePairInteger>
        <NameValuePair>
            <name>ServiceConfiguration/DataServices/TIMS/lastTimestamp</name>
            <value>-1</value>
        </NameValuePair>
        <NameValuePair>
            <name>ServiceConfiguration/DataServices/TIMS/requestedBy</name>
            <value>test</value>
        </NameValuePair>
        <NameValuePairBoolean>
            <name>ServiceConfiguration/EntityCacheEnabled</name>
            <value>true</value>
        </NameValuePairBoolean>
        <NameValuePair>
            <name>ServiceConfiguration/Images</name>
            <value>Images</value>
        </NameValuePair>
        <NameValuePair>
            <name>ServiceConfiguration/TTL_Booking</name>
            <value>1800</value>
        </NameValuePair>
		<NameValuePair>
            <name>ServiceConfiguration/bookingType</name>
            <value>PACKAGE</value>
        </NameValuePair>
		<NameValuePair>
            <name>ServiceConfiguration/transfer_duration_static_value</name>
            <value>45</value>
        </NameValuePair>
        <NameValuePairInteger>
            <name>SessionManagerConfig/JMSRequestTimeout</name>
            <value>3000</value>
        </NameValuePairInteger>
        <NameValuePairInteger>
            <name>SessionManagerConfig/RemoveExpiredSessions</name>
            <value>60000</value>
        </NameValuePairInteger>
        <NameValuePair>
            <name>SessionManagerConfig/ResourceURI1</name>
            <value>/bookings/</value>
        </NameValuePair>
        <NameValuePairInteger>
            <name>SessionManagerConfig/TTL</name>
            <value>1800</value>
        </NameValuePairInteger>
        <NameValuePair>
            <name>SessionManagerConfig/isCacheEnabled</name>
            <value>true</value>
        </NameValuePair>
        <NameValuePair>
            <name>SessionManagerConfig/isDBEnabled</name>
            <value>true</value>
        </NameValuePair>
        <NameValuePair>
            <name>TIBHawkDaemon</name>
            <value>tcp:7474</value>
        </NameValuePair>
        <NameValuePair>
            <name>TIBHawkNetwork</name>
            <value></value>
        </NameValuePair>
        <NameValuePair>
            <name>TIBHawkService</name>
            <value>7474</value>
        </NameValuePair>
        <NameValuePair>
            <name>Version/APIVersion</name>
            <value>V1</value>
        </NameValuePair>
		<NameValuePair>
            <name>Version/APIVersion2</name>
            <value>V2</value>
        </NameValuePair>
        <NameValuePair>
            <name>Version/V1ImplementationNumber</name>
            <value>20</value>
        </NameValuePair>
		<NameValuePair>
            <name>Version/V2ImplementationNumber</name>
            <value>20</value>
        </NameValuePair>
        <NameValuePair>
            <name>CacheManager/RedisSlaveConfig/hostName</name>
            <value>10.78.20.10</value>
        </NameValuePair>
        <NameValuePair>
            <name>CacheManager/RedisSlaveConfig/maxIdleConnections</name>
            <value>20</value>
        </NameValuePair>
        <NameValuePair>
            <name>CacheManager/RedisSlaveConfig/maxActiveConnections</name>
            <value>100</value>
        </NameValuePair>
		<NameValuePair>
            <name>FunctionalServices/WrongAirportCode</name>
            <value>STO=ARN,MMA=MMX</value>
        </NameValuePair>
        <NameValuePairBoolean>
            <name>FunctionalServices/isCacheEnabled</name>
            <value>true</value>
        </NameValuePairBoolean>
        <NameValuePair>
            <name>CacheManager/RedisSlaveConfig/port</name>
            <value>6379</value>
        </NameValuePair>
    </NVPairs>
    <repoInstances selected="local">
        <httpRepoInstance></httpRepoInstance>
        <rvRepoInstance>
            <discoveryTimout>10</discoveryTimout>
            <regionalSubject></regionalSubject>
            <operationRetry>0</operationRetry>
        </rvRepoInstance>
        <localRepoInstance>
            <encoding>ISO8859-1</encoding>
        </localRepoInstance>
    </repoInstances>
    <services>
        <bw name="LEGO_NO_EntityService.par">
            <enabled>true</enabled>
            <bindings>
                <binding name="LEGO_NO_EntityService">
                    <machine>ecomxamw10</machine>
                    <product>
                        <type>BW</type>
                        <version>5.11</version>
                        <location>/opt/tibco/bw/5.11</location>
                    </product>
                    <setting>
                        <startOnBoot>false</startOnBoot>
                        <enableVerbose>false</enableVerbose>
                        <maxLogFileSize>20000</maxLogFileSize>
                        <maxLogFileCount>5</maxLogFileCount>
                        <threadCount>48</threadCount>
                        <java>
                            <initHeapSize>1024</initHeapSize>
                            <maxHeapSize>1024</maxHeapSize>
                            <threadStackSize>512</threadStackSize>
                        </java>
                    </setting>
                    <shutdown>
                        <checkpoint>false</checkpoint>
                        <timeout>0</timeout>
                    </shutdown>
                </binding>
            </bindings>
            <NVPairs name="Runtime Variables">
                <NameValuePair>
                    <name>CacheManager/RedisSlaveConfig/hostName</name>
                    <value>localhost</value>
                </NameValuePair>
                <NameValuePair>
                    <name>CacheManager/RedisSlaveConfig/maxIdleConnections</name>
                    <value>20</value>
                </NameValuePair>
                <NameValuePair>
                    <name>CacheManager/RedisSlaveConfig/maxActiveConnections</name>
                    <value>100</value>
                </NameValuePair>
                <NameValuePairBoolean>
                    <name>FunctionalServices/isCacheEnabled</name>
                    <value>true</value>
                </NameValuePairBoolean>
                <NameValuePair>
                    <name>CacheManager/RedisSlaveConfig/port</name>
                    <value>6379</value>
                </NameValuePair>
            </NVPairs>
            <NVPairs name="Adapter SDK Properties">
                <NameValuePair>
                    <name>Trace.Task.*</name>
                    <value>false</value>
                </NameValuePair>
                <NameValuePair>
                    <name>EnableMemorySavingMode</name>
                    <value>false</value>
                </NameValuePair>
                <NameValuePair>
                    <name>bw.engine.enableJobRecovery</name>
                    <value>false</value>
                </NameValuePair>
                <NameValuePair>
                    <name>bw.engine.autoCheckpointRestart</name>
                    <value>true</value>
                </NameValuePair>
                <NameValuePair>
                    <name>bw.engine.jobstats.enable</name>
                    <value>false</value>
                </NameValuePair>
                <NameValuePair>
                    <name>log.file.encoding</name>
                    <value></value>
                </NameValuePair>
                <NameValuePair>
                    <name>bw.engine.emaEnabled</name>
                    <value>false</value>
                </NameValuePair>
                <NameValuePair>
                    <name>bw.container.service</name>
                    <value></value>
                </NameValuePair>
                <NameValuePair>
                    <name>bw.container.service.rmi.port</name>
                    <value>9995</value>
                </NameValuePair>
                <NameValuePair>
                    <name>bw.platform.services.retreiveresources.Enabled</name>
                    <value>false</value>
                </NameValuePair>
                <NameValuePair>
                    <name>bw.platform.services.retreiveresources.Hostname</name>
                    <value>localhost</value>
                </NameValuePair>
                <NameValuePair>
                    <name>bw.platform.services.retreiveresources.Httpport</name>
                    <value>8010</value>
                </NameValuePair>
                <NameValuePair>
                    <name>bw.platform.services.retreiveresources.defaultEncoding</name>
                    <value>ISO8859_1</value>
                </NameValuePair>
                <NameValuePair>
                    <name>bw.platform.services.retreiveresources.enableLookups</name>
                    <value>false</value>
                </NameValuePair>
                <NameValuePair>
                    <name>bw.platform.services.retreiveresources.isSecure</name>
                    <value>false</value>
                </NameValuePair>
                <NameValuePair>
                    <name>bw.platform.services.retreiveresources.identity</name>
                    <value>/Identity_HTTPConnection.id</value>
                </NameValuePair>
                <NameValuePair>
                    <name>bw.log4j.configuration</name>
                    <value></value>
                </NameValuePair>
                <NameValuePair>
                    <name>bw.plugin.http.client.usePersistentConnectionManager</name>
                    <value>false</value>
                </NameValuePair>
                <NameValuePair>
                    <name>bw.plugin.http.client.usePersistentConnectionManagerForSSL</name>
                    <value>false</value>
                </NameValuePair>
                <NameValuePair>
                    <name>bw.plugin.http.client.maxConnectionsPerHost</name>
                    <value>100</value>
                </NameValuePair>
                <NameValuePair>
                    <name>bw.plugin.http.client.maxTotalConnections</name>
                    <value>200</value>
                </NameValuePair>
                <NameValuePair>
                    <name>bw.plugin.http.client.connectionTimeout</name>
                    <value>25000</value>
                </NameValuePair>
                <NameValuePair>
                    <name>java.property.com.sun.management.jmxremote</name>
                    <value>false</value>
                </NameValuePair>
                <NameValuePair>
                    <name>java.property.com.sun.management.jmxremote.port</name>
                    <value>0</value>
                </NameValuePair>
                <NameValuePair>
                    <name>java.property.com.sun.management.jmxremote.authenticate</name>
                    <value>false</value>
                </NameValuePair>
                <NameValuePair>
                    <name>java.property.com.sun.management.jmxremote.ssl</name>
                    <value>false</value>
                </NameValuePair>
                <NameValuePair>
                    <name>bw.plugin.http.server.maxProcessors</name>
                    <value>400</value>
                </NameValuePair>
                <NameValuePair>
                    <name>bw.plugin.http.server.maxSpareProcessors</name>
                    <value>50</value>
                </NameValuePair>
                <NameValuePair>
                    <name>bw.plugin.http.client.checkForStaleConnections</name>
                    <value>true</value>
                </NameValuePair>
                <NameValuePair>
                    <name>bw.plugin.jms.recoverOnStartupError</name>
                    <value>true</value>
                </NameValuePair>
                <NameValuePair>
                    <name>bw.plugin.http.server.acceptCount</name>
                    <value>100</value>
                </NameValuePair>
                <NameValuePair>
                    <name>bw.plugin.http.server.serverType</name>
                    <value>Tomcat</value>
                </NameValuePair>
                <NameValuePair>
                    <name>bw.plugin.http.client.ResponseThreadPool</name>
                    <value>100</value>
                </NameValuePair>
				<NameValuePair>
                    <name>bw.plugin.http.client.ResponseThreadPool.type</name>
                    <value>single</value>
                </NameValuePair>
            </NVPairs>
            <failureCount>0</failureCount>
            <failureInterval>0</failureInterval>
            <bwprocesses>
                <bwprocess name="ServiceLayers/Entities/GetDestination.process">
                    <starter>JMS Queue Receiver</starter>
                    <enabled>true</enabled>
                    <maxJob>0</maxJob>
                    <activation>true</activation>
                    <flowLimit>0</flowLimit>
                </bwprocess>
                <bwprocess name="ServiceLayers/Entities/GetAccomodation.process">
                    <starter>JMS Queue Receiver</starter>
                    <enabled>true</enabled>
                    <maxJob>0</maxJob>
                    <activation>true</activation>
                    <flowLimit>0</flowLimit>
                </bwprocess>
                <bwprocess name="ServiceLayers/Entities/GetTransport.process">
                    <starter>JMS Queue Receiver</starter>
                    <enabled>true</enabled>
                    <maxJob>0</maxJob>
                    <activation>true</activation>
                    <flowLimit>0</flowLimit>
                </bwprocess>
                <bwprocess name="ServiceLayers/Entities/GetBookings.process">
                    <starter>JMS Queue Receiver</starter>
                    <enabled>true</enabled>
                    <maxJob>0</maxJob>
                    <activation>true</activation>
                    <flowLimit>0</flowLimit>
                </bwprocess>
                <bwprocess name="CacheManager/Client/LoadResourceTTL.process">
                    <starter>onStartup</starter>
                    <enabled>true</enabled>
                    <maxJob>0</maxJob>
                    <activation>true</activation>
                    <flowLimit>0</flowLimit>
                </bwprocess>
                <bwprocess name="CacheManager/Client/ReLoadResourceTTL.process">
                    <starter>Timer</starter>
                    <enabled>true</enabled>
                    <maxJob>0</maxJob>
                    <activation>true</activation>
                    <flowLimit>0</flowLimit>
                </bwprocess>
                <bwprocess name="SharedResources/JavaGlobalInstance/RedisUtilityGlobal.serviceagent">
                    <starter>RedisUtilityGlobal</starter>
                    <enabled>true</enabled>
                    <maxJob>0</maxJob>
                    <activation>true</activation>
                    <flowLimit>0</flowLimit>
                </bwprocess>
                <bwprocess name="ServiceLayers/Entities/GetBookingByID.process">
                    <starter>JMS Queue Receiver</starter>
                    <enabled>true</enabled>
                    <maxJob>0</maxJob>
                    <activation>true</activation>
                    <flowLimit>0</flowLimit>
                </bwprocess>
                <bwprocess name="CommonProcess/LoadErrorCodeOnStartUp.process">
                    <starter>onStartup</starter>
                    <enabled>true</enabled>
                    <maxJob>0</maxJob>
                    <activation>true</activation>
                    <flowLimit>0</flowLimit>
                </bwprocess>
                <bwprocess name="ServiceLayers/Entities/GetMessage.process">
                    <starter>JMS Queue Receiver</starter>
                    <enabled>true</enabled>
                    <maxJob>0</maxJob>
                    <activation>true</activation>
                    <flowLimit>0</flowLimit>
                </bwprocess>
                <bwprocess name="ServiceLayers/Entities/GetWeather.process">
                    <starter>JMS Queue Receiver</starter>
                    <enabled>true</enabled>
                    <maxJob>0</maxJob>
                    <activation>true</activation>
                    <flowLimit>0</flowLimit>
                </bwprocess>
                <bwprocess name="ServiceLayers/Entities/GetContact.process">
                    <starter>JMS Queue Receiver</starter>
                    <enabled>true</enabled>
                    <maxJob>0</maxJob>
                    <activation>true</activation>
                    <flowLimit>0</flowLimit>
                </bwprocess>
                <bwprocess name="ServiceLayers/Entities/SendMessage.process">
                    <starter>JMS Queue Receiver</starter>
                    <enabled>true</enabled>
                    <maxJob>0</maxJob>
                    <activation>true</activation>
                    <flowLimit>0</flowLimit>
                </bwprocess>
                <bwprocess name="ServiceLayers/Entities/GetLogin.process">
                    <starter>JMS Queue Receiver</starter>
                    <enabled>true</enabled>
                    <maxJob>0</maxJob>
                    <activation>true</activation>
                    <flowLimit>0</flowLimit>
                </bwprocess>
                <bwprocess name="ServiceLayers/Entities/GetExcursions.process">
                    <starter>JMS Queue Receiver</starter>
                    <enabled>true</enabled>
                    <maxJob>0</maxJob>
                    <activation>true</activation>
                    <flowLimit>0</flowLimit>
                </bwprocess>
            </bwprocesses>
            <checkpoints selected="Local File">
                <checkpoint>Local File</checkpoint>
                <checkpoint>/SharedResources/Connection/JDBC/JDBCConnection</checkpoint>
                <tablePrefix>LegoNordic_18732501</tablePrefix>
            </checkpoints>
            <isFt>false</isFt>
        </bw>
    </services>
</application>