<?xml version="1.0" encoding="UTF-8" ?>
<Records>
	<Record>
		<KEY>mw_screen_contactUs_preHoliday_nonRetail_link_contactPhone_url_th</KEY>
		<LANG>en</LANG>
		<COUNTRY>GB</COUNTRY>
		<TEXT>0203 451 2688</TEXT>
	</Record>
	<Record>
		<KEY>mw_screen_contactUs_preHoliday_nonRetail_link_contactMail_url_th</KEY>
		<LANG>en</LANG>
		<COUNTRY>GB</COUNTRY>
		<TEXT>http://www.thomson.co.uk/editorial/send-us-an-email-confBooking.html</TEXT>
	</Record>
	<Record>
		<KEY>mw_screen_contactUs_preHoliday_retail_link_linkPrivacy_url_fc</KEY>
		<LANG>en</LANG>
		<COUNTRY>GB</COUNTRY>
		<TEXT>http://www.firstchoice.co.uk/our-policies/my-first-choice-terms-and-conditions/</TEXT>
	</Record>
	<Record>
		<KEY>mw_screen_contactUs_preHoliday_retail_link_linkPrivacy_url_th</KEY>
		<LANG>en</LANG>
		<COUNTRY>GB</COUNTRY>
		<TEXT>http://www.thomson.co.uk/editorial/legal/privacy-policy.html</TEXT>
	</Record>
	<Record>
		<KEY>mw_screen_contactUs_preHoliday_retail_link_linkTerm_url_fc</KEY>
		<LANG>en</LANG>
		<COUNTRY>GB</COUNTRY>
		<TEXT>http://www.firstchoice.co.uk/our-policies/my-first-choice-terms-and-conditions/</TEXT>
	</Record>
	<Record>
		<KEY>mw_screen_contactUs_preHoliday_retail_link_linkTerm_url_th</KEY>
		<LANG>en</LANG>
		<COUNTRY>GB</COUNTRY>
		<TEXT>http://www.thomson.co.uk/editorial/legal/booking-terms-and-conditions.html</TEXT>
	</Record>
	<Record>
		<KEY>mw_screen_contactUs_preHoliday_nonRetail_link_linkTerm_url_fc</KEY>
		<LANG>en</LANG>
		<COUNTRY>GB</COUNTRY>
		<TEXT>http://www.firstchoice.co.uk/our-policies/my-first-choice-terms-and-conditions/</TEXT>
	</Record>
	<Record>
		<KEY>mw_screen_contactUs_preHoliday_nonRetail_link_linkTerm_url_th</KEY>
		<LANG>en</LANG>
		<COUNTRY>GB</COUNTRY>
		<TEXT>http://www.thomson.co.uk/editorial/legal/booking-terms-and-conditions.html</TEXT>
	</Record>
	<Record>
		<KEY>mw_screen_contactUs_preHoliday_nonRetail_link_linkPrivacy_url_fc</KEY>
		<LANG>en</LANG>
		<COUNTRY>GB</COUNTRY>
		<TEXT>https://www.firstchoice.co.uk/our-policies/privacy-policy/</TEXT>
	</Record>
	<Record>
		<KEY>mw_screen_contactUs_preHoliday_nonRetail_link_linkPrivacy_url_th</KEY>
		<LANG>en</LANG>
		<COUNTRY>GB</COUNTRY>
		<TEXT>http://www.thomson.co.uk/editorial/legal/privacy-policy.html</TEXT>
	</Record>
	<Record>
		<KEY>mw_screen_contactUs_duringHoliday_link_contactPhone_url</KEY>
		<LANG>en</LANG>
		<COUNTRY>GB</COUNTRY>
		<TEXT>0844 871 0878</TEXT>
	</Record>
	<Record>
		<KEY>mw_screen_contactUs_duringHoliday_link_contactMail_url</KEY>
		<LANG>en</LANG>
		<COUNTRY>GB</COUNTRY>
		<TEXT>MyThomsonOnline@thomson.co.uk</TEXT>
	</Record>
	<Record>
		<KEY>mw_screen_contactUs_duringHoliday_link_linkTerm_url_fc</KEY>
		<LANG>en</LANG>
		<COUNTRY>GB</COUNTRY>
		<TEXT>http://www.firstchoice.co.uk/our-policies/my-first-choice-terms-and-conditions/</TEXT>
	</Record>
	<Record>
		<KEY>mw_screen_contactUs_duringHoliday_link_linkTerm_url_th</KEY>
		<LANG>en</LANG>
		<COUNTRY>GB</COUNTRY>
		<TEXT>http://www.thomson.co.uk/editorial/legal/booking-terms-and-conditions.html</TEXT>
	</Record>
	<Record>
		<KEY>mw_screen_contactUs_duringHoliday_link_linkPrivacy_url_fc</KEY>
		<LANG>en</LANG>
		<COUNTRY>GB</COUNTRY>
		<TEXT>http://www.firstchoice.co.uk/our-policies/my-first-choice-terms-and-conditions/</TEXT>
	</Record>
	<Record>
		<KEY>mw_screen_contactUs_duringHoliday_link_linkPrivacy_url_th</KEY>
		<LANG>en</LANG>
		<COUNTRY>GB</COUNTRY>
		<TEXT>http://www.thomson.co.uk/editorial/legal/privacy-policy.html</TEXT>
	</Record>
	<Record>
		<KEY>mw_screen_contactUs_postHoliday_link_contactPhone_url</KEY>
		<LANG>en</LANG>
		<COUNTRY>GB</COUNTRY>
		<TEXT>0203 451 2693</TEXT>
	</Record>
	<Record>
		<KEY>mw_screen_contactUs_postHoliday_link_linkTerm_url_fc</KEY>
		<LANG>en</LANG>
		<COUNTRY>GB</COUNTRY>
		<TEXT>http://www.firstchoice.co.uk/our-policies/my-first-choice-terms-and-conditions/</TEXT>
	</Record>
	<Record>
		<KEY>mw_screen_contactUs_postHoliday_link_linkTerm_url_th</KEY>
		<LANG>en</LANG>
		<COUNTRY>GB</COUNTRY>
		<TEXT>http://www.thomson.co.uk/editorial/legal/booking-terms-and-conditions.html</TEXT>
	</Record>
	<Record>
		<KEY>mw_screen_contactUs_postHoliday_link_linkPrivacy_url_fc</KEY>
		<LANG>en</LANG>
		<COUNTRY>GB</COUNTRY>
		<TEXT>http://www.firstchoice.co.uk/our-policies/my-first-choice-terms-and-conditions/</TEXT>
	</Record>
	<Record>
		<KEY>mw_screen_contactUs_postHoliday_link_linkPrivacy_url_th</KEY>
		<LANG>en</LANG>
		<COUNTRY>GB</COUNTRY>
		<TEXT>http://www.thomson.co.uk/editorial/legal/privacy-policy.html</TEXT>
	</Record>
	<Record>
		<KEY>mw_screen_contactUs_postHoliday_openingHours</KEY>
		<LANG>en</LANG>
		<COUNTRY>GB</COUNTRY>
		<TEXT>9am-5.00pm|9am-5.00pm|9am-5.00pm|9am-5.00pm|9am-5.00pm|Closed|Closed</TEXT>
	</Record>
	<Record>
		<KEY>mw_screen_contactUs_preHoliday_nonRetail_openingHours</KEY>
		<LANG>en</LANG>
		<COUNTRY>GB</COUNTRY>
		<TEXT>8am-8:00pm|8am-8:00pm|8am-8:00pm|8am-8:00pm|8am-8:00pm|9am-6:00pm|10am-5:00pm</TEXT>
	</Record>
	<Record>
		<KEY>mw_screen_contactUs_preHoliday_nonRetail_link_contactPhone_url_fc</KEY>
		<LANG>en</LANG>
		<COUNTRY>GB</COUNTRY>
		<TEXT>0203 451 2720</TEXT>
	</Record>
	<Record>
		<KEY>mw_screen_contactUs_preHoliday_nonRetail_link_contactMail_url_fc</KEY>
		<LANG>en</LANG>
		<COUNTRY>GB</COUNTRY>
		<TEXT>http://www.firstchoice.co.uk/contact-us/</TEXT>
	</Record>
</Records>