<?xml version = "1.0" encoding = "UTF-8"?>
<root>
	<ns0:model xmlns:ns0 = "http://xmlns.tui.com/mw/tda/ReservationTypes.xsd">
		<ns0:brand>FC</ns0:brand>
		<ns0:reservation id = "82734" version = "5">
			<ns0:holidayStatus>Pre-Holiday</ns0:holidayStatus>
			<ns0:IsRetailBooking>false</ns0:IsRetailBooking>
			<ns0:IsOnlineBooking>true</ns0:IsOnlineBooking>
			<ns0:IsCallCentreBooking>false</ns0:IsCallCentreBooking>
			<ns0:owningTravelAgent>2214</ns0:owningTravelAgent>
			<ns0:startDateTime>2016-05-22T00:00:00</ns0:startDateTime>
			<ns0:endDateTime>2016-05-29T00:00:00</ns0:endDateTime>
			<ns0:hotelService code = "ESCD0052" contentIdRef = "027942" id = "hotel-6674084" type = "hotel">
				<ns0:participant>
					<ns0:salutation>Mr</ns0:salutation>
					<ns0:firstName>Daniel</ns0:firstName>
					<ns0:lastName>Walsh</ns0:lastName>
				</ns0:participant>
				<ns0:participant>
					<ns0:salutation>Mrs</ns0:salutation>
					<ns0:firstName>Emma</ns0:firstName>
					<ns0:lastName>Walsh</ns0:lastName>
				</ns0:participant>
				<ns0:participant>
					<ns0:salutation>Miss</ns0:salutation>
					<ns0:firstName>Holly</ns0:firstName>
					<ns0:lastName>Wines</ns0:lastName>
				</ns0:participant>
				<ns0:participant>
					<ns0:salutation>Miss</ns0:salutation>
					<ns0:firstName>Lily</ns0:firstName>
					<ns0:lastName>Walsh</ns0:lastName>
				</ns0:participant>
				<ns0:participant>
					<ns0:salutation>Master</ns0:salutation>
					<ns0:firstName>Jake</ns0:firstName>
					<ns0:lastName>Walsh</ns0:lastName>
				</ns0:participant>
				<ns0:details>
					<ns1:Booking_Component xmlns:ns1 = "http://tui.com/xsd/interface/bookingview/json/v1">
						<ns1:booking_component_id>6674084</ns1:booking_component_id>
						<ns1:delivery_sequence>1</ns1:delivery_sequence>
						<ns1:start_datetime>2016-05-22T00:00:00</ns1:start_datetime>
						<ns1:end_datetime>2016-05-29T00:00:00</ns1:end_datetime>
						<ns1:total_passengers>5</ns1:total_passengers>
						<ns1:total_price>1806.04</ns1:total_price>
						<ns1:component_type>Accommodation_Unit</ns1:component_type>
						<ns1:Accommodation_Unit>
							<ns1:accommodation_code>ESCD0052</ns1:accommodation_code>
							<ns1:accommodation_content_code>027942</ns1:accommodation_content_code>
							<ns1:accommodation_name>Holiday Village Costa del Sol</ns1:accommodation_name>
							<ns1:room>
								<ns1:room_type_id>1BA04</ns1:room_type_id>
								<ns1:room_name>1 Bedroom Apartment</ns1:room_name>
								<ns1:room_desc>1 Bedroom Apartment with Sea View, Pool View and Balcony or Terrace</ns1:room_desc>
							</ns1:room>
							<ns1:accommodation_star_rating>4 Star</ns1:accommodation_star_rating>
						</ns1:Accommodation_Unit>
					</ns1:Booking_Component>
				</ns0:details>
				<ns0:name>Holiday Village Costa del Sol</ns0:name>
				<ns0:subService code = "1BA04" type = "room">
					<ns0:description>1 Bedroom Apartment with Sea View, Pool View and Balcony or Terrace</ns0:description>
				</ns0:subService>
				<ns0:startDate>2016-05-22</ns0:startDate>
				<ns0:endDate>2016-05-29</ns0:endDate>
			</ns0:hotelService>
			<ns0:flightService id = "flight-764103" type = "flight">
				<ns0:details>
					<ns1:Booking_Component xmlns:ns1 = "http://tui.com/xsd/interface/bookingview/json/v1">
						<ns1:booking_component_id>764103</ns1:booking_component_id>
						<ns1:delivery_sequence>2</ns1:delivery_sequence>
						<ns1:start_datetime>2016-05-22T13:35:00</ns1:start_datetime>
						<ns1:end_datetime>2016-05-22T16:25:00</ns1:end_datetime>
						<ns1:total_passengers>4</ns1:total_passengers>
						<ns1:total_price>122</ns1:total_price>
						<ns1:component_type>Flight</ns1:component_type>
						<ns1:Flight>
							<ns1:flight_id>TOM4760</ns1:flight_id>
							<ns1:direction>OUT</ns1:direction>
							<ns1:carrier>
								<ns1:code>TOM</ns1:code>
								<ns1:__content>Thomson Airways</ns1:__content>
							</ns1:carrier>
							<ns1:departure_point>LGW</ns1:departure_point>
							<ns1:departure_point_name>London Gatwick Airport</ns1:departure_point_name>
							<ns1:arrival_point>AGP</ns1:arrival_point>
							<ns1:arrival_point_name>Costa Del Sol, Malaga Airport</ns1:arrival_point_name>
							<ns1:haul_type>Short Haul</ns1:haul_type>
						</ns1:Flight>
					</ns1:Booking_Component>
				</ns0:details>
				<ns0:subService type = "sector">
					<ns0:carrier code = "TOM" name = "Thomson Airways"/>
					<ns0:flightNumber>4760</ns0:flightNumber>
					<ns0:departure>
						<ns0:airport code = "LGW" name = "London Gatwick Airport"/>
						<ns0:localTime>2016-05-22T13:35:00</ns0:localTime>
					</ns0:departure>
					<ns0:arrival>
						<ns0:airport code = "AGP" name = "Costa Del Sol, Malaga Airport"/>
						<ns0:localTime>2016-05-22T16:25:00</ns0:localTime>
					</ns0:arrival>
					<ns0:haul_type>Short Haul</ns0:haul_type>
				</ns0:subService>
				<ns0:direction>OUT</ns0:direction>
				<ns0:carrier code = "TOM" name = "Thomson Airways"/>
				<ns0:flightNumber>4760</ns0:flightNumber>
				<ns0:departure>
					<ns0:airport code = "LGW" name = "London Gatwick Airport"/>
					<ns0:localTime>2016-05-22T13:35:00</ns0:localTime>
				</ns0:departure>
				<ns0:arrival>
					<ns0:airport code = "AGP" name = "Costa Del Sol, Malaga Airport"/>
					<ns0:localTime>2016-05-22T16:25:00</ns0:localTime>
				</ns0:arrival>
				<ns0:haul_type>Short Haul</ns0:haul_type>
			</ns0:flightService>
			<ns0:flightService id = "flight-764104" type = "flight">
				<ns0:details>
					<ns1:Booking_Component xmlns:ns1 = "http://tui.com/xsd/interface/bookingview/json/v1">
						<ns1:booking_component_id>764104</ns1:booking_component_id>
						<ns1:delivery_sequence>3</ns1:delivery_sequence>
						<ns1:start_datetime>2016-05-29T17:40:00</ns1:start_datetime>
						<ns1:end_datetime>2016-05-29T20:25:00</ns1:end_datetime>
						<ns1:total_passengers>4</ns1:total_passengers>
						<ns1:total_price>-45</ns1:total_price>
						<ns1:component_type>Flight</ns1:component_type>
						<ns1:Flight>
							<ns1:flight_id>TOM4761</ns1:flight_id>
							<ns1:direction>IN</ns1:direction>
							<ns1:carrier>
								<ns1:code>TOM</ns1:code>
								<ns1:__content>Thomson Airways</ns1:__content>
							</ns1:carrier>
							<ns1:departure_point>AGP</ns1:departure_point>
							<ns1:departure_point_name>Costa Del Sol, Malaga Airport</ns1:departure_point_name>
							<ns1:arrival_point>LGW</ns1:arrival_point>
							<ns1:arrival_point_name>London Gatwick Airport</ns1:arrival_point_name>
							<ns1:haul_type>Short Haul</ns1:haul_type>
						</ns1:Flight>
					</ns1:Booking_Component>
				</ns0:details>
				<ns0:subService type = "sector">
					<ns0:carrier code = "TOM" name = "Thomson Airways"/>
					<ns0:flightNumber>4761</ns0:flightNumber>
					<ns0:departure>
						<ns0:airport code = "AGP" name = "Costa Del Sol, Malaga Airport"/>
						<ns0:localTime>2016-05-29T17:40:00</ns0:localTime>
					</ns0:departure>
					<ns0:arrival>
						<ns0:airport code = "LGW" name = "London Gatwick Airport"/>
						<ns0:localTime>2016-05-29T20:25:00</ns0:localTime>
					</ns0:arrival>
					<ns0:haul_type>Short Haul</ns0:haul_type>
				</ns0:subService>
				<ns0:direction>IN</ns0:direction>
				<ns0:carrier code = "TOM" name = "Thomson Airways"/>
				<ns0:flightNumber>4761</ns0:flightNumber>
				<ns0:departure>
					<ns0:airport code = "AGP" name = "Costa Del Sol, Malaga Airport"/>
					<ns0:localTime>2016-05-29T17:40:00</ns0:localTime>
				</ns0:departure>
				<ns0:arrival>
					<ns0:airport code = "LGW" name = "London Gatwick Airport"/>
					<ns0:localTime>2016-05-29T20:25:00</ns0:localTime>
				</ns0:arrival>
				<ns0:haul_type>Short Haul</ns0:haul_type>
			</ns0:flightService>
			<ns0:participant id = "268104" isLead = "true">
				<ns0:firstName>Daniel</ns0:firstName>
				<ns0:lastName>Walsh</ns0:lastName>
				<ns0:salutation>Mr</ns0:salutation>
			</ns0:participant>
			<ns0:participant id = "268105" isLead = "false">
				<ns0:firstName>Emma</ns0:firstName>
				<ns0:lastName>Walsh</ns0:lastName>
				<ns0:salutation>Mrs</ns0:salutation>
			</ns0:participant>
			<ns0:participant id = "268106" isLead = "false">
				<ns0:firstName>Holly</ns0:firstName>
				<ns0:lastName>Wines</ns0:lastName>
				<ns0:salutation>Miss</ns0:salutation>
			</ns0:participant>
			<ns0:participant id = "268107" isLead = "false">
				<ns0:firstName>Lily</ns0:firstName>
				<ns0:lastName>Walsh</ns0:lastName>
				<ns0:salutation>Miss</ns0:salutation>
			</ns0:participant>
			<ns0:participant id = "268108" isLead = "false">
				<ns0:firstName>Jake</ns0:firstName>
				<ns0:lastName>Walsh</ns0:lastName>
				<ns0:salutation>Master</ns0:salutation>
			</ns0:participant>
			<ns0:Address>
				<ns0:address_type>Physical</ns0:address_type>
				<ns0:PhysicalAddress>
					<ns0:Structured>
						<ns0:Building>21</ns0:Building>
						<ns0:Street>Hamble Lane</ns0:Street>
						<ns0:City>South Ockendon</ns0:City>
						<ns0:Region>Essex</ns0:Region>
						<ns0:Reference_Code>
							<ns0:postal_code>RM15 5HJ</ns0:postal_code>
							<ns0:country_code/>
						</ns0:Reference_Code>
					</ns0:Structured>
				</ns0:PhysicalAddress>
			</ns0:Address>
			<ns0:Address>
				<ns0:address_type>Telephone</ns0:address_type>
				<ns0:TelephoneAddress>
					<ns0:local_num>07793076117</ns0:local_num>
					<ns0:telephone_type>Landline</ns0:telephone_type>
				</ns0:TelephoneAddress>
			</ns0:Address>
			<ns0:Address>
				<ns0:address_type>Electronic</ns0:address_type>
				<ns0:ElectronicAddress>
					<ns0:text>ENVMGMT@thomson.co.uk</ns0:text>
					<ns0:electronic_address_type>E-mail</ns0:electronic_address_type>
				</ns0:ElectronicAddress>
			</ns0:Address>
		</ns0:reservation>
	</ns0:model>
	<tui-app-locale>en-GB</tui-app-locale>
</root>