<?xml version = "1.0" encoding = "UTF-8"?>
<root>
	<ns0:model xmlns:ns0 = "http://xmlns.tui.com/mw/tda/ReservationTypes.xsd">
		<ns0:brand>FC</ns0:brand>
		<ns0:reservation id = "82734" version = "5">
			<ns0:holidayStatus>Pre-Holiday</ns0:holidayStatus>
			<ns0:IsRetailBooking>false</ns0:IsRetailBooking>
			<ns0:IsOnlineBooking>true</ns0:IsOnlineBooking>
			<ns0:IsCallCentreBooking>false</ns0:IsCallCentreBooking>
			<ns0:owningTravelAgent>2214</ns0:owningTravelAgent>
			<ns0:startDateTime>2016-05-22T00:00:00</ns0:startDateTime>
			<ns0:endDateTime>2016-05-29T00:00:00</ns0:endDateTime>
			<ns0:hotelService code = "ESCD0052" contentIdRef = "027942" id = "hotel-6674084" type = "hotel">
				<ns0:participant>
					<ns0:salutation>Mr</ns0:salutation>
					<ns0:firstName>Daniel</ns0:firstName>
					<ns0:lastName>Walsh</ns0:lastName>
				</ns0:participant>
				<ns0:participant>
					<ns0:salutation>Mrs</ns0:salutation>
					<ns0:firstName>Emma</ns0:firstName>
					<ns0:lastName>Walsh</ns0:lastName>
				</ns0:participant>
				<ns0:participant>
					<ns0:salutation>Miss</ns0:salutation>
					<ns0:firstName>Holly</ns0:firstName>
					<ns0:lastName>Wines</ns0:lastName>
				</ns0:participant>
				<ns0:participant>
					<ns0:salutation>Miss</ns0:salutation>
					<ns0:firstName>Lily</ns0:firstName>
					<ns0:lastName>Walsh</ns0:lastName>
				</ns0:participant>
				<ns0:participant>
					<ns0:salutation>Master</ns0:salutation>
					<ns0:firstName>Jake</ns0:firstName>
					<ns0:lastName>Walsh</ns0:lastName>
				</ns0:participant>
				<ns0:details>
					<ns1:Booking_Component xmlns:ns1 = "http://tui.com/xsd/interface/bookingview/json/v1">
						<ns1:booking_component_id>6674084</ns1:booking_component_id>
						<ns1:delivery_sequence>1</ns1:delivery_sequence>
						<ns1:start_datetime>2016-05-22T00:00:00</ns1:start_datetime>
						<ns1:end_datetime>2016-05-29T00:00:00</ns1:end_datetime>
						<ns1:total_passengers>5</ns1:total_passengers>
						<ns1:total_price>1806.04</ns1:total_price>
						<ns1:component_type>Accommodation_Unit</ns1:component_type>
						<ns1:Accommodation_Unit>
							<ns1:accommodation_code>ESCD0052</ns1:accommodation_code>
							<ns1:accommodation_content_code>027942</ns1:accommodation_content_code>
							<ns1:accommodation_name>Holiday Village Costa del Sol</ns1:accommodation_name>
							<ns1:room>
								<ns1:room_type_id>1BA04</ns1:room_type_id>
								<ns1:room_name>1 Bedroom Apartment</ns1:room_name>
								<ns1:room_desc>1 Bedroom Apartment with Sea View, Pool View and Balcony or Terrace</ns1:room_desc>
							</ns1:room>
							<ns1:accommodation_star_rating>4 Star</ns1:accommodation_star_rating>
						</ns1:Accommodation_Unit>
					</ns1:Booking_Component>
				</ns0:details>
				<ns0:name>Holiday Village Costa del Sol</ns0:name>
				<ns0:subService code = "1BA04" type = "room">
					<ns0:description>1 Bedroom Apartment with Sea View, Pool View and Balcony or Terrace</ns0:description>
				</ns0:subService>
				<ns0:startDate>2016-05-22</ns0:startDate>
				<ns0:endDate>2016-05-29</ns0:endDate>
			</ns0:hotelService>
			<ns0:flightService id = "flight-764103" type = "flight">
				<ns0:details>
					<ns1:Booking_Component xmlns:ns1 = "http://tui.com/xsd/interface/bookingview/json/v1">
						<ns1:booking_component_id>764103</ns1:booking_component_id>
						<ns1:delivery_sequence>2</ns1:delivery_sequence>
						<ns1:start_datetime>2016-05-22T13:35:00</ns1:start_datetime>
						<ns1:end_datetime>2016-05-22T16:25:00</ns1:end_datetime>
						<ns1:total_passengers>4</ns1:total_passengers>
						<ns1:total_price>122</ns1:total_price>
						<ns1:component_type>Flight</ns1:component_type>
						<ns1:Flight>
							<ns1:flight_id>TOM4760</ns1:flight_id>
							<ns1:direction>OUT</ns1:direction>
							<ns1:carrier>
								<ns1:code>TOM</ns1:code>
								<ns1:__content>Thomson Airways</ns1:__content>
							</ns1:carrier>
							<ns1:departure_point>LGW</ns1:departure_point>
							<ns1:departure_point_name>London Gatwick Airport</ns1:departure_point_name>
							<ns1:arrival_point>AGP</ns1:arrival_point>
							<ns1:arrival_point_name>Costa Del Sol, Malaga Airport</ns1:arrival_point_name>
							<ns1:haul_type>Short Haul</ns1:haul_type>
						</ns1:Flight>
					</ns1:Booking_Component>
				</ns0:details>
				<ns0:subService type = "sector">
					<ns0:carrier code = "TOM" name = "Thomson Airways"/>
					<ns0:flightNumber>4760</ns0:flightNumber>
					<ns0:departure>
						<ns0:airport code = "LGW" name = "London Gatwick Airport"/>
						<ns0:localTime>2016-05-22T13:35:00</ns0:localTime>
					</ns0:departure>
					<ns0:arrival>
						<ns0:airport code = "AGP" name = "Costa Del Sol, Malaga Airport"/>
						<ns0:localTime>2016-05-22T16:25:00</ns0:localTime>
					</ns0:arrival>
					<ns0:haul_type>Short Haul</ns0:haul_type>
				</ns0:subService>
				<ns0:direction>OUT</ns0:direction>
				<ns0:carrier code = "TOM" name = "Thomson Airways"/>
				<ns0:flightNumber>4760</ns0:flightNumber>
				<ns0:departure>
					<ns0:airport code = "LGW" name = "London Gatwick Airport"/>
					<ns0:localTime>2016-05-22T13:35:00</ns0:localTime>
				</ns0:departure>
				<ns0:arrival>
					<ns0:airport code = "AGP" name = "Costa Del Sol, Malaga Airport"/>
					<ns0:localTime>2016-05-22T16:25:00</ns0:localTime>
				</ns0:arrival>
				<ns0:haul_type>Short Haul</ns0:haul_type>
			</ns0:flightService>
			<ns0:flightService id = "flight-764104" type = "flight">
				<ns0:details>
					<ns1:Booking_Component xmlns:ns1 = "http://tui.com/xsd/interface/bookingview/json/v1">
						<ns1:booking_component_id>764104</ns1:booking_component_id>
						<ns1:delivery_sequence>3</ns1:delivery_sequence>
						<ns1:start_datetime>2016-05-29T17:40:00</ns1:start_datetime>
						<ns1:end_datetime>2016-05-29T20:25:00</ns1:end_datetime>
						<ns1:total_passengers>4</ns1:total_passengers>
						<ns1:total_price>-45</ns1:total_price>
						<ns1:component_type>Flight</ns1:component_type>
						<ns1:Flight>
							<ns1:flight_id>TOM4761</ns1:flight_id>
							<ns1:direction>IN</ns1:direction>
							<ns1:carrier>
								<ns1:code>TOM</ns1:code>
								<ns1:__content>Thomson Airways</ns1:__content>
							</ns1:carrier>
							<ns1:departure_point>AGP</ns1:departure_point>
							<ns1:departure_point_name>Costa Del Sol, Malaga Airport</ns1:departure_point_name>
							<ns1:arrival_point>LGW</ns1:arrival_point>
							<ns1:arrival_point_name>London Gatwick Airport</ns1:arrival_point_name>
							<ns1:haul_type>Short Haul</ns1:haul_type>
						</ns1:Flight>
					</ns1:Booking_Component>
				</ns0:details>
				<ns0:subService type = "sector">
					<ns0:carrier code = "TOM" name = "Thomson Airways"/>
					<ns0:flightNumber>4761</ns0:flightNumber>
					<ns0:departure>
						<ns0:airport code = "AGP" name = "Costa Del Sol, Malaga Airport"/>
						<ns0:localTime>2016-05-29T17:40:00</ns0:localTime>
					</ns0:departure>
					<ns0:arrival>
						<ns0:airport code = "LGW" name = "London Gatwick Airport"/>
						<ns0:localTime>2016-05-29T20:25:00</ns0:localTime>
					</ns0:arrival>
					<ns0:haul_type>Short Haul</ns0:haul_type>
				</ns0:subService>
				<ns0:direction>IN</ns0:direction>
				<ns0:carrier code = "TOM" name = "Thomson Airways"/>
				<ns0:flightNumber>4761</ns0:flightNumber>
				<ns0:departure>
					<ns0:airport code = "AGP" name = "Costa Del Sol, Malaga Airport"/>
					<ns0:localTime>2016-05-29T17:40:00</ns0:localTime>
				</ns0:departure>
				<ns0:arrival>
					<ns0:airport code = "LGW" name = "London Gatwick Airport"/>
					<ns0:localTime>2016-05-29T20:25:00</ns0:localTime>
				</ns0:arrival>
				<ns0:haul_type>Short Haul</ns0:haul_type>
			</ns0:flightService>
			<ns0:participant id = "268104" isLead = "true">
				<ns0:firstName>Daniel</ns0:firstName>
				<ns0:lastName>Walsh</ns0:lastName>
				<ns0:salutation>Mr</ns0:salutation>
			</ns0:participant>
			<ns0:participant id = "268105" isLead = "false">
				<ns0:firstName>Emma</ns0:firstName>
				<ns0:lastName>Walsh</ns0:lastName>
				<ns0:salutation>Mrs</ns0:salutation>
			</ns0:participant>
			<ns0:participant id = "268106" isLead = "false">
				<ns0:firstName>Holly</ns0:firstName>
				<ns0:lastName>Wines</ns0:lastName>
				<ns0:salutation>Miss</ns0:salutation>
			</ns0:participant>
			<ns0:participant id = "268107" isLead = "false">
				<ns0:firstName>Lily</ns0:firstName>
				<ns0:lastName>Walsh</ns0:lastName>
				<ns0:salutation>Miss</ns0:salutation>
			</ns0:participant>
			<ns0:participant id = "268108" isLead = "false">
				<ns0:firstName>Jake</ns0:firstName>
				<ns0:lastName>Walsh</ns0:lastName>
				<ns0:salutation>Master</ns0:salutation>
			</ns0:participant>
			<ns0:Address>
				<ns0:address_type>Physical</ns0:address_type>
				<ns0:PhysicalAddress>
					<ns0:Structured>
						<ns0:Building>21</ns0:Building>
						<ns0:Street>Hamble Lane</ns0:Street>
						<ns0:City>South Ockendon</ns0:City>
						<ns0:Region>Essex</ns0:Region>
						<ns0:Reference_Code>
							<ns0:postal_code>RM15 5HJ</ns0:postal_code>
							<ns0:country_code/>
						</ns0:Reference_Code>
					</ns0:Structured>
				</ns0:PhysicalAddress>
			</ns0:Address>
			<ns0:Address>
				<ns0:address_type>Telephone</ns0:address_type>
				<ns0:TelephoneAddress>
					<ns0:local_num>07793076117</ns0:local_num>
					<ns0:telephone_type>Landline</ns0:telephone_type>
				</ns0:TelephoneAddress>
			</ns0:Address>
			<ns0:Address>
				<ns0:address_type>Electronic</ns0:address_type>
				<ns0:ElectronicAddress>
					<ns0:text>ENVMGMT@thomson.co.uk</ns0:text>
					<ns0:electronic_address_type>E-mail</ns0:electronic_address_type>
				</ns0:ElectronicAddress>
			</ns0:Address>
		</ns0:reservation>
		<ns0:hotelContent code = "027942" id = "hotel-6674084">
			<ns0:location>
				<ns0:resort id = "000366" name = "Benalmadena"/>
				<ns0:destination id = "000365" name = "Costa Del Sol"/>
				<ns0:region id = "002894" name = "Andalucia"/>
				<ns0:country id = "ESP" name = "Spain"/>
			</ns0:location>
			<ns0:content>
				<ns1:Accommodation xmlns:ns1 = "http://tuiuk.com/xsd/interface/accommodation/response/v1">
					<ns1:code>027942</ns1:code>
					<ns1:accommodationType>APARTMENT_HOTEL</ns1:accommodationType>
					<ns1:facilities>
						<ns1:facilityData>
							<ns1:name>Health club*</ns1:name>
							<ns1:facilityType>Other</ns1:facilityType>
							<ns1:features>
								<ns1:feature>
									<ns1:code>description</ns1:code>
									<ns1:value>With a gym - which is part of your All Inclusive package. There are running machines, cross trainers, exercise bikes and weights. And you can make appointments for treatments here too.</ns1:value>
								</ns1:feature>
								<ns1:feature>
									<ns1:code>priority</ns1:code>
									<ns1:value>0</ns1:value>
								</ns1:feature>
								<ns1:feature>
									<ns1:code>openingTimes</ns1:code>
									<ns1:value>10.00-14.00, 15.00-19.00</ns1:value>
								</ns1:feature>
							</ns1:features>
							<ns1:galleryImages/>
						</ns1:facilityData>
						<ns1:facilityData>
							<ns1:name>Sauna*</ns1:name>
							<ns1:facilityType>Sauna</ns1:facilityType>
							<ns1:features>
								<ns1:feature>
									<ns1:code>priority</ns1:code>
									<ns1:value>0</ns1:value>
								</ns1:feature>
							</ns1:features>
							<ns1:galleryImages/>
						</ns1:facilityData>
						<ns1:facilityData>
							<ns1:name>Beauty treatments*</ns1:name>
							<ns1:facilityType>Beauty salon/treatments</ns1:facilityType>
							<ns1:features>
								<ns1:feature>
									<ns1:code>description</ns1:code>
									<ns1:value>Appointments required.</ns1:value>
								</ns1:feature>
								<ns1:feature>
									<ns1:code>priority</ns1:code>
									<ns1:value>0</ns1:value>
								</ns1:feature>
							</ns1:features>
							<ns1:galleryImages/>
						</ns1:facilityData>
						<ns1:facilityData>
							<ns1:name>Massage*</ns1:name>
							<ns1:facilityType>Massage</ns1:facilityType>
							<ns1:features>
								<ns1:feature>
									<ns1:code>priority</ns1:code>
									<ns1:value>0</ns1:value>
								</ns1:feature>
							</ns1:features>
							<ns1:galleryImages/>
						</ns1:facilityData>
						<ns1:facilityData>
							<ns1:name>Facials*</ns1:name>
							<ns1:facilityType>Facials</ns1:facilityType>
							<ns1:features>
								<ns1:feature>
									<ns1:code>priority</ns1:code>
									<ns1:value>0</ns1:value>
								</ns1:feature>
							</ns1:features>
							<ns1:galleryImages/>
						</ns1:facilityData>
						<ns1:facilityData>
							<ns1:name>Manicure*</ns1:name>
							<ns1:facilityType>Manicure</ns1:facilityType>
							<ns1:features>
								<ns1:feature>
									<ns1:code>priority</ns1:code>
									<ns1:value>0</ns1:value>
								</ns1:feature>
							</ns1:features>
							<ns1:galleryImages/>
						</ns1:facilityData>
						<ns1:facilityData>
							<ns1:name>Pedicure*</ns1:name>
							<ns1:facilityType>Pedicure</ns1:facilityType>
							<ns1:features>
								<ns1:feature>
									<ns1:code>priority</ns1:code>
									<ns1:value>0</ns1:value>
								</ns1:feature>
							</ns1:features>
							<ns1:galleryImages/>
						</ns1:facilityData>
						<ns1:facilityData>
							<ns1:name>Buffet restaurant</ns1:name>
							<ns1:facilityType>Buffet restaurant</ns1:facilityType>
							<ns1:features>
								<ns1:feature>
									<ns1:code>description</ns1:code>
									<ns1:value>Offering breakfast from 7.30am to 10am and evening meals 6.30pm to 9pm. For lunch, times can vary. There's plenty for the kids and vegetarian options can also be catered for.</ns1:value>
								</ns1:feature>
								<ns1:feature>
									<ns1:code>priority</ns1:code>
									<ns1:value>0</ns1:value>
								</ns1:feature>
								<ns1:feature>
									<ns1:code>openingTimes</ns1:code>
									<ns1:value>07.30-10.00, 18.30-21.00</ns1:value>
								</ns1:feature>
							</ns1:features>
							<ns1:galleryImages/>
						</ns1:facilityData>
						<ns1:facilityData>
							<ns1:name>Italian restaurant</ns1:name>
							<ns1:facilityType>Italian restaurant</ns1:facilityType>
							<ns1:features>
								<ns1:feature>
									<ns1:code>description</ns1:code>
									<ns1:value>Reservations required at least 1 day in advance, speak with reception.</ns1:value>
								</ns1:feature>
								<ns1:feature>
									<ns1:code>priority</ns1:code>
									<ns1:value>0</ns1:value>
								</ns1:feature>
								<ns1:feature>
									<ns1:code>openingTimes</ns1:code>
									<ns1:value>18.00-21.30</ns1:value>
								</ns1:feature>
							</ns1:features>
							<ns1:galleryImages>
								<ns1:mediaData>
									<ns1:mainSrc>http://newmedia.thomson.co.uk/live/vol/0/b1d9a5db7d65711fe073e2ec548e72230b15994f/232x130/web/EUROPEMEDITERRANEANSPAINCON_ESPCOSTADELSOLDES_000365BENALMADENAHOLIDAYVILLAGECDELSOLAIFC.jpg</ns1:mainSrc>
									<ns1:mime>image/jpeg</ns1:mime>
									<ns1:size>small</ns1:size>
								</ns1:mediaData>
								<ns1:mediaData>
									<ns1:mainSrc>http://newmedia.thomson.co.uk/live/vol/0/b1d9a5db7d65711fe073e2ec548e72230b15994f/1080x608/web/EUROPEMEDITERRANEANSPAINCON_ESPCOSTADELSOLDES_000365BENALMADENAHOLIDAYVILLAGECDELSOLAIFC.jpg</ns1:mainSrc>
									<ns1:mime>image/jpeg</ns1:mime>
									<ns1:size>xlarge</ns1:size>
								</ns1:mediaData>
								<ns1:mediaData>
									<ns1:mainSrc>http://newmedia.thomson.co.uk/live/vol/0/b1d9a5db7d65711fe073e2ec548e72230b15994f/488x274/web/EUROPEMEDITERRANEANSPAINCON_ESPCOSTADELSOLDES_000365BENALMADENAHOLIDAYVILLAGECDELSOLAIFC.jpg</ns1:mainSrc>
									<ns1:mime>image/jpeg</ns1:mime>
									<ns1:size>medium</ns1:size>
								</ns1:mediaData>
								<ns1:mediaData>
									<ns1:mainSrc>http://newmedia.thomson.co.uk/live/vol/0/b1d9a5db7d65711fe073e2ec548e72230b15994f/658x370/web/EUROPEMEDITERRANEANSPAINCON_ESPCOSTADELSOLDES_000365BENALMADENAHOLIDAYVILLAGECDELSOLAIFC.jpg</ns1:mainSrc>
									<ns1:mime>image/jpeg</ns1:mime>
									<ns1:size>large</ns1:size>
								</ns1:mediaData>
							</ns1:galleryImages>
						</ns1:facilityData>
						<ns1:facilityData>
							<ns1:name>American Diner</ns1:name>
							<ns1:facilityType>Other</ns1:facilityType>
							<ns1:features>
								<ns1:feature>
									<ns1:code>description</ns1:code>
									<ns1:value>You can eat here one night a week as part of your All Inclusive package.</ns1:value>
								</ns1:feature>
								<ns1:feature>
									<ns1:code>priority</ns1:code>
									<ns1:value>0</ns1:value>
								</ns1:feature>
								<ns1:feature>
									<ns1:code>openingTimes</ns1:code>
									<ns1:value>18.00-21.30</ns1:value>
								</ns1:feature>
							</ns1:features>
							<ns1:galleryImages>
								<ns1:mediaData>
									<ns1:mainSrc>http://newmedia.thomson.co.uk/live/vol/0/6e9b74a3af6092699501dc4206491aead0d5b3cf/232x130/web/EUROPEMEDITERRANEANSPAINCON_ESPCOSTADELSOLDES_000365BENALMADENAHOLIDAYVILLAGECDELSOLAIFC.jpg</ns1:mainSrc>
									<ns1:mime>image/jpeg</ns1:mime>
									<ns1:size>small</ns1:size>
								</ns1:mediaData>
								<ns1:mediaData>
									<ns1:mainSrc>http://newmedia.thomson.co.uk/live/vol/0/6e9b74a3af6092699501dc4206491aead0d5b3cf/1080x608/web/EUROPEMEDITERRANEANSPAINCON_ESPCOSTADELSOLDES_000365BENALMADENAHOLIDAYVILLAGECDELSOLAIFC.jpg</ns1:mainSrc>
									<ns1:mime>image/jpeg</ns1:mime>
									<ns1:size>xlarge</ns1:size>
								</ns1:mediaData>
								<ns1:mediaData>
									<ns1:mainSrc>http://newmedia.thomson.co.uk/live/vol/0/6e9b74a3af6092699501dc4206491aead0d5b3cf/658x370/web/EUROPEMEDITERRANEANSPAINCON_ESPCOSTADELSOLDES_000365BENALMADENAHOLIDAYVILLAGECDELSOLAIFC.jpg</ns1:mainSrc>
									<ns1:mime>image/jpeg</ns1:mime>
									<ns1:size>large</ns1:size>
								</ns1:mediaData>
								<ns1:mediaData>
									<ns1:mainSrc>http://newmedia.thomson.co.uk/live/vol/0/6e9b74a3af6092699501dc4206491aead0d5b3cf/488x274/web/EUROPEMEDITERRANEANSPAINCON_ESPCOSTADELSOLDES_000365BENALMADENAHOLIDAYVILLAGECDELSOLAIFC.jpg</ns1:mainSrc>
									<ns1:mime>image/jpeg</ns1:mime>
									<ns1:size>medium</ns1:size>
								</ns1:mediaData>
							</ns1:galleryImages>
						</ns1:facilityData>
						<ns1:facilityData>
							<ns1:name>Snack bar</ns1:name>
							<ns1:facilityType>Snack bar</ns1:facilityType>
							<ns1:features>
								<ns1:feature>
									<ns1:code>description</ns1:code>
									<ns1:value>You'll find the snack bar just by the main pool.</ns1:value>
								</ns1:feature>
								<ns1:feature>
									<ns1:code>priority</ns1:code>
									<ns1:value>0</ns1:value>
								</ns1:feature>
								<ns1:feature>
									<ns1:code>openingTimes</ns1:code>
									<ns1:value>10.00-18.00</ns1:value>
								</ns1:feature>
							</ns1:features>
							<ns1:galleryImages>
								<ns1:mediaData>
									<ns1:mainSrc>http://newmedia.thomson.co.uk/live/vol/0/5f786312b5b2f84454faf0e85d87dcf3fd04b0ba/1080x608/web/EUROPEMEDITERRANEANSPAINCON_ESPCOSTADELSOLDES_000365BENALMADENAHOLIDAYVILLAGECDELSOLAIFC.jpg</ns1:mainSrc>
									<ns1:mime>image/jpeg</ns1:mime>
									<ns1:size>xlarge</ns1:size>
								</ns1:mediaData>
								<ns1:mediaData>
									<ns1:mainSrc>http://newmedia.thomson.co.uk/live/vol/0/5f786312b5b2f84454faf0e85d87dcf3fd04b0ba/658x370/web/EUROPEMEDITERRANEANSPAINCON_ESPCOSTADELSOLDES_000365BENALMADENAHOLIDAYVILLAGECDELSOLAIFC.jpg</ns1:mainSrc>
									<ns1:mime>image/jpeg</ns1:mime>
									<ns1:size>large</ns1:size>
								</ns1:mediaData>
								<ns1:mediaData>
									<ns1:mainSrc>http://newmedia.thomson.co.uk/live/vol/0/5f786312b5b2f84454faf0e85d87dcf3fd04b0ba/488x274/web/EUROPEMEDITERRANEANSPAINCON_ESPCOSTADELSOLDES_000365BENALMADENAHOLIDAYVILLAGECDELSOLAIFC.jpg</ns1:mainSrc>
									<ns1:mime>image/jpeg</ns1:mime>
									<ns1:size>medium</ns1:size>
								</ns1:mediaData>
								<ns1:mediaData>
									<ns1:mainSrc>http://newmedia.thomson.co.uk/live/vol/0/5f786312b5b2f84454faf0e85d87dcf3fd04b0ba/232x130/web/EUROPEMEDITERRANEANSPAINCON_ESPCOSTADELSOLDES_000365BENALMADENAHOLIDAYVILLAGECDELSOLAIFC.jpg</ns1:mainSrc>
									<ns1:mime>image/jpeg</ns1:mime>
									<ns1:size>small</ns1:size>
								</ns1:mediaData>
							</ns1:galleryImages>
						</ns1:facilityData>
						<ns1:facilityData>
							<ns1:name>Restaurant in the Beach Club*</ns1:name>
							<ns1:facilityType>Other</ns1:facilityType>
							<ns1:features>
								<ns1:feature>
									<ns1:code>description</ns1:code>
									<ns1:value>Open from 15th April to 15th September.</ns1:value>
								</ns1:feature>
								<ns1:feature>
									<ns1:code>priority</ns1:code>
									<ns1:value>0</ns1:value>
								</ns1:feature>
								<ns1:feature>
									<ns1:code>openingTimes</ns1:code>
									<ns1:value>12.30-15.00</ns1:value>
								</ns1:feature>
							</ns1:features>
							<ns1:galleryImages>
								<ns1:mediaData>
									<ns1:mainSrc>http://newmedia.thomson.co.uk/live/vol/0/69026cc20fc2a44726e4ba435ca30ba20a8b2013/488x274/web/EUROPEMEDITERRANEANSPAINCON_ESPCOSTADELSOLDES_000365BENALMADENAHOLIDAYVILLAGECDELSOLAIFC.jpg</ns1:mainSrc>
									<ns1:mime>image/jpeg</ns1:mime>
									<ns1:size>medium</ns1:size>
								</ns1:mediaData>
								<ns1:mediaData>
									<ns1:mainSrc>http://newmedia.thomson.co.uk/live/vol/0/69026cc20fc2a44726e4ba435ca30ba20a8b2013/1080x608/web/EUROPEMEDITERRANEANSPAINCON_ESPCOSTADELSOLDES_000365BENALMADENAHOLIDAYVILLAGECDELSOLAIFC.jpg</ns1:mainSrc>
									<ns1:mime>image/jpeg</ns1:mime>
									<ns1:size>xlarge</ns1:size>
								</ns1:mediaData>
								<ns1:mediaData>
									<ns1:mainSrc>http://newmedia.thomson.co.uk/live/vol/0/69026cc20fc2a44726e4ba435ca30ba20a8b2013/232x130/web/EUROPEMEDITERRANEANSPAINCON_ESPCOSTADELSOLDES_000365BENALMADENAHOLIDAYVILLAGECDELSOLAIFC.jpg</ns1:mainSrc>
									<ns1:mime>image/jpeg</ns1:mime>
									<ns1:size>small</ns1:size>
								</ns1:mediaData>
								<ns1:mediaData>
									<ns1:mainSrc>http://newmedia.thomson.co.uk/live/vol/0/69026cc20fc2a44726e4ba435ca30ba20a8b2013/658x370/web/EUROPEMEDITERRANEANSPAINCON_ESPCOSTADELSOLDES_000365BENALMADENAHOLIDAYVILLAGECDELSOLAIFC.jpg</ns1:mainSrc>
									<ns1:mime>image/jpeg</ns1:mime>
									<ns1:size>large</ns1:size>
								</ns1:mediaData>
							</ns1:galleryImages>
						</ns1:facilityData>
						<ns1:facilityData>
							<ns1:name>Outdoor pool</ns1:name>
							<ns1:facilityType>Outdoor pool</ns1:facilityType>
							<ns1:features>
								<ns1:feature>
									<ns1:code>description</ns1:code>
									<ns1:value>With parasols and pool towels.</ns1:value>
								</ns1:feature>
								<ns1:feature>
									<ns1:code>priority</ns1:code>
									<ns1:value>0</ns1:value>
								</ns1:feature>
								<ns1:feature>
									<ns1:code>openingTimes</ns1:code>
									<ns1:value>10.00-18.00</ns1:value>
								</ns1:feature>
							</ns1:features>
							<ns1:galleryImages>
								<ns1:mediaData>
									<ns1:mainSrc>http://newmedia.thomson.co.uk/live/vol/0/c9927d687f78fd41129d032ace586244889f3070/1080x608/web/EUROPEMEDITERRANEANSPAINCON_ESPCOSTADELSOLDES_000365BENALMADENAHOLIDAYVILLAGECDELSOLAIFC.jpg</ns1:mainSrc>
									<ns1:mime>image/jpeg</ns1:mime>
									<ns1:size>xlarge</ns1:size>
								</ns1:mediaData>
								<ns1:mediaData>
									<ns1:mainSrc>http://newmedia.thomson.co.uk/live/vol/0/c9927d687f78fd41129d032ace586244889f3070/488x274/web/EUROPEMEDITERRANEANSPAINCON_ESPCOSTADELSOLDES_000365BENALMADENAHOLIDAYVILLAGECDELSOLAIFC.jpg</ns1:mainSrc>
									<ns1:mime>image/jpeg</ns1:mime>
									<ns1:size>medium</ns1:size>
								</ns1:mediaData>
								<ns1:mediaData>
									<ns1:mainSrc>http://newmedia.thomson.co.uk/live/vol/0/c9927d687f78fd41129d032ace586244889f3070/658x370/web/EUROPEMEDITERRANEANSPAINCON_ESPCOSTADELSOLDES_000365BENALMADENAHOLIDAYVILLAGECDELSOLAIFC.jpg</ns1:mainSrc>
									<ns1:mime>image/jpeg</ns1:mime>
									<ns1:size>large</ns1:size>
								</ns1:mediaData>
								<ns1:mediaData>
									<ns1:mainSrc>http://newmedia.thomson.co.uk/live/vol/0/c9927d687f78fd41129d032ace586244889f3070/232x130/web/EUROPEMEDITERRANEANSPAINCON_ESPCOSTADELSOLDES_000365BENALMADENAHOLIDAYVILLAGECDELSOLAIFC.jpg</ns1:mainSrc>
									<ns1:mime>image/jpeg</ns1:mime>
									<ns1:size>small</ns1:size>
								</ns1:mediaData>
								<ns1:mediaData>
									<ns1:mainSrc>http://newmedia.thomson.co.uk/live/vol/0/9e4852a19ef7fef1ec4fc1d99dcd37cbe854648e/1080x608/web/EUROPEMEDITERRANEANSPAINCON_ESPCOSTADELSOLDES_000365BENALMADENAHOLIDAYVILLAGECDELSOLAIFC.jpg</ns1:mainSrc>
									<ns1:mime>image/jpeg</ns1:mime>
									<ns1:size>xlarge</ns1:size>
								</ns1:mediaData>
								<ns1:mediaData>
									<ns1:mainSrc>http://newmedia.thomson.co.uk/live/vol/0/9e4852a19ef7fef1ec4fc1d99dcd37cbe854648e/232x130/web/EUROPEMEDITERRANEANSPAINCON_ESPCOSTADELSOLDES_000365BENALMADENAHOLIDAYVILLAGECDELSOLAIFC.jpg</ns1:mainSrc>
									<ns1:mime>image/jpeg</ns1:mime>
									<ns1:size>small</ns1:size>
								</ns1:mediaData>
								<ns1:mediaData>
									<ns1:mainSrc>http://newmedia.thomson.co.uk/live/vol/0/9e4852a19ef7fef1ec4fc1d99dcd37cbe854648e/488x274/web/EUROPEMEDITERRANEANSPAINCON_ESPCOSTADELSOLDES_000365BENALMADENAHOLIDAYVILLAGECDELSOLAIFC.jpg</ns1:mainSrc>
									<ns1:mime>image/jpeg</ns1:mime>
									<ns1:size>medium</ns1:size>
								</ns1:mediaData>
								<ns1:mediaData>
									<ns1:mainSrc>http://newmedia.thomson.co.uk/live/vol/0/9e4852a19ef7fef1ec4fc1d99dcd37cbe854648e/658x370/web/EUROPEMEDITERRANEANSPAINCON_ESPCOSTADELSOLDES_000365BENALMADENAHOLIDAYVILLAGECDELSOLAIFC.jpg</ns1:mainSrc>
									<ns1:mime>image/jpeg</ns1:mime>
									<ns1:size>large</ns1:size>
								</ns1:mediaData>
								<ns1:mediaData>
									<ns1:mainSrc>http://newmedia.thomson.co.uk/live/vol/0/cb596f3fb4d8239286946fedf341b07e749e3d8d/1080x608/web/EUROPEMEDITERRANEANSPAINCON_ESPCOSTADELSOLDES_000365BENALMADENAHOLIDAYVILLAGECDELSOLAIFC.jpg</ns1:mainSrc>
									<ns1:mime>image/jpeg</ns1:mime>
									<ns1:size>xlarge</ns1:size>
								</ns1:mediaData>
								<ns1:mediaData>
									<ns1:mainSrc>http://newmedia.thomson.co.uk/live/vol/0/cb596f3fb4d8239286946fedf341b07e749e3d8d/232x130/web/EUROPEMEDITERRANEANSPAINCON_ESPCOSTADELSOLDES_000365BENALMADENAHOLIDAYVILLAGECDELSOLAIFC.jpg</ns1:mainSrc>
									<ns1:mime>image/jpeg</ns1:mime>
									<ns1:size>small</ns1:size>
								</ns1:mediaData>
								<ns1:mediaData>
									<ns1:mainSrc>http://newmedia.thomson.co.uk/live/vol/0/cb596f3fb4d8239286946fedf341b07e749e3d8d/488x274/web/EUROPEMEDITERRANEANSPAINCON_ESPCOSTADELSOLDES_000365BENALMADENAHOLIDAYVILLAGECDELSOLAIFC.jpg</ns1:mainSrc>
									<ns1:mime>image/jpeg</ns1:mime>
									<ns1:size>medium</ns1:size>
								</ns1:mediaData>
								<ns1:mediaData>
									<ns1:mainSrc>http://newmedia.thomson.co.uk/live/vol/0/cb596f3fb4d8239286946fedf341b07e749e3d8d/658x370/web/EUROPEMEDITERRANEANSPAINCON_ESPCOSTADELSOLDES_000365BENALMADENAHOLIDAYVILLAGECDELSOLAIFC.jpg</ns1:mainSrc>
									<ns1:mime>image/jpeg</ns1:mime>
									<ns1:size>large</ns1:size>
								</ns1:mediaData>
							</ns1:galleryImages>
						</ns1:facilityData>
						<ns1:facilityData>
							<ns1:name>Indoor pool</ns1:name>
							<ns1:facilityType>Indoor pool</ns1:facilityType>
							<ns1:features>
								<ns1:feature>
									<ns1:code>description</ns1:code>
									<ns1:value>Part of the health club. Limited hours for kids.</ns1:value>
								</ns1:feature>
								<ns1:feature>
									<ns1:code>priority</ns1:code>
									<ns1:value>0</ns1:value>
								</ns1:feature>
							</ns1:features>
							<ns1:galleryImages>
								<ns1:mediaData>
									<ns1:mainSrc>http://newmedia.thomson.co.uk/live/vol/0/fe538a9692e2e2eb77277efad8d4bd7af5a5cc3e/1080x608/web/EUROPEMEDITERRANEANSPAINCON_ESPCOSTADELSOLDES_000365BENALMADENAHOLIDAYVILLAGECDELSOLAIFC.jpg</ns1:mainSrc>
									<ns1:mime>image/jpeg</ns1:mime>
									<ns1:size>xlarge</ns1:size>
									<ns1:caption>Indoor pool</ns1:caption>
								</ns1:mediaData>
								<ns1:mediaData>
									<ns1:mainSrc>http://newmedia.thomson.co.uk/live/vol/0/fe538a9692e2e2eb77277efad8d4bd7af5a5cc3e/488x274/web/EUROPEMEDITERRANEANSPAINCON_ESPCOSTADELSOLDES_000365BENALMADENAHOLIDAYVILLAGECDELSOLAIFC.jpg</ns1:mainSrc>
									<ns1:mime>image/jpeg</ns1:mime>
									<ns1:size>medium</ns1:size>
									<ns1:caption>Indoor pool</ns1:caption>
								</ns1:mediaData>
								<ns1:mediaData>
									<ns1:mainSrc>http://newmedia.thomson.co.uk/live/vol/0/fe538a9692e2e2eb77277efad8d4bd7af5a5cc3e/232x130/web/EUROPEMEDITERRANEANSPAINCON_ESPCOSTADELSOLDES_000365BENALMADENAHOLIDAYVILLAGECDELSOLAIFC.jpg</ns1:mainSrc>
									<ns1:mime>image/jpeg</ns1:mime>
									<ns1:size>small</ns1:size>
									<ns1:caption>Indoor pool</ns1:caption>
								</ns1:mediaData>
								<ns1:mediaData>
									<ns1:mainSrc>http://newmedia.thomson.co.uk/live/vol/0/fe538a9692e2e2eb77277efad8d4bd7af5a5cc3e/658x370/web/EUROPEMEDITERRANEANSPAINCON_ESPCOSTADELSOLDES_000365BENALMADENAHOLIDAYVILLAGECDELSOLAIFC.jpg</ns1:mainSrc>
									<ns1:mime>image/jpeg</ns1:mime>
									<ns1:size>large</ns1:size>
									<ns1:caption>Indoor pool</ns1:caption>
								</ns1:mediaData>
							</ns1:galleryImages>
						</ns1:facilityData>
						<ns1:facilityData>
							<ns1:name>Onsite waterpark Beach Club*</ns1:name>
							<ns1:facilityType>Onsite waterpark</ns1:facilityType>
							<ns1:features>
								<ns1:feature>
									<ns1:code>description</ns1:code>
									<ns1:value>Open from 1st April to 31st October - reduced timetable at the beginning and end of season. Wave pool and Beach Club restaurant open from mid April to mid September. Deposit required for inflatable rings.</ns1:value>
								</ns1:feature>
								<ns1:feature>
									<ns1:code>priority</ns1:code>
									<ns1:value>2</ns1:value>
								</ns1:feature>
								<ns1:feature>
									<ns1:code>openingTimes</ns1:code>
									<ns1:value>10.00-18.00</ns1:value>
								</ns1:feature>
							</ns1:features>
							<ns1:galleryImages>
								<ns1:mediaData>
									<ns1:mainSrc>http://newmedia.thomson.co.uk/live/vol/0/05f929d795fa5f1b880009bf9932350f313a6b5e/1080x608/web/EUROPEMEDITERRANEANSPAINCON_ESPCOSTADELSOLDES_000365BENALMADENAHOLIDAYVILLAGECDELSOLAIFC.jpg</ns1:mainSrc>
									<ns1:mime>image/jpeg</ns1:mime>
									<ns1:size>xlarge</ns1:size>
									<ns1:caption>Beach Club</ns1:caption>
								</ns1:mediaData>
								<ns1:mediaData>
									<ns1:mainSrc>http://newmedia.thomson.co.uk/live/vol/0/05f929d795fa5f1b880009bf9932350f313a6b5e/488x274/web/EUROPEMEDITERRANEANSPAINCON_ESPCOSTADELSOLDES_000365BENALMADENAHOLIDAYVILLAGECDELSOLAIFC.jpg</ns1:mainSrc>
									<ns1:mime>image/jpeg</ns1:mime>
									<ns1:size>medium</ns1:size>
									<ns1:caption>Beach Club</ns1:caption>
								</ns1:mediaData>
								<ns1:mediaData>
									<ns1:mainSrc>http://newmedia.thomson.co.uk/live/vol/0/05f929d795fa5f1b880009bf9932350f313a6b5e/232x130/web/EUROPEMEDITERRANEANSPAINCON_ESPCOSTADELSOLDES_000365BENALMADENAHOLIDAYVILLAGECDELSOLAIFC.jpg</ns1:mainSrc>
									<ns1:mime>image/jpeg</ns1:mime>
									<ns1:size>small</ns1:size>
									<ns1:caption>Beach Club</ns1:caption>
								</ns1:mediaData>
								<ns1:mediaData>
									<ns1:mainSrc>http://newmedia.thomson.co.uk/live/vol/0/05f929d795fa5f1b880009bf9932350f313a6b5e/658x370/web/EUROPEMEDITERRANEANSPAINCON_ESPCOSTADELSOLDES_000365BENALMADENAHOLIDAYVILLAGECDELSOLAIFC.jpg</ns1:mainSrc>
									<ns1:mime>image/jpeg</ns1:mime>
									<ns1:size>large</ns1:size>
									<ns1:caption>Beach Club</ns1:caption>
								</ns1:mediaData>
								<ns1:mediaData>
									<ns1:mainSrc>http://newmedia.thomson.co.uk/live/vol/0/de15d2ae15f1a59851013cb2d900652c231a329b/1080x608/web/EUROPEMEDITERRANEANSPAINCON_ESPCOSTADELSOLDES_000365BENALMADENAHOLIDAYVILLAGECDELSOLAIFC.jpg</ns1:mainSrc>
									<ns1:mime>image/jpeg</ns1:mime>
									<ns1:size>xlarge</ns1:size>
									<ns1:caption>Beach Club</ns1:caption>
								</ns1:mediaData>
								<ns1:mediaData>
									<ns1:mainSrc>http://newmedia.thomson.co.uk/live/vol/0/de15d2ae15f1a59851013cb2d900652c231a329b/488x274/web/EUROPEMEDITERRANEANSPAINCON_ESPCOSTADELSOLDES_000365BENALMADENAHOLIDAYVILLAGECDELSOLAIFC.jpg</ns1:mainSrc>
									<ns1:mime>image/jpeg</ns1:mime>
									<ns1:size>medium</ns1:size>
									<ns1:caption>Beach Club</ns1:caption>
								</ns1:mediaData>
								<ns1:mediaData>
									<ns1:mainSrc>http://newmedia.thomson.co.uk/live/vol/0/de15d2ae15f1a59851013cb2d900652c231a329b/232x130/web/EUROPEMEDITERRANEANSPAINCON_ESPCOSTADELSOLDES_000365BENALMADENAHOLIDAYVILLAGECDELSOLAIFC.jpg</ns1:mainSrc>
									<ns1:mime>image/jpeg</ns1:mime>
									<ns1:size>small</ns1:size>
									<ns1:caption>Beach Club</ns1:caption>
								</ns1:mediaData>
								<ns1:mediaData>
									<ns1:mainSrc>http://newmedia.thomson.co.uk/live/vol/0/de15d2ae15f1a59851013cb2d900652c231a329b/658x370/web/EUROPEMEDITERRANEANSPAINCON_ESPCOSTADELSOLDES_000365BENALMADENAHOLIDAYVILLAGECDELSOLAIFC.jpg</ns1:mainSrc>
									<ns1:mime>image/jpeg</ns1:mime>
									<ns1:size>large</ns1:size>
									<ns1:caption>Beach Club</ns1:caption>
								</ns1:mediaData>
								<ns1:mediaData>
									<ns1:mainSrc>http://newmedia.thomson.co.uk/live/vol/0/91c4b91dbef80d95689c0f29a277956cc2c57af2/1080x608/web/EUROPEMEDITERRANEANSPAINCON_ESPCOSTADELSOLDES_000365BENALMADENAHOLIDAYVILLAGECDELSOLAIFC.jpg</ns1:mainSrc>
									<ns1:mime>image/jpeg</ns1:mime>
									<ns1:size>xlarge</ns1:size>
									<ns1:caption>Beach Club waterpark, summer only</ns1:caption>
								</ns1:mediaData>
								<ns1:mediaData>
									<ns1:mainSrc>http://newmedia.thomson.co.uk/live/vol/0/91c4b91dbef80d95689c0f29a277956cc2c57af2/232x130/web/EUROPEMEDITERRANEANSPAINCON_ESPCOSTADELSOLDES_000365BENALMADENAHOLIDAYVILLAGECDELSOLAIFC.jpg</ns1:mainSrc>
									<ns1:mime>image/jpeg</ns1:mime>
									<ns1:size>small</ns1:size>
									<ns1:caption>Beach Club waterpark, summer only</ns1:caption>
								</ns1:mediaData>
								<ns1:mediaData>
									<ns1:mainSrc>http://newmedia.thomson.co.uk/live/vol/0/91c4b91dbef80d95689c0f29a277956cc2c57af2/658x370/web/EUROPEMEDITERRANEANSPAINCON_ESPCOSTADELSOLDES_000365BENALMADENAHOLIDAYVILLAGECDELSOLAIFC.jpg</ns1:mainSrc>
									<ns1:mime>image/jpeg</ns1:mime>
									<ns1:size>large</ns1:size>
									<ns1:caption>Beach Club waterpark, summer only</ns1:caption>
								</ns1:mediaData>
								<ns1:mediaData>
									<ns1:mainSrc>http://newmedia.thomson.co.uk/live/vol/0/91c4b91dbef80d95689c0f29a277956cc2c57af2/488x274/web/EUROPEMEDITERRANEANSPAINCON_ESPCOSTADELSOLDES_000365BENALMADENAHOLIDAYVILLAGECDELSOLAIFC.jpg</ns1:mainSrc>
									<ns1:mime>image/jpeg</ns1:mime>
									<ns1:size>medium</ns1:size>
									<ns1:caption>Beach Club waterpark, summer only</ns1:caption>
								</ns1:mediaData>
							</ns1:galleryImages>
						</ns1:facilityData>
						<ns1:facilityData>
							<ns1:name>Jacuzzi&lt;sup>®&lt;/sup>*</ns1:name>
							<ns1:facilityType>Hot tub/whirlpool</ns1:facilityType>
							<ns1:features>
								<ns1:feature>
									<ns1:code>description</ns1:code>
									<ns1:value>Sunbed Jacuzzi&lt;sup>®&lt;/sup> as part of the VIP section by the pool, charges may apply.</ns1:value>
								</ns1:feature>
								<ns1:feature>
									<ns1:code>priority</ns1:code>
									<ns1:value>0</ns1:value>
								</ns1:feature>
								<ns1:feature>
									<ns1:code>openingTimes</ns1:code>
									<ns1:value>10.00-18.00</ns1:value>
								</ns1:feature>
							</ns1:features>
							<ns1:galleryImages>
								<ns1:mediaData>
									<ns1:mainSrc>http://newmedia.thomson.co.uk/live/vol/0/c892b6f8d6df053050ecbb3b34eae0d0e2eee0fe/1080x608/web/EUROPEMEDITERRANEANSPAINCON_ESPCOSTADELSOLDES_000365BENALMADENAHOLIDAYVILLAGECDELSOLAIFC.jpg</ns1:mainSrc>
									<ns1:mime>image/jpeg</ns1:mime>
									<ns1:size>xlarge</ns1:size>
								</ns1:mediaData>
								<ns1:mediaData>
									<ns1:mainSrc>http://newmedia.thomson.co.uk/live/vol/0/c892b6f8d6df053050ecbb3b34eae0d0e2eee0fe/232x130/web/EUROPEMEDITERRANEANSPAINCON_ESPCOSTADELSOLDES_000365BENALMADENAHOLIDAYVILLAGECDELSOLAIFC.jpg</ns1:mainSrc>
									<ns1:mime>image/jpeg</ns1:mime>
									<ns1:size>small</ns1:size>
								</ns1:mediaData>
								<ns1:mediaData>
									<ns1:mainSrc>http://newmedia.thomson.co.uk/live/vol/0/c892b6f8d6df053050ecbb3b34eae0d0e2eee0fe/488x274/web/EUROPEMEDITERRANEANSPAINCON_ESPCOSTADELSOLDES_000365BENALMADENAHOLIDAYVILLAGECDELSOLAIFC.jpg</ns1:mainSrc>
									<ns1:mime>image/jpeg</ns1:mime>
									<ns1:size>medium</ns1:size>
								</ns1:mediaData>
								<ns1:mediaData>
									<ns1:mainSrc>http://newmedia.thomson.co.uk/live/vol/0/c892b6f8d6df053050ecbb3b34eae0d0e2eee0fe/658x370/web/EUROPEMEDITERRANEANSPAINCON_ESPCOSTADELSOLDES_000365BENALMADENAHOLIDAYVILLAGECDELSOLAIFC.jpg</ns1:mainSrc>
									<ns1:mime>image/jpeg</ns1:mime>
									<ns1:size>large</ns1:size>
								</ns1:mediaData>
							</ns1:galleryImages>
						</ns1:facilityData>
						<ns1:facilityData>
							<ns1:name>Jacuzzi&lt;sup>®&lt;/sup></ns1:name>
							<ns1:facilityType>Hot tub/whirlpool</ns1:facilityType>
							<ns1:features>
								<ns1:feature>
									<ns1:code>description</ns1:code>
									<ns1:value>Found by the outdoor pool, with an impressive 12 seats, there's plenty of room for everyone.</ns1:value>
								</ns1:feature>
								<ns1:feature>
									<ns1:code>priority</ns1:code>
									<ns1:value>0</ns1:value>
								</ns1:feature>
								<ns1:feature>
									<ns1:code>openingTimes</ns1:code>
									<ns1:value>10.00-18.00</ns1:value>
								</ns1:feature>
							</ns1:features>
							<ns1:galleryImages>
								<ns1:mediaData>
									<ns1:mainSrc>http://newmedia.thomson.co.uk/live/vol/0/2bc0c7854144b0e275a9531fc65ecc4e1f55da8d/1080x608/web/EUROPEMEDITERRANEANSPAINCON_ESPCOSTADELSOLDES_000365BENALMADENAHOLIDAYVILLAGECDELSOLAIFC.jpg</ns1:mainSrc>
									<ns1:mime>image/jpeg</ns1:mime>
									<ns1:size>xlarge</ns1:size>
								</ns1:mediaData>
								<ns1:mediaData>
									<ns1:mainSrc>http://newmedia.thomson.co.uk/live/vol/0/2bc0c7854144b0e275a9531fc65ecc4e1f55da8d/232x130/web/EUROPEMEDITERRANEANSPAINCON_ESPCOSTADELSOLDES_000365BENALMADENAHOLIDAYVILLAGECDELSOLAIFC.jpg</ns1:mainSrc>
									<ns1:mime>image/jpeg</ns1:mime>
									<ns1:size>small</ns1:size>
								</ns1:mediaData>
								<ns1:mediaData>
									<ns1:mainSrc>http://newmedia.thomson.co.uk/live/vol/0/2bc0c7854144b0e275a9531fc65ecc4e1f55da8d/658x370/web/EUROPEMEDITERRANEANSPAINCON_ESPCOSTADELSOLDES_000365BENALMADENAHOLIDAYVILLAGECDELSOLAIFC.jpg</ns1:mainSrc>
									<ns1:mime>image/jpeg</ns1:mime>
									<ns1:size>large</ns1:size>
								</ns1:mediaData>
								<ns1:mediaData>
									<ns1:mainSrc>http://newmedia.thomson.co.uk/live/vol/0/2bc0c7854144b0e275a9531fc65ecc4e1f55da8d/488x274/web/EUROPEMEDITERRANEANSPAINCON_ESPCOSTADELSOLDES_000365BENALMADENAHOLIDAYVILLAGECDELSOLAIFC.jpg</ns1:mainSrc>
									<ns1:mime>image/jpeg</ns1:mime>
									<ns1:size>medium</ns1:size>
								</ns1:mediaData>
							</ns1:galleryImages>
						</ns1:facilityData>
						<ns1:facilityData>
							<ns1:name>Minigolf</ns1:name>
							<ns1:facilityType>Minigolf</ns1:facilityType>
							<ns1:features>
								<ns1:feature>
									<ns1:code>description</ns1:code>
									<ns1:value>Speak with reception for equipment.</ns1:value>
								</ns1:feature>
								<ns1:feature>
									<ns1:code>priority</ns1:code>
									<ns1:value>0</ns1:value>
								</ns1:feature>
								<ns1:feature>
									<ns1:code>openingTimes</ns1:code>
									<ns1:value>10.00-20.00</ns1:value>
								</ns1:feature>
							</ns1:features>
							<ns1:galleryImages/>
						</ns1:facilityData>
						<ns1:facilityData>
							<ns1:name>Aerial Adventure</ns1:name>
							<ns1:facilityType>Aerial Adventure</ns1:facilityType>
							<ns1:features>
								<ns1:feature>
									<ns1:code>priority</ns1:code>
									<ns1:value>0</ns1:value>
								</ns1:feature>
							</ns1:features>
							<ns1:galleryImages>
								<ns1:mediaData>
									<ns1:mainSrc>http://newmedia.thomson.co.uk/live/vol/0/a37945ac124a950c11bffa0a3d08c2cdb3c5b204/232x130/web/EUROPEMEDITERRANEANSPAINCON_ESPCOSTADELSOLDES_000365BENALMADENAHOLIDAYVILLAGECDELSOLAIFC.jpg</ns1:mainSrc>
									<ns1:mime>image/jpeg</ns1:mime>
									<ns1:size>small</ns1:size>
								</ns1:mediaData>
								<ns1:mediaData>
									<ns1:mainSrc>http://newmedia.thomson.co.uk/live/vol/0/a37945ac124a950c11bffa0a3d08c2cdb3c5b204/1080x608/web/EUROPEMEDITERRANEANSPAINCON_ESPCOSTADELSOLDES_000365BENALMADENAHOLIDAYVILLAGECDELSOLAIFC.jpg</ns1:mainSrc>
									<ns1:mime>image/jpeg</ns1:mime>
									<ns1:size>xlarge</ns1:size>
								</ns1:mediaData>
								<ns1:mediaData>
									<ns1:mainSrc>http://newmedia.thomson.co.uk/live/vol/0/a37945ac124a950c11bffa0a3d08c2cdb3c5b204/488x274/web/EUROPEMEDITERRANEANSPAINCON_ESPCOSTADELSOLDES_000365BENALMADENAHOLIDAYVILLAGECDELSOLAIFC.jpg</ns1:mainSrc>
									<ns1:mime>image/jpeg</ns1:mime>
									<ns1:size>medium</ns1:size>
								</ns1:mediaData>
								<ns1:mediaData>
									<ns1:mainSrc>http://newmedia.thomson.co.uk/live/vol/0/a37945ac124a950c11bffa0a3d08c2cdb3c5b204/658x370/web/EUROPEMEDITERRANEANSPAINCON_ESPCOSTADELSOLDES_000365BENALMADENAHOLIDAYVILLAGECDELSOLAIFC.jpg</ns1:mainSrc>
									<ns1:mime>image/jpeg</ns1:mime>
									<ns1:size>large</ns1:size>
								</ns1:mediaData>
							</ns1:galleryImages>
						</ns1:facilityData>
						<ns1:facilityData>
							<ns1:name>Indoor golf driving net*</ns1:name>
							<ns1:facilityType>Other</ns1:facilityType>
							<ns1:features>
								<ns1:feature>
									<ns1:code>priority</ns1:code>
									<ns1:value>0</ns1:value>
								</ns1:feature>
								<ns1:feature>
									<ns1:code>openingTimes</ns1:code>
									<ns1:value>07.30-19.00</ns1:value>
								</ns1:feature>
							</ns1:features>
							<ns1:galleryImages>
								<ns1:mediaData>
									<ns1:mainSrc>http://newmedia.thomson.co.uk/live/vol/0/5c486808e943931eef02feea26a31563266c0be6/1080x608/web/EUROPEMEDITERRANEANSPAINCON_ESPCOSTADELSOLDES_000365BENALMADENAHOLIDAYVILLAGECDELSOLAIFC.jpg</ns1:mainSrc>
									<ns1:mime>image/jpeg</ns1:mime>
									<ns1:size>xlarge</ns1:size>
								</ns1:mediaData>
								<ns1:mediaData>
									<ns1:mainSrc>http://newmedia.thomson.co.uk/live/vol/0/5c486808e943931eef02feea26a31563266c0be6/488x274/web/EUROPEMEDITERRANEANSPAINCON_ESPCOSTADELSOLDES_000365BENALMADENAHOLIDAYVILLAGECDELSOLAIFC.jpg</ns1:mainSrc>
									<ns1:mime>image/jpeg</ns1:mime>
									<ns1:size>medium</ns1:size>
								</ns1:mediaData>
								<ns1:mediaData>
									<ns1:mainSrc>http://newmedia.thomson.co.uk/live/vol/0/5c486808e943931eef02feea26a31563266c0be6/232x130/web/EUROPEMEDITERRANEANSPAINCON_ESPCOSTADELSOLDES_000365BENALMADENAHOLIDAYVILLAGECDELSOLAIFC.jpg</ns1:mainSrc>
									<ns1:mime>image/jpeg</ns1:mime>
									<ns1:size>small</ns1:size>
								</ns1:mediaData>
								<ns1:mediaData>
									<ns1:mainSrc>http://newmedia.thomson.co.uk/live/vol/0/5c486808e943931eef02feea26a31563266c0be6/658x370/web/EUROPEMEDITERRANEANSPAINCON_ESPCOSTADELSOLDES_000365BENALMADENAHOLIDAYVILLAGECDELSOLAIFC.jpg</ns1:mainSrc>
									<ns1:mime>image/jpeg</ns1:mime>
									<ns1:size>large</ns1:size>
								</ns1:mediaData>
							</ns1:galleryImages>
						</ns1:facilityData>
						<ns1:facilityData>
							<ns1:name>Multi-sports court*</ns1:name>
							<ns1:facilityType>Multi-sports court</ns1:facilityType>
							<ns1:features>
								<ns1:feature>
									<ns1:code>description</ns1:code>
									<ns1:value>Bookable from the beach club reception.</ns1:value>
								</ns1:feature>
								<ns1:feature>
									<ns1:code>priority</ns1:code>
									<ns1:value>0</ns1:value>
								</ns1:feature>
								<ns1:feature>
									<ns1:code>openingTimes</ns1:code>
									<ns1:value>10.00-18.00</ns1:value>
								</ns1:feature>
							</ns1:features>
							<ns1:galleryImages/>
						</ns1:facilityData>
						<ns1:facilityData>
							<ns1:name>Table tennis</ns1:name>
							<ns1:facilityType>Table tennis</ns1:facilityType>
							<ns1:features>
								<ns1:feature>
									<ns1:code>priority</ns1:code>
									<ns1:value>0</ns1:value>
								</ns1:feature>
							</ns1:features>
							<ns1:galleryImages/>
						</ns1:facilityData>
						<ns1:facilityData>
							<ns1:name>Pool table*</ns1:name>
							<ns1:facilityType>Pool table</ns1:facilityType>
							<ns1:features>
								<ns1:feature>
									<ns1:code>priority</ns1:code>
									<ns1:value>0</ns1:value>
								</ns1:feature>
							</ns1:features>
							<ns1:galleryImages>
								<ns1:mediaData>
									<ns1:mainSrc>http://newmedia.thomson.co.uk/live/vol/0/cc662dbfe8530266229bf51378d217f84f8e2a92/1080x608/web/EUROPEMEDITERRANEANSPAINCON_ESPCOSTADELSOLDES_000365BENALMADENAHOLIDAYVILLAGECDELSOLAIFC.jpg</ns1:mainSrc>
									<ns1:mime>image/jpeg</ns1:mime>
									<ns1:size>xlarge</ns1:size>
								</ns1:mediaData>
								<ns1:mediaData>
									<ns1:mainSrc>http://newmedia.thomson.co.uk/live/vol/0/cc662dbfe8530266229bf51378d217f84f8e2a92/232x130/web/EUROPEMEDITERRANEANSPAINCON_ESPCOSTADELSOLDES_000365BENALMADENAHOLIDAYVILLAGECDELSOLAIFC.jpg</ns1:mainSrc>
									<ns1:mime>image/jpeg</ns1:mime>
									<ns1:size>small</ns1:size>
								</ns1:mediaData>
								<ns1:mediaData>
									<ns1:mainSrc>http://newmedia.thomson.co.uk/live/vol/0/cc662dbfe8530266229bf51378d217f84f8e2a92/658x370/web/EUROPEMEDITERRANEANSPAINCON_ESPCOSTADELSOLDES_000365BENALMADENAHOLIDAYVILLAGECDELSOLAIFC.jpg</ns1:mainSrc>
									<ns1:mime>image/jpeg</ns1:mime>
									<ns1:size>large</ns1:size>
								</ns1:mediaData>
								<ns1:mediaData>
									<ns1:mainSrc>http://newmedia.thomson.co.uk/live/vol/0/cc662dbfe8530266229bf51378d217f84f8e2a92/488x274/web/EUROPEMEDITERRANEANSPAINCON_ESPCOSTADELSOLDES_000365BENALMADENAHOLIDAYVILLAGECDELSOLAIFC.jpg</ns1:mainSrc>
									<ns1:mime>image/jpeg</ns1:mime>
									<ns1:size>medium</ns1:size>
								</ns1:mediaData>
							</ns1:galleryImages>
						</ns1:facilityData>
						<ns1:facilityData>
							<ns1:name>Darts*</ns1:name>
							<ns1:facilityType>Darts</ns1:facilityType>
							<ns1:features>
								<ns1:feature>
									<ns1:code>priority</ns1:code>
									<ns1:value>0</ns1:value>
								</ns1:feature>
							</ns1:features>
							<ns1:galleryImages/>
						</ns1:facilityData>
						<ns1:facilityData>
							<ns1:name>Billiards*</ns1:name>
							<ns1:facilityType>Billiards</ns1:facilityType>
							<ns1:features>
								<ns1:feature>
									<ns1:code>priority</ns1:code>
									<ns1:value>0</ns1:value>
								</ns1:feature>
							</ns1:features>
							<ns1:galleryImages/>
						</ns1:facilityData>
						<ns1:facilityData>
							<ns1:name>Paddle tennis*</ns1:name>
							<ns1:facilityType>Tennis</ns1:facilityType>
							<ns1:features>
								<ns1:feature>
									<ns1:code>description</ns1:code>
									<ns1:value>Bookable from the beach club reception.</ns1:value>
								</ns1:feature>
								<ns1:feature>
									<ns1:code>priority</ns1:code>
									<ns1:value>0</ns1:value>
								</ns1:feature>
								<ns1:feature>
									<ns1:code>openingTimes</ns1:code>
									<ns1:value>10.00-18.00</ns1:value>
								</ns1:feature>
							</ns1:features>
							<ns1:galleryImages/>
						</ns1:facilityData>
						<ns1:facilityData>
							<ns1:name>Basketball*</ns1:name>
							<ns1:facilityType>Basketball</ns1:facilityType>
							<ns1:features>
								<ns1:feature>
									<ns1:code>priority</ns1:code>
									<ns1:value>0</ns1:value>
								</ns1:feature>
							</ns1:features>
							<ns1:galleryImages/>
						</ns1:facilityData>
						<ns1:facilityData>
							<ns1:name>Pool bar</ns1:name>
							<ns1:facilityType>Pool bar</ns1:facilityType>
							<ns1:features>
								<ns1:feature>
									<ns1:code>description</ns1:code>
									<ns1:value>This is the only place to get ice-cream during the day.</ns1:value>
								</ns1:feature>
								<ns1:feature>
									<ns1:code>priority</ns1:code>
									<ns1:value>0</ns1:value>
								</ns1:feature>
								<ns1:feature>
									<ns1:code>openingTimes</ns1:code>
									<ns1:value>11.00-18.00</ns1:value>
								</ns1:feature>
							</ns1:features>
							<ns1:galleryImages>
								<ns1:mediaData>
									<ns1:mainSrc>http://newmedia.thomson.co.uk/live/vol/0/9deb83d3270ad483245a09d2235941c4618a108f/1080x608/web/EUROPEMEDITERRANEANSPAINCON_ESPCOSTADELSOLDES_000365BENALMADENAHOLIDAYVILLAGECDELSOLAIFC.jpg</ns1:mainSrc>
									<ns1:mime>image/jpeg</ns1:mime>
									<ns1:size>xlarge</ns1:size>
								</ns1:mediaData>
								<ns1:mediaData>
									<ns1:mainSrc>http://newmedia.thomson.co.uk/live/vol/0/9deb83d3270ad483245a09d2235941c4618a108f/488x274/web/EUROPEMEDITERRANEANSPAINCON_ESPCOSTADELSOLDES_000365BENALMADENAHOLIDAYVILLAGECDELSOLAIFC.jpg</ns1:mainSrc>
									<ns1:mime>image/jpeg</ns1:mime>
									<ns1:size>medium</ns1:size>
								</ns1:mediaData>
								<ns1:mediaData>
									<ns1:mainSrc>http://newmedia.thomson.co.uk/live/vol/0/9deb83d3270ad483245a09d2235941c4618a108f/658x370/web/EUROPEMEDITERRANEANSPAINCON_ESPCOSTADELSOLDES_000365BENALMADENAHOLIDAYVILLAGECDELSOLAIFC.jpg</ns1:mainSrc>
									<ns1:mime>image/jpeg</ns1:mime>
									<ns1:size>large</ns1:size>
								</ns1:mediaData>
								<ns1:mediaData>
									<ns1:mainSrc>http://newmedia.thomson.co.uk/live/vol/0/9deb83d3270ad483245a09d2235941c4618a108f/232x130/web/EUROPEMEDITERRANEANSPAINCON_ESPCOSTADELSOLDES_000365BENALMADENAHOLIDAYVILLAGECDELSOLAIFC.jpg</ns1:mainSrc>
									<ns1:mime>image/jpeg</ns1:mime>
									<ns1:size>small</ns1:size>
								</ns1:mediaData>
							</ns1:galleryImages>
						</ns1:facilityData>
						<ns1:facilityData>
							<ns1:name>Piano bar</ns1:name>
							<ns1:facilityType>Bar</ns1:facilityType>
							<ns1:features>
								<ns1:feature>
									<ns1:code>description</ns1:code>
									<ns1:value>With live music every night.</ns1:value>
								</ns1:feature>
								<ns1:feature>
									<ns1:code>priority</ns1:code>
									<ns1:value>0</ns1:value>
								</ns1:feature>
							</ns1:features>
							<ns1:galleryImages/>
						</ns1:facilityData>
						<ns1:facilityData>
							<ns1:name>Bar</ns1:name>
							<ns1:facilityType>Bar</ns1:facilityType>
							<ns1:features>
								<ns1:feature>
									<ns1:code>description</ns1:code>
									<ns1:value>Open until the entertainment ends.</ns1:value>
								</ns1:feature>
								<ns1:feature>
									<ns1:code>priority</ns1:code>
									<ns1:value>0</ns1:value>
								</ns1:feature>
								<ns1:feature>
									<ns1:code>openingTimes</ns1:code>
									<ns1:value>19.3</ns1:value>
								</ns1:feature>
							</ns1:features>
							<ns1:galleryImages/>
						</ns1:facilityData>
						<ns1:facilityData>
							<ns1:name>Irish pub bar</ns1:name>
							<ns1:facilityType>Bar</ns1:facilityType>
							<ns1:features>
								<ns1:feature>
									<ns1:code>description</ns1:code>
									<ns1:value>They show live sport on the TV so you can keep up with your favourite teams.</ns1:value>
								</ns1:feature>
								<ns1:feature>
									<ns1:code>priority</ns1:code>
									<ns1:value>0</ns1:value>
								</ns1:feature>
								<ns1:feature>
									<ns1:code>openingTimes</ns1:code>
									<ns1:value>20.00-24.00</ns1:value>
								</ns1:feature>
							</ns1:features>
							<ns1:galleryImages/>
						</ns1:facilityData>
						<ns1:facilityData>
							<ns1:name>Mini-market*</ns1:name>
							<ns1:facilityType>Mini-market</ns1:facilityType>
							<ns1:features>
								<ns1:feature>
									<ns1:code>priority</ns1:code>
									<ns1:value>0</ns1:value>
								</ns1:feature>
							</ns1:features>
							<ns1:galleryImages>
								<ns1:mediaData>
									<ns1:mainSrc>http://newmedia.thomson.co.uk/live/vol/0/bfab2c31d7debe2e8e018bb460cd62d25175c1e9/1080x608/web/EUROPEMEDITERRANEANSPAINCON_ESPCOSTADELSOLDES_000365BENALMADENAHOLIDAYVILLAGECDELSOLAIFC.jpg</ns1:mainSrc>
									<ns1:mime>image/jpeg</ns1:mime>
									<ns1:size>xlarge</ns1:size>
								</ns1:mediaData>
								<ns1:mediaData>
									<ns1:mainSrc>http://newmedia.thomson.co.uk/live/vol/0/bfab2c31d7debe2e8e018bb460cd62d25175c1e9/488x274/web/EUROPEMEDITERRANEANSPAINCON_ESPCOSTADELSOLDES_000365BENALMADENAHOLIDAYVILLAGECDELSOLAIFC.jpg</ns1:mainSrc>
									<ns1:mime>image/jpeg</ns1:mime>
									<ns1:size>medium</ns1:size>
								</ns1:mediaData>
								<ns1:mediaData>
									<ns1:mainSrc>http://newmedia.thomson.co.uk/live/vol/0/bfab2c31d7debe2e8e018bb460cd62d25175c1e9/658x370/web/EUROPEMEDITERRANEANSPAINCON_ESPCOSTADELSOLDES_000365BENALMADENAHOLIDAYVILLAGECDELSOLAIFC.jpg</ns1:mainSrc>
									<ns1:mime>image/jpeg</ns1:mime>
									<ns1:size>large</ns1:size>
								</ns1:mediaData>
								<ns1:mediaData>
									<ns1:mainSrc>http://newmedia.thomson.co.uk/live/vol/0/bfab2c31d7debe2e8e018bb460cd62d25175c1e9/232x130/web/EUROPEMEDITERRANEANSPAINCON_ESPCOSTADELSOLDES_000365BENALMADENAHOLIDAYVILLAGECDELSOLAIFC.jpg</ns1:mainSrc>
									<ns1:mime>image/jpeg</ns1:mime>
									<ns1:size>small</ns1:size>
								</ns1:mediaData>
							</ns1:galleryImages>
						</ns1:facilityData>
						<ns1:facilityData>
							<ns1:name>24-hour reception</ns1:name>
							<ns1:facilityType>24-hour reception</ns1:facilityType>
							<ns1:features>
								<ns1:feature>
									<ns1:code>priority</ns1:code>
									<ns1:value>0</ns1:value>
								</ns1:feature>
							</ns1:features>
							<ns1:galleryImages/>
						</ns1:facilityData>
						<ns1:facilityData>
							<ns1:name>Money exchange</ns1:name>
							<ns1:facilityType>Currency exchange</ns1:facilityType>
							<ns1:features>
								<ns1:feature>
									<ns1:code>description</ns1:code>
									<ns1:value>The latest exchange rates will be displayed in reception.</ns1:value>
								</ns1:feature>
								<ns1:feature>
									<ns1:code>priority</ns1:code>
									<ns1:value>0</ns1:value>
								</ns1:feature>
							</ns1:features>
							<ns1:galleryImages/>
						</ns1:facilityData>
						<ns1:facilityData>
							<ns1:name>Changing rooms</ns1:name>
							<ns1:facilityType>Other</ns1:facilityType>
							<ns1:features>
								<ns1:feature>
									<ns1:code>description</ns1:code>
									<ns1:value>With 2 showers and 2 changing cubicles.</ns1:value>
								</ns1:feature>
								<ns1:feature>
									<ns1:code>priority</ns1:code>
									<ns1:value>0</ns1:value>
								</ns1:feature>
							</ns1:features>
							<ns1:galleryImages/>
						</ns1:facilityData>
						<ns1:facilityData>
							<ns1:name>Laundry service*</ns1:name>
							<ns1:facilityType>Laundry service</ns1:facilityType>
							<ns1:features>
								<ns1:feature>
									<ns1:code>priority</ns1:code>
									<ns1:value>0</ns1:value>
								</ns1:feature>
							</ns1:features>
							<ns1:galleryImages/>
						</ns1:facilityData>
						<ns1:facilityData>
							<ns1:name>Kids' pool</ns1:name>
							<ns1:facilityType>Kids' pool</ns1:facilityType>
							<ns1:features>
								<ns1:feature>
									<ns1:code>priority</ns1:code>
									<ns1:value>0</ns1:value>
								</ns1:feature>
								<ns1:feature>
									<ns1:code>openingTimes</ns1:code>
									<ns1:value>10.00-18.00</ns1:value>
								</ns1:feature>
							</ns1:features>
							<ns1:galleryImages>
								<ns1:mediaData>
									<ns1:mainSrc>http://newmedia.thomson.co.uk/live/vol/0/ca7de2148ad596da09bd0344d9e6cba699ddc24c/232x130/web/EUROPEMEDITERRANEANSPAINCON_ESPCOSTADELSOLDES_000365BENALMADENAHOLIDAYVILLAGECDELSOLAIFC.jpg</ns1:mainSrc>
									<ns1:mime>image/jpeg</ns1:mime>
									<ns1:size>small</ns1:size>
									<ns1:caption>Beach Club</ns1:caption>
								</ns1:mediaData>
								<ns1:mediaData>
									<ns1:mainSrc>http://newmedia.thomson.co.uk/live/vol/0/ca7de2148ad596da09bd0344d9e6cba699ddc24c/1080x608/web/EUROPEMEDITERRANEANSPAINCON_ESPCOSTADELSOLDES_000365BENALMADENAHOLIDAYVILLAGECDELSOLAIFC.jpg</ns1:mainSrc>
									<ns1:mime>image/jpeg</ns1:mime>
									<ns1:size>xlarge</ns1:size>
									<ns1:caption>Beach Club</ns1:caption>
								</ns1:mediaData>
								<ns1:mediaData>
									<ns1:mainSrc>http://newmedia.thomson.co.uk/live/vol/0/ca7de2148ad596da09bd0344d9e6cba699ddc24c/488x274/web/EUROPEMEDITERRANEANSPAINCON_ESPCOSTADELSOLDES_000365BENALMADENAHOLIDAYVILLAGECDELSOLAIFC.jpg</ns1:mainSrc>
									<ns1:mime>image/jpeg</ns1:mime>
									<ns1:size>medium</ns1:size>
									<ns1:caption>Beach Club</ns1:caption>
								</ns1:mediaData>
								<ns1:mediaData>
									<ns1:mainSrc>http://newmedia.thomson.co.uk/live/vol/0/ca7de2148ad596da09bd0344d9e6cba699ddc24c/658x370/web/EUROPEMEDITERRANEANSPAINCON_ESPCOSTADELSOLDES_000365BENALMADENAHOLIDAYVILLAGECDELSOLAIFC.jpg</ns1:mainSrc>
									<ns1:mime>image/jpeg</ns1:mime>
									<ns1:size>large</ns1:size>
									<ns1:caption>Beach Club</ns1:caption>
								</ns1:mediaData>
							</ns1:galleryImages>
						</ns1:facilityData>
						<ns1:facilityData>
							<ns1:name>Mini-disco</ns1:name>
							<ns1:facilityType>Mini-disco</ns1:facilityType>
							<ns1:features>
								<ns1:feature>
									<ns1:code>priority</ns1:code>
									<ns1:value>0</ns1:value>
								</ns1:feature>
							</ns1:features>
							<ns1:galleryImages/>
						</ns1:facilityData>
						<ns1:facilityData>
							<ns1:name>First Choice Kids' Club</ns1:name>
							<ns1:facilityType>Kids' club</ns1:facilityType>
							<ns1:features>
								<ns1:feature>
									<ns1:code>description</ns1:code>
									<ns1:value>This Holiday Village has a First Choice Kids’ Club that’s split into age groups. There’s Little Stars for 3 to 5 year olds, Super Stars for 6 to 8s and Mega Stars for 9 to 11s. They’re open 7 days a week and most activities are completely free. There’s also a Twinkle Stars crèche manned by qualified UK staff.</ns1:value>
								</ns1:feature>
								<ns1:feature>
									<ns1:code>priority</ns1:code>
									<ns1:value>1</ns1:value>
								</ns1:feature>
							</ns1:features>
							<ns1:galleryImages>
								<ns1:mediaData>
									<ns1:mainSrc>http://newmedia.thomson.co.uk/live/vol/0/79d46c56a84f1c662de1d88aee66d3227bfdc3f8/488x274/web/HV_GEN_10_F018_RT_6e89de091bbebab98a23c0d471c0f5179e619b40.jpg</ns1:mainSrc>
									<ns1:mime>image/jpeg</ns1:mime>
									<ns1:size>medium</ns1:size>
									<ns1:caption>Image shown for illustrative purposes only</ns1:caption>
								</ns1:mediaData>
								<ns1:mediaData>
									<ns1:mainSrc>http://newmedia.thomson.co.uk/live/vol/0/79d46c56a84f1c662de1d88aee66d3227bfdc3f8/658x370/web/HV_GEN_10_F018_RT_6e89de091bbebab98a23c0d471c0f5179e619b40.jpg</ns1:mainSrc>
									<ns1:mime>image/jpeg</ns1:mime>
									<ns1:size>large</ns1:size>
									<ns1:caption>Image shown for illustrative purposes only</ns1:caption>
								</ns1:mediaData>
								<ns1:mediaData>
									<ns1:mainSrc>http://newmedia.thomson.co.uk/live/vol/0/79d46c56a84f1c662de1d88aee66d3227bfdc3f8/232x130/web/HV_GEN_10_F018_RT_6e89de091bbebab98a23c0d471c0f5179e619b40.jpg</ns1:mainSrc>
									<ns1:mime>image/jpeg</ns1:mime>
									<ns1:size>small</ns1:size>
									<ns1:caption>Image shown for illustrative purposes only</ns1:caption>
								</ns1:mediaData>
								<ns1:mediaData>
									<ns1:mainSrc>http://newmedia.thomson.co.uk/live/vol/0/79d46c56a84f1c662de1d88aee66d3227bfdc3f8/1080x608/web/HV_GEN_10_F018_RT_6e89de091bbebab98a23c0d471c0f5179e619b40.jpg</ns1:mainSrc>
									<ns1:mime>image/jpeg</ns1:mime>
									<ns1:size>xlarge</ns1:size>
									<ns1:caption>Image shown for illustrative purposes only</ns1:caption>
								</ns1:mediaData>
								<ns1:mediaData>
									<ns1:mainSrc>http://newmedia.thomson.co.uk/live/vol/0/a63a99320a6d877595435eddf24f959c789c7c9b/1080x608/web/EUROPEMEDITERRANEANSPAINCON_ESPCOSTADELSOLDES_000365BENALMADENAHOLIDAYVILLAGECDELSOLAIFC.jpg</ns1:mainSrc>
									<ns1:mime>image/jpeg</ns1:mime>
									<ns1:size>xlarge</ns1:size>
								</ns1:mediaData>
								<ns1:mediaData>
									<ns1:mainSrc>http://newmedia.thomson.co.uk/live/vol/0/a63a99320a6d877595435eddf24f959c789c7c9b/488x274/web/EUROPEMEDITERRANEANSPAINCON_ESPCOSTADELSOLDES_000365BENALMADENAHOLIDAYVILLAGECDELSOLAIFC.jpg</ns1:mainSrc>
									<ns1:mime>image/jpeg</ns1:mime>
									<ns1:size>medium</ns1:size>
								</ns1:mediaData>
								<ns1:mediaData>
									<ns1:mainSrc>http://newmedia.thomson.co.uk/live/vol/0/a63a99320a6d877595435eddf24f959c789c7c9b/658x370/web/EUROPEMEDITERRANEANSPAINCON_ESPCOSTADELSOLDES_000365BENALMADENAHOLIDAYVILLAGECDELSOLAIFC.jpg</ns1:mainSrc>
									<ns1:mime>image/jpeg</ns1:mime>
									<ns1:size>large</ns1:size>
								</ns1:mediaData>
								<ns1:mediaData>
									<ns1:mainSrc>http://newmedia.thomson.co.uk/live/vol/0/a63a99320a6d877595435eddf24f959c789c7c9b/232x130/web/EUROPEMEDITERRANEANSPAINCON_ESPCOSTADELSOLDES_000365BENALMADENAHOLIDAYVILLAGECDELSOLAIFC.jpg</ns1:mainSrc>
									<ns1:mime>image/jpeg</ns1:mime>
									<ns1:size>small</ns1:size>
								</ns1:mediaData>
							</ns1:galleryImages>
						</ns1:facilityData>
						<ns1:facilityData>
							<ns1:name>Evening entertainment programme</ns1:name>
							<ns1:facilityType>Evening entertainment programme</ns1:facilityType>
							<ns1:features>
								<ns1:feature>
									<ns1:code>description</ns1:code>
									<ns1:value>Our First Choice team have put together a cast of highly trained entertainers, offering an exciting and diverse range of shows, fun and activities. The programme includes themed and party nights, pop shows, bingo, kids' entertainment, karaoke, cabaret and colourful shows.</ns1:value>
								</ns1:feature>
								<ns1:feature>
									<ns1:code>priority</ns1:code>
									<ns1:value>3</ns1:value>
								</ns1:feature>
							</ns1:features>
							<ns1:galleryImages>
								<ns1:mediaData>
									<ns1:mainSrc>http://newmedia.thomson.co.uk/live/vol/0/83b0204632c217916d09a84a6150fd5719c1033c/1080x608/web/EUROPEMEDITERRANEANSPAINCON_ESPCOSTADELSOLDES_000365BENALMADENAHOLIDAYVILLAGECDELSOLAIFC.jpg</ns1:mainSrc>
									<ns1:mime>image/jpeg</ns1:mime>
									<ns1:size>xlarge</ns1:size>
									<ns1:caption>Evening entertainment</ns1:caption>
								</ns1:mediaData>
								<ns1:mediaData>
									<ns1:mainSrc>http://newmedia.thomson.co.uk/live/vol/0/83b0204632c217916d09a84a6150fd5719c1033c/232x130/web/EUROPEMEDITERRANEANSPAINCON_ESPCOSTADELSOLDES_000365BENALMADENAHOLIDAYVILLAGECDELSOLAIFC.jpg</ns1:mainSrc>
									<ns1:mime>image/jpeg</ns1:mime>
									<ns1:size>small</ns1:size>
									<ns1:caption>Evening entertainment</ns1:caption>
								</ns1:mediaData>
								<ns1:mediaData>
									<ns1:mainSrc>http://newmedia.thomson.co.uk/live/vol/0/83b0204632c217916d09a84a6150fd5719c1033c/488x274/web/EUROPEMEDITERRANEANSPAINCON_ESPCOSTADELSOLDES_000365BENALMADENAHOLIDAYVILLAGECDELSOLAIFC.jpg</ns1:mainSrc>
									<ns1:mime>image/jpeg</ns1:mime>
									<ns1:size>medium</ns1:size>
									<ns1:caption>Evening entertainment</ns1:caption>
								</ns1:mediaData>
								<ns1:mediaData>
									<ns1:mainSrc>http://newmedia.thomson.co.uk/live/vol/0/83b0204632c217916d09a84a6150fd5719c1033c/658x370/web/EUROPEMEDITERRANEANSPAINCON_ESPCOSTADELSOLDES_000365BENALMADENAHOLIDAYVILLAGECDELSOLAIFC.jpg</ns1:mainSrc>
									<ns1:mime>image/jpeg</ns1:mime>
									<ns1:size>large</ns1:size>
									<ns1:caption>Evening entertainment</ns1:caption>
								</ns1:mediaData>
							</ns1:galleryImages>
						</ns1:facilityData>
						<ns1:facilityData>
							<ns1:name>Cinema</ns1:name>
							<ns1:facilityType>Cinema</ns1:facilityType>
							<ns1:features>
								<ns1:feature>
									<ns1:code>priority</ns1:code>
									<ns1:value>0</ns1:value>
								</ns1:feature>
							</ns1:features>
							<ns1:galleryImages/>
						</ns1:facilityData>
						<ns1:facilityData>
							<ns1:name>Playground</ns1:name>
							<ns1:facilityType>Playground</ns1:facilityType>
							<ns1:features>
								<ns1:feature>
									<ns1:code>description</ns1:code>
									<ns1:value>Kids must be supervised at all times.</ns1:value>
								</ns1:feature>
								<ns1:feature>
									<ns1:code>priority</ns1:code>
									<ns1:value>0</ns1:value>
								</ns1:feature>
								<ns1:feature>
									<ns1:code>openingTimes</ns1:code>
									<ns1:value>10.00-23.00</ns1:value>
								</ns1:feature>
							</ns1:features>
							<ns1:galleryImages/>
						</ns1:facilityData>
						<ns1:facilityData>
							<ns1:name>Football Academy*</ns1:name>
							<ns1:facilityType>Football Academy</ns1:facilityType>
							<ns1:features>
								<ns1:feature>
									<ns1:code>description</ns1:code>
									<ns1:value>Sessions with FA or UEFA-qualified coaches for ages 5 to 16.</ns1:value>
								</ns1:feature>
								<ns1:feature>
									<ns1:code>priority</ns1:code>
									<ns1:value>5</ns1:value>
								</ns1:feature>
							</ns1:features>
							<ns1:galleryImages>
								<ns1:mediaData>
									<ns1:mainSrc>http://newmedia.thomson.co.uk/live/vol/0/8e3987a5a073490cfabd9eb82e19c7dd29c58f9f/488x274/web/EUROPEMEDITERRANEANSPAINCON_ESPCOSTADELSOLDES_000365BENALMADENAHOLIDAYVILLAGECDELSOLAIFC.jpg</ns1:mainSrc>
									<ns1:mime>image/jpeg</ns1:mime>
									<ns1:size>medium</ns1:size>
								</ns1:mediaData>
								<ns1:mediaData>
									<ns1:mainSrc>http://newmedia.thomson.co.uk/live/vol/0/8e3987a5a073490cfabd9eb82e19c7dd29c58f9f/658x370/web/EUROPEMEDITERRANEANSPAINCON_ESPCOSTADELSOLDES_000365BENALMADENAHOLIDAYVILLAGECDELSOLAIFC.jpg</ns1:mainSrc>
									<ns1:mime>image/jpeg</ns1:mime>
									<ns1:size>large</ns1:size>
								</ns1:mediaData>
								<ns1:mediaData>
									<ns1:mainSrc>http://newmedia.thomson.co.uk/live/vol/0/8e3987a5a073490cfabd9eb82e19c7dd29c58f9f/1080x608/web/EUROPEMEDITERRANEANSPAINCON_ESPCOSTADELSOLDES_000365BENALMADENAHOLIDAYVILLAGECDELSOLAIFC.jpg</ns1:mainSrc>
									<ns1:mime>image/jpeg</ns1:mime>
									<ns1:size>xlarge</ns1:size>
								</ns1:mediaData>
								<ns1:mediaData>
									<ns1:mainSrc>http://newmedia.thomson.co.uk/live/vol/0/8e3987a5a073490cfabd9eb82e19c7dd29c58f9f/232x130/web/EUROPEMEDITERRANEANSPAINCON_ESPCOSTADELSOLDES_000365BENALMADENAHOLIDAYVILLAGECDELSOLAIFC.jpg</ns1:mainSrc>
									<ns1:mime>image/jpeg</ns1:mime>
									<ns1:size>small</ns1:size>
								</ns1:mediaData>
							</ns1:galleryImages>
						</ns1:facilityData>
						<ns1:facilityData>
							<ns1:name>Swim Academy*</ns1:name>
							<ns1:facilityType>Swim Academy</ns1:facilityType>
							<ns1:features>
								<ns1:feature>
									<ns1:code>description</ns1:code>
									<ns1:value>Lessons by ASA-qualified teachers. For quicker results you can go private. Our academies are for ages 3 to adult. Places on all three are hot property so get in quick.</ns1:value>
								</ns1:feature>
								<ns1:feature>
									<ns1:code>priority</ns1:code>
									<ns1:value>4</ns1:value>
								</ns1:feature>
							</ns1:features>
							<ns1:galleryImages>
								<ns1:mediaData>
									<ns1:mainSrc>http://newmedia.thomson.co.uk/live/vol/0/586fa536297a98b71841ff133d16ccc66240069c/232x130/web/EUROPEMEDITERRANEANSPAINCON_ESPCOSTADELSOLDES_000365BENALMADENAHOLIDAYVILLAGECDELSOLAIFC.jpg</ns1:mainSrc>
									<ns1:mime>image/jpeg</ns1:mime>
									<ns1:size>small</ns1:size>
									<ns1:caption>Swim academy</ns1:caption>
								</ns1:mediaData>
								<ns1:mediaData>
									<ns1:mainSrc>http://newmedia.thomson.co.uk/live/vol/0/586fa536297a98b71841ff133d16ccc66240069c/1080x608/web/EUROPEMEDITERRANEANSPAINCON_ESPCOSTADELSOLDES_000365BENALMADENAHOLIDAYVILLAGECDELSOLAIFC.jpg</ns1:mainSrc>
									<ns1:mime>image/jpeg</ns1:mime>
									<ns1:size>xlarge</ns1:size>
									<ns1:caption>Swim academy</ns1:caption>
								</ns1:mediaData>
								<ns1:mediaData>
									<ns1:mainSrc>http://newmedia.thomson.co.uk/live/vol/0/586fa536297a98b71841ff133d16ccc66240069c/658x370/web/EUROPEMEDITERRANEANSPAINCON_ESPCOSTADELSOLDES_000365BENALMADENAHOLIDAYVILLAGECDELSOLAIFC.jpg</ns1:mainSrc>
									<ns1:mime>image/jpeg</ns1:mime>
									<ns1:size>large</ns1:size>
									<ns1:caption>Swim academy</ns1:caption>
								</ns1:mediaData>
								<ns1:mediaData>
									<ns1:mainSrc>http://newmedia.thomson.co.uk/live/vol/0/586fa536297a98b71841ff133d16ccc66240069c/488x274/web/EUROPEMEDITERRANEANSPAINCON_ESPCOSTADELSOLDES_000365BENALMADENAHOLIDAYVILLAGECDELSOLAIFC.jpg</ns1:mainSrc>
									<ns1:mime>image/jpeg</ns1:mime>
									<ns1:size>medium</ns1:size>
									<ns1:caption>Swim academy</ns1:caption>
								</ns1:mediaData>
							</ns1:galleryImages>
						</ns1:facilityData>
						<ns1:facilityData>
							<ns1:name>Kids' dining</ns1:name>
							<ns1:facilityType>Kids' dining</ns1:facilityType>
							<ns1:features>
								<ns1:feature>
									<ns1:code>description</ns1:code>
									<ns1:value>In the buffet restaurant.</ns1:value>
								</ns1:feature>
								<ns1:feature>
									<ns1:code>priority</ns1:code>
									<ns1:value>0</ns1:value>
								</ns1:feature>
							</ns1:features>
							<ns1:galleryImages/>
						</ns1:facilityData>
						<ns1:facilityData>
							<ns1:name>Karaoke</ns1:name>
							<ns1:facilityType>Karaoke</ns1:facilityType>
							<ns1:features>
								<ns1:feature>
									<ns1:code>priority</ns1:code>
									<ns1:value>0</ns1:value>
								</ns1:feature>
							</ns1:features>
							<ns1:galleryImages/>
						</ns1:facilityData>
						<ns1:facilityData>
							<ns1:name>Pool towels</ns1:name>
							<ns1:facilityType>Pool towels</ns1:facilityType>
							<ns1:features>
								<ns1:feature>
									<ns1:code>priority</ns1:code>
									<ns1:value>0</ns1:value>
								</ns1:feature>
							</ns1:features>
							<ns1:galleryImages/>
						</ns1:facilityData>
						<ns1:facilityData>
							<ns1:name>Free ultra-fast Wi-Fi zones</ns1:name>
							<ns1:facilityType>Free Wi-Fi</ns1:facilityType>
							<ns1:features>
								<ns1:feature>
									<ns1:code>description</ns1:code>
									<ns1:value>Free-of-charge Wi-Fi zones around the hotel.</ns1:value>
								</ns1:feature>
								<ns1:feature>
									<ns1:code>priority</ns1:code>
									<ns1:value>0</ns1:value>
								</ns1:feature>
							</ns1:features>
							<ns1:galleryImages/>
						</ns1:facilityData>
						<ns1:facilityData>
							<ns1:name>A la carte dining</ns1:name>
							<ns1:facilityType>A la carte dining</ns1:facilityType>
							<ns1:features>
								<ns1:feature>
									<ns1:code>description</ns1:code>
									<ns1:value>In the Italian restaurant and American Diner.</ns1:value>
								</ns1:feature>
								<ns1:feature>
									<ns1:code>priority</ns1:code>
									<ns1:value>0</ns1:value>
								</ns1:feature>
							</ns1:features>
							<ns1:galleryImages/>
						</ns1:facilityData>
						<ns1:facilityData>
							<ns1:name>Deposit</ns1:name>
							<ns1:facilityType>Other</ns1:facilityType>
							<ns1:features>
								<ns1:feature>
									<ns1:code>description</ns1:code>
									<ns1:value>You'll be asked on arrival for your credit card details or a refundable cash deposit of 100 euros to cover any damages to the room or loss of any items within the room.</ns1:value>
								</ns1:feature>
								<ns1:feature>
									<ns1:code>priority</ns1:code>
									<ns1:value>0</ns1:value>
								</ns1:feature>
							</ns1:features>
							<ns1:galleryImages/>
						</ns1:facilityData>
					</ns1:facilities>
					<ns1:galleryImages/>
					<ns1:rooms/>
					<ns1:geoHierarchy>
						<ns1:categories>
							<ns1:categoryData>
								<ns1:code>EEE</ns1:code>
								<ns1:name>Europe</ns1:name>
								<ns1:hierarchyType>CONTINENT</ns1:hierarchyType>
								<ns1:hierarchyLevel>0</ns1:hierarchyLevel>
								<ns1:subCategories>
									<categoryData xmlns = "http://tuiuk.com/xsd/interface/accommodation/response/v1" xmlns:SOAP-ENV = "http://schemas.xmlsoap.org/soap/envelope/" xmlns:ns0 = "http://tuiuk.com/xsd/interface/accommodation/response/v1">
										<code>ESP</code>
										<name>Spain</name>
										<hierarchyType>COUNTRY</hierarchyType>
										<hierarchyLevel>1</hierarchyLevel>
										<subCategories>
											<categoryData>
												<code>002894</code>
												<name>Andalucia</name>
												<hierarchyType>REGION</hierarchyType>
												<hierarchyLevel>2</hierarchyLevel>
												<subCategories>
													<categoryData>
														<code>000365</code>
														<name>Costa Del Sol</name>
														<hierarchyType>DESTINATION</hierarchyType>
														<hierarchyLevel>3</hierarchyLevel>
														<subCategories>
															<categoryData>
																<code>000366</code>
																<name>Benalmadena</name>
																<hierarchyType>RESORT</hierarchyType>
																<hierarchyLevel>4</hierarchyLevel>
															</categoryData>
														</subCategories>
													</categoryData>
												</subCategories>
											</categoryData>
										</subCategories>
									</categoryData>
								</ns1:subCategories>
							</ns1:categoryData>
						</ns1:categories>
					</ns1:geoHierarchy>
					<ns1:boardBasis>
						<ns1:boardBasisData>
							<ns1:code>AI</ns1:code>
							<ns1:name>All Inclusive</ns1:name>
							<ns1:features>
								<ns1:feature>
									<ns1:code>snacks_description</ns1:code>
									<ns1:value>Snacks 11.00-18.00. Ice-cream for children.</ns1:value>
								</ns1:feature>
								<ns1:feature>
									<ns1:code>lunch_included</ns1:code>
									<ns1:value>Y</ns1:value>
								</ns1:feature>
								<ns1:feature>
									<ns1:code>drinks_description</ns1:code>
									<ns1:value>Unlimited local-brand beer, wine, spirits, soft drinks, tea and coffee 10.00-24.00.</ns1:value>
								</ns1:feature>
								<ns1:feature>
									<ns1:code>drinks_included</ns1:code>
									<ns1:value>Y</ns1:value>
								</ns1:feature>
								<ns1:feature>
									<ns1:code>snacks_included</ns1:code>
									<ns1:value>Y</ns1:value>
								</ns1:feature>
								<ns1:feature>
									<ns1:code>dinner_included</ns1:code>
									<ns1:value>Y</ns1:value>
								</ns1:feature>
								<ns1:feature>
									<ns1:code>breakfast_included</ns1:code>
									<ns1:value>Y</ns1:value>
								</ns1:feature>
								<ns1:feature>
									<ns1:code>meals_description</ns1:code>
									<ns1:value>Buffet breakfast, lunch and dinner with themed evenings. 1 visit per week to both the Italian restaurant and American Diner.</ns1:value>
								</ns1:feature>
							</ns1:features>
						</ns1:boardBasisData>
					</ns1:boardBasis>
					<ns1:features>
						<ns1:feature>
							<ns1:code>overview_2_new</ns1:code>
							<ns1:value>You can sink into a poolside Jacuzzi&lt;sup>®&lt;/sup> at the Beach Club, pull up a chair at the al fresco restaurant and bar, or take your pick of activities like mini golf and archery.</ns1:value>
						</ns1:feature>
						<ns1:feature>
							<ns1:code>noOfBuildings</ns1:code>
							<ns1:value>2</ns1:value>
						</ns1:feature>
						<ns1:feature>
							<ns1:code>bestFor</ns1:code>
							<ns1:value>Sports and Activities</ns1:value>
						</ns1:feature>
						<ns1:feature>
							<ns1:code>tripadvisor_id</ns1:code>
							<ns1:value>620408</ns1:value>
						</ns1:feature>
						<ns1:feature>
							<ns1:code>latitude</ns1:code>
							<ns1:value>36.575869802</ns1:value>
						</ns1:feature>
						<ns1:feature>
							<ns1:code>allInclusiveDrink</ns1:code>
							<ns1:value>Unlimited local alcoholic and non-alcoholic drinks including beer, wine, spirits, soft drinks, tea and coffee 10.00-24.00†.</ns1:value>
						</ns1:feature>
						<ns1:feature>
							<ns1:code>overview_1_new</ns1:code>
							<ns1:value>The real drawcard at this place is its all-action Beach Club, where a big bunch of pools are paired with panoramic sea views and fun extras like a wave machine and pirate ship.</ns1:value>
						</ns1:feature>
						<ns1:feature>
							<ns1:code>food_drink_1_new</ns1:code>
							<ns1:value>As well as a buffet place, there's an American Diner and an Italian restaurant to sort out cravings for tacos and big bowls of penne. An al fresco Beach Club restaurant* is open between mid-April and mid-September, too.</ns1:value>
						</ns1:feature>
						<ns1:feature>
							<ns1:code>locationInformation</ns1:code>
							<ns1:value>On the coastal road between Benalmadena and Fuengirola</ns1:value>
						</ns1:feature>
						<ns1:feature>
							<ns1:code>entertainment_2_new</ns1:code>
							<ns1:value>Kids’ clubs run right into the evening from April to October. Alternatively, make tracks for the outdoor stage with its huge open-air terrace – the HV Live entertainment team puts on professional shows here.</ns1:value>
						</ns1:feature>
						<ns1:feature>
							<ns1:code>usps</ns1:code>
							<ns1:value>All-action Beach Club</ns1:value>
						</ns1:feature>
						<ns1:feature>
							<ns1:code>introduction</ns1:code>
							<ns1:value>Most activities at the Holiday Village Costa Del Sol go al fresco. Water walkers take over the pool once a week, and archery, aeroball, tennis courts and a football pitch dot the hotel grounds. There’s a ball pool fun house, too. Clown academy and wizard workshops top the popularity charts, though – kids even get a personalised certificate at the end. After-dark entertainment is taken care of by the HV Live programme.</ns1:value>
						</ns1:feature>
						<ns1:feature>
							<ns1:code>longitude</ns1:code>
							<ns1:value>-4.579539299</ns1:value>
						</ns1:feature>
						<ns1:feature>
							<ns1:code>noOfrooms</ns1:code>
							<ns1:value>360</ns1:value>
						</ns1:feature>
						<ns1:feature>
							<ns1:code>food_drink_2_new</ns1:code>
							<ns1:value>The bars include one at the pool and another overlooking the sea, plus an Irish-themed pub with Guinness on offer. And there’s a snack bar serving up light bites during the day.</ns1:value>
						</ns1:feature>
						<ns1:feature>
							<ns1:code>entertainment_1_new</ns1:code>
							<ns1:value>Head for the open-air theatre for pop and cabaret shows, catch films in the mini cinema, or pull up a seat in the Irish bar for sports on the big screen.</ns1:value>
						</ns1:feature>
						<ns1:feature>
							<ns1:code>synonyms</ns1:code>
							<ns1:value>Costa del Sol Holiday Village</ns1:value>
						</ns1:feature>
						<ns1:feature>
							<ns1:code>allInclusiveFood</ns1:code>
							<ns1:value>Full Board buffet meals. Themed evenings. Snacks 11.00-18.00. 1 visit per week to both the Italian restaurant and American Diner. Ice-cream for children.</ns1:value>
						</ns1:feature>
						<ns1:feature>
							<ns1:code>pool_scene_2_new</ns1:code>
							<ns1:value>Tots have their own splash pool, and there’s a pair of luxurious seaview Jacuzzis&lt;sup>®&lt;/sup> with sunken water loungers. The main pool’s a big lagoon-style number with a separate section for little ones.</ns1:value>
						</ns1:feature>
						<ns1:feature>
							<ns1:code>health_beauty_1_new</ns1:code>
							<ns1:value>The spa* offers perks like a glass-walled pool area, whirlpool baths and massage treatments.</ns1:value>
						</ns1:feature>
						<ns1:feature>
							<ns1:code>roomsOverview</ns1:code>
							<ns1:value>These apartments are provided with a well-equipped kitchen, lounge area and a balcony or terrace. For a bit extra, you can have an apartment with a &lt;strong>sea view&lt;/strong> and a&lt;strong> pool view&lt;/strong>. And for larger groups there is a &lt;strong>1-bedroom family room &lt;/strong>with extra beds provided. Plus, if you'd like to upgrade, &lt;strong>select 1-bedroom apartments&lt;/strong> are available with a &lt;strong>sea view&lt;/strong> and a &lt;strong>pool view&lt;/strong>.</ns1:value>
						</ns1:feature>
						<ns1:feature>
							<ns1:code>facilitiesOverview</ns1:code>
							<ns1:value>When it comes to keeping busy, this place has activities like archery and tennis on offer, as well as loads of games and shows. Pool-wise, you’ve got 3 to pick from – an indoor one, a massive outdoor one, and a wave pool at the beach club next door.</ns1:value>
						</ns1:feature>
						<ns1:feature>
							<ns1:code>officialRating</ns1:code>
							<ns1:value>4 Star</ns1:value>
						</ns1:feature>
						<ns1:feature>
							<ns1:code>noOfFloors</ns1:code>
							<ns1:value>6</ns1:value>
						</ns1:feature>
						<ns1:feature>
							<ns1:code>FCU023</ns1:code>
							<ns1:value>Holiday Village</ns1:value>
						</ns1:feature>
						<ns1:feature>
							<ns1:code>sport_activities_2_new</ns1:code>
							<ns1:value>In the glitzy games arcade, you’ll find foosball and air hockey. Wii challenges at the teens’ club feature favourite games like How to Train Your Dragon and Band Hero.</ns1:value>
						</ns1:feature>
						<ns1:feature>
							<ns1:code>noOfLifts</ns1:code>
							<ns1:value>13</ns1:value>
						</ns1:feature>
						<ns1:feature>
							<ns1:code>freeChildPlaces</ns1:code>
							<ns1:value>FREE Child Places</ns1:value>
						</ns1:feature>
						<ns1:feature>
							<ns1:code>name</ns1:code>
							<ns1:value>Holiday Village Costa del Sol</ns1:value>
						</ns1:feature>
						<ns1:feature>
							<ns1:code>allInclusiveSportActivity</ns1:code>
							<ns1:value>All are included except where indicated.</ns1:value>
						</ns1:feature>
						<ns1:feature>
							<ns1:code>sport_activities_1_new</ns1:code>
							<ns1:value>Away from the all-action pool scene, the activities roster ticks off circus skills workshops, snorkelling and crazy golf.</ns1:value>
						</ns1:feature>
						<ns1:feature>
							<ns1:code>pool_scene_1_new</ns1:code>
							<ns1:value>There’s nothing boring about the pool scene here. There's one with elephant-shaped jet hoses, a second with a giant pirate ship, and another that has a wave machine between mid-April and November.</ns1:value>
						</ns1:feature>
						<ns1:feature>
							<ns1:code>strapline</ns1:code>
							<ns1:value>This whopping family hotel pairs a Grade-A pool scene with panoramic views of the sea.</ns1:value>
						</ns1:feature>
						<ns1:feature>
							<ns1:code>tRating</ns1:code>
							<ns1:value>4</ns1:value>
						</ns1:feature>
					</ns1:features>
					<ns1:reviews>
						<ns1:review>
							<ns1:source>Trip advisor</ns1:source>
							<ns1:reviewRating>0.0</ns1:reviewRating>
							<ns1:reviewCount>2055</ns1:reviewCount>
							<ns1:reviewBarURL>http://www.tripadvisor.com/img/cdsi/img2/ratings/traveler/4.0-17552-5.png</ns1:reviewBarURL>
							<ns1:reviewsURL>http://www.tripadvisor.com/Hotel_Review-g562812-d620408-Reviews-m17552-Holiday_Village-Benalmadena_Costa_del_Sol_Province_of_Malaga_Andalucia.html</ns1:reviewsURL>
						</ns1:review>
						<ns1:review>
							<ns1:source>TUI</ns1:source>
							<ns1:reviewRating>4</ns1:reviewRating>
							<ns1:reviewCount>0</ns1:reviewCount>
						</ns1:review>
					</ns1:reviews>
				</ns1:Accommodation>
			</ns0:content>
		</ns0:hotelContent>
	</ns0:model>
	<tui-app-locale>en-GB</tui-app-locale>
</root>