<?xml version = "1.0" encoding = "UTF-8"?>
<bookings>
	<bookingRef>82734</bookingRef>
	<status>Pre-Holiday</status>
	<booking>
		<reservationCode>82734</reservationCode>
		<brand>FC</brand>
		<bookingType>online</bookingType>
		<passengers>
			<fullName>Mr Daniel Walsh</fullName>
			<title>Mr</title>
			<firstName>Daniel</firstName>
			<surname>Walsh</surname>
			<leadBookerIndicator>true</leadBookerIndicator>
		</passengers>
		<passengers>
			<fullName>Mrs Emma Walsh</fullName>
			<title>Mrs</title>
			<firstName>Emma</firstName>
			<surname>Walsh</surname>
			<leadBookerIndicator>false</leadBookerIndicator>
		</passengers>
		<passengers>
			<fullName>Miss Holly Wines</fullName>
			<title>Miss</title>
			<firstName>Holly</firstName>
			<surname>Wines</surname>
			<leadBookerIndicator>false</leadBookerIndicator>
		</passengers>
		<passengers>
			<fullName>Miss Lily Walsh</fullName>
			<title>Miss</title>
			<firstName>Lily</firstName>
			<surname>Walsh</surname>
			<leadBookerIndicator>false</leadBookerIndicator>
		</passengers>
		<passengers>
			<fullName>Master Jake Walsh</fullName>
			<title>Master</title>
			<firstName>Jake</firstName>
			<surname>Walsh</surname>
			<leadBookerIndicator>false</leadBookerIndicator>
		</passengers>
		<startDate>2016-05-22</startDate>
		<endDate>2016-05-29</endDate>
	</booking>
</bookings>