<?xml version="1.0" encoding="UTF-8"?>

<application xmlns="http://www.tibco.com/xmlns/ApplicationManagement" name="LEGONO/LEGO_NO_ExceptionHandlingFramework">
    <repoInstanceName>%%DOMAIN%%-LEGO_NO_ExceptionHandlingFramework</repoInstanceName>
    <NVPairs name="Global Variables">
        <NameValuePairPassword>
            <name>Connection/JMS/JNDIPwd</name>
            <value></value>
        </NameValuePairPassword>
        <NameValuePair>
            <name>Connection/JMS/JNDIURL</name>
            <value>tibjmsnaming://10.207.24.153:7222</value>
        </NameValuePair>
        <NameValuePair>
            <name>Connection/JMS/JNDIUsername</name>
            <value>admin</value>
        </NameValuePair>
        <NameValuePairPassword>
            <name>Connection/JMS/Password</name>
            <value></value>
        </NameValuePairPassword>
        <NameValuePair>
            <name>Connection/JMS/QueueConnectionFactory</name>
            <value>FTQueueConnectionFactory</value>
        </NameValuePair>
        <NameValuePair>
            <name>Connection/JMS/TopicConnectionFactory</name>
            <value>FTTopicConnectionFactory</value>
        </NameValuePair>
        <NameValuePair>
            <name>Connection/JMS/URL</name>
            <value>tcp://10.207.24.153:7222</value>
        </NameValuePair>
        <NameValuePair>
            <name>Connection/JMS/Username</name>
            <value>admin</value>
        </NameValuePair>
        <NameValuePair>
            <name>DirLedger</name>
            <value>.</value>
        </NameValuePair>
        <NameValuePair>
            <name>DirTrace</name>
            <value>.</value>
        </NameValuePair>
		<NameValuePair>
            <name>ENV</name>
            <value>QA.TDA</value>
        </NameValuePair>
        <NameValuePair>
            <name>Logging/AuditDBDriver</name>
            <value>oracle.jdbc.driver.OracleDriver</value>
        </NameValuePair>
        <NameValuePair>
            <name>Logging/AuditDBMaxCon</name>
            <value>100</value>
        </NameValuePair>
        <NameValuePairPassword>
            <name>Logging/AuditDBPassword</name>
            <value>#!LzCh6RPa5/sqAiOBbAefoFHUejyRyJs/ysjdzaSdkmY=</value>
        </NameValuePairPassword>
        <NameValuePair>
            <name>Logging/AuditDBTimeout</name>
            <value>20</value>
        </NameValuePair>
        <NameValuePair>
            <name>Logging/AuditDBURL</name>
            <value>jdbc:oracle:thin:@delvmplltui07.sapient.com:1521:TUIDB</value>
        </NameValuePair>
        <NameValuePair>
            <name>Logging/AuditDBUser</name>
            <value>TDANOBWQA</value>
        </NameValuePair>
        <NameValuePair>
            <name>Logging/AuditQueue</name>
            <value>AUDIT</value>
        </NameValuePair>
        <NameValuePair>
            <name>Logging/AuditTableName</name>
            <value>TIBCO_AUDITLOGS</value>
        </NameValuePair>
        <NameValuePairBoolean>
            <name>Logging/DBLogging</name>
            <value>true</value>
        </NameValuePairBoolean>
        <NameValuePairBoolean>
            <name>Logging/EnableAuditing</name>
            <value>true</value>
        </NameValuePairBoolean>
        <NameValuePairBoolean>
            <name>Logging/EnableExceptionAuditing</name>
            <value>true</value>
        </NameValuePairBoolean>
        <NameValuePair>
            <name>Logging/ExceptionQueue</name>
            <value>EXCEPTION</value>
        </NameValuePair>
        <NameValuePair>
            <name>Logging/ExceptionTableName</name>
            <value>TIBCO_EXCEPTIONLOGS</value>
        </NameValuePair>
        <NameValuePairBoolean>
            <name>Logging/FileLogging</name>
            <value>true</value>
        </NameValuePairBoolean>
    </NVPairs>
    <repoInstances selected="local">
        <httpRepoInstance></httpRepoInstance>
        <rvRepoInstance>
            <discoveryTimout>10</discoveryTimout>
            <regionalSubject></regionalSubject>
            <operationRetry>0</operationRetry>
        </rvRepoInstance>
        <localRepoInstance>
            <encoding>ISO8859-1</encoding>
        </localRepoInstance>
    </repoInstances>
    <services>
        <bw name="ExceptionHandlingFramework.par">
            <enabled>true</enabled>
            <bindings>
                <binding name="LEGO_NO_ExceptionHandlingFramework">
                    <machine>delvmplltui25.sapient.com</machine>
                    <product>
                        <type>BW</type>
                        <version>5.11</version>
                        <location>/opt/tibco/bw/5.11</location>
                    </product>
                    <setting>
                        <startOnBoot>false</startOnBoot>
                        <enableVerbose>false</enableVerbose>
                        <maxLogFileSize>20000</maxLogFileSize>
                        <maxLogFileCount>5</maxLogFileCount>
                        <threadCount>8</threadCount>
                        <java>
                            <initHeapSize>128</initHeapSize>
                            <maxHeapSize>256</maxHeapSize>
                            <threadStackSize>256</threadStackSize>
                        </java>
                    </setting>
                    <shutdown>
                        <checkpoint>false</checkpoint>
                        <timeout>0</timeout>
                    </shutdown>
                </binding>
            </bindings>
            <NVPairs name="Adapter SDK Properties">
                <NameValuePair>
                    <name>Trace.Task.*</name>
                    <value>false</value>
                </NameValuePair>
                <NameValuePair>
                    <name>EnableMemorySavingMode</name>
                    <value>false</value>
                </NameValuePair>
                <NameValuePair>
                    <name>bw.engine.enableJobRecovery</name>
                    <value>false</value>
                </NameValuePair>
                <NameValuePair>
                    <name>bw.engine.autoCheckpointRestart</name>
                    <value>true</value>
                </NameValuePair>
                <NameValuePair>
                    <name>bw.engine.jobstats.enable</name>
                    <value>false</value>
                </NameValuePair>
                <NameValuePair>
                    <name>log.file.encoding</name>
                    <value></value>
                </NameValuePair>
                <NameValuePair>
                    <name>bw.engine.emaEnabled</name>
                    <value>false</value>
                </NameValuePair>
                <NameValuePair>
                    <name>bw.container.service</name>
                    <value></value>
                </NameValuePair>
                <NameValuePair>
                    <name>bw.container.service.rmi.port</name>
                    <value>9995</value>
                </NameValuePair>
                <NameValuePair>
                    <name>bw.platform.services.retreiveresources.Enabled</name>
                    <value>false</value>
                </NameValuePair>
                <NameValuePair>
                    <name>bw.platform.services.retreiveresources.Hostname</name>
                    <value>localhost</value>
                </NameValuePair>
                <NameValuePair>
                    <name>bw.platform.services.retreiveresources.Httpport</name>
                    <value>8010</value>
                </NameValuePair>
                <NameValuePair>
                    <name>bw.platform.services.retreiveresources.defaultEncoding</name>
                    <value>ISO8859_1</value>
                </NameValuePair>
                <NameValuePair>
                    <name>bw.platform.services.retreiveresources.enableLookups</name>
                    <value>false</value>
                </NameValuePair>
                <NameValuePair>
                    <name>bw.platform.services.retreiveresources.isSecure</name>
                    <value>false</value>
                </NameValuePair>
                <NameValuePair>
                    <name>bw.platform.services.retreiveresources.identity</name>
                    <value>/Identity_HTTPConnection.id</value>
                </NameValuePair>
                <NameValuePair>
                    <name>bw.log4j.configuration</name>
                    <value></value>
                </NameValuePair>
				<NameValuePair>
                    <name>Trace.Role.Audit.Log</name>
                    <value>true</value>
                </NameValuePair>
                <NameValuePair>
                    <name>Trace.Role.Audit.Log.Dir</name>
                    <value>/opt/tibco/TDALogs</value>
                </NameValuePair>
                <NameValuePair>
                    <name>Trace.Role.Audit.Log.File</name>
                    <value>AuditLog</value>
                </NameValuePair>
                <NameValuePair>
                    <name>Trace.Role.Audit.Log.MaxSize</name>
                    <value>20971520</value>
                </NameValuePair>
                <NameValuePair>
                    <name>Trace.Role.Audit.Log.MaxNum</name>
                    <value>5</value>
                </NameValuePair>
                <NameValuePair>
                    <name>Trace.Role.Exception.Log</name>
                    <value>true</value>
                </NameValuePair>
                <NameValuePair>
                    <name>Trace.Role.Exception.Log.Dir</name>
                    <value>/opt/tibco/TDALogs</value>
                </NameValuePair>
                <NameValuePair>
                    <name>Trace.Role.Exception.Log.File</name>
                    <value>ExceptionLog</value>
                </NameValuePair>
                <NameValuePair>
                    <name>Trace.Role.Exception.Log.MaxSize</name>
                    <value>20971520</value>
                </NameValuePair>
                <NameValuePair>
                    <name>Trace.Role.Exception.Log.MaxNum</name>
                    <value>5</value>
                </NameValuePair>
            </NVPairs>
            <failureCount>0</failureCount>
            <failureInterval>0</failureInterval>
            <bwprocesses>
                <bwprocess name="AuditingService/ExceptionService.process">
                    <starter>JMS Queue Receiver</starter>
                    <enabled>true</enabled>
                    <maxJob>0</maxJob>
                    <activation>true</activation>
                    <flowLimit>0</flowLimit>
                </bwprocess>
                <bwprocess name="AuditingService/AuditService.process">
                    <starter>JMS Queue Receiver</starter>
                    <enabled>true</enabled>
                    <maxJob>0</maxJob>
                    <activation>true</activation>
                    <flowLimit>0</flowLimit>
                </bwprocess>
            </bwprocesses>
            <checkpoints selected="Local File">
                <checkpoint>Local File</checkpoint>
                <checkpoint>/SharedResources/Connection/Logging/AuditDBConnection</checkpoint>
                <tablePrefix>ExceptionH_94593504</tablePrefix>
            </checkpoints>
            <isFt>false</isFt>
        </bw>
    </services>
</application>