{
    "swagger": "2.0",
    "externalDocs": {
        "url": "https://docs.emiratesnbd.com/forex/docs"
    },
    "info": {
        "description": "API specifications for currencies. This API belongs to Forex domain. This will serve the currencies and their rates",
        "version": "0.0.1",
        "title": "Currencies",
        "contact": {
            "email": "apiteam@emiratesnbd.com",
            "url": "https://developer.emiratesnbd.com/questions",
            "name": "Emirates NBD Open API Team"
        }
    },
    "host": "apisit.emiratesnbd.com",
    "basePath": "/forex/v1",
    "schemes": [
        "https"
    ],
    "paths": {
        "/currencies": {
            "get": {
                "tags": [
                    "currencies"
                ],
                "summary": "Returns list of all the currencies",
                "description": "",
                "produces": [
                    "application/json"
                ],
                "parameters": [
                    {
                        "name": "q",
                        "in": "query",
                        "description": "Default parameter for filter.**@TODO:// Examples will be documented when technical implementation is done. Use case will be identified while implementation.**",
                        "required": false,
                        "type": "string"
                    },
                    {
                        "name": "sort",
                        "in": "query",
                        "description": "Comma separated list of fields for response to sort on. *To sort the response on basis of name and swiftCode, sort=name,swiftCode*",
                        "required": false,
                        "type": "array",
                        "items": {
                            "type": "string"
                        },
                        "collectionFormat": "csv"
                    },
                    {
                        "in": "header",
                        "name": "Authorization",
                        "description": "Authorization token required for accessing this resource.*Example: Bearer &lt;oauth_token&gt;*",
                        "required": true,
                        "type": "string"
                    },
                    {
                        "in": "header",
                        "name": "Accept",
                        "description": "Content Type required for response content",
                        "required": false,
                        "type": "string",
                        "default": "application/json"
                    },
                    {
                        "in": "header",
                        "name": "Paging-Info",
                        "description": "Paging-Info: start-index=&lt;index&gt;; no-of-records=&lt;total_records_needed&gt;",
                        "required": false,
                        "type": "string"
                    },
                    {
                        "in": "header",
                        "name": "Financial-Id",
                        "description": "3 digit Alphabetical reflects the source entity",
                        "required": true,
                        "type": "string"
                    },
                    {
                        "in": "header",
                        "name": "Client-Timestamp",
                        "description": "Unix Timestamp with milliseconds precision",
                        "required": true,
                        "type": "integer",
                        "format": "int64"
                    },
                    {
                        "in": "header",
                        "name": "Accept-Language",
                        "description": "Customer requested language as per ISO 639-1",
                        "required": false,
                        "type": "string",
                        "default": "en"
                    },
                    {
                        "in": "header",
                        "name": "Unique-Reference-Code",
                        "description": "Unique reference code for identification of each request sent to API",
                        "required": true,
                        "type": "string"
                    },
                    {
                        "in": "header",
                        "name": "Client-Ip",
                        "description": "IP of the customer",
                        "required": false,
                        "type": "string"
                    },
                    {
                        "in": "header",
                        "name": "Channel-Id",
                        "description": "Requesting channel",
                        "required": true,
                        "type": "string"
                    }
                ],
                "responses": {
                    "200": {
                        "description": "OK",
                        "schema": {
                            "$ref": "#/definitions/Currencies"
                        },
                        "headers": {
                            "Content-Type": {
                                "type": "string",
                                "description": "Content Type of response payload"
                            },
                            "Content-Length": {
                                "type": "string",
                                "description": "Content Length of response"
                            },
                            "Warning": {
                                "type": "string",
                                "description": "Warning Header Specifying deprecation"
                            },
                            "Paging-Info": {
                                "type": "string",
                                "description": "Paging-Info: no-of-records=<total records in response>;total-count =<total available records on server>"
                            },
                            "Unique-Reference-Code": {
                                "description": "Unique reference code for identification of each request sent to API",
                                "type": "string"
                            },
                            "Response-Timestamp": {
                                "description": "Unix Timestamp with milliseconds precision",
                                "type": "integer",
                                "format": "int64"
                            },
                            "Access-Control-Allow-Headers": {
                                "type": "string",
                                "description": "The Access-Control-Allow-Headers response header is used in response to a preflight request to indicate which HTTP headers can be used during the actual request"
                            },
                            "Access-Control-Allow-Methods": {
                                "type": "string",
                                "description": "The Access-Control-Allow-Methods response header specifies the method or methods allowed when accessing the resource in response to a preflight request"
                            },
                            "Access-Control-Allow-Origin": {
                                "type": "string",
                                "description": "The Access-Control-Allow-Origin response header indicates whether the response can be shared with resources with the given origin"
                            },
                            "Access-Control-Max-Age": {
                                "type": "string",
                                "description": "The Access-Control-Max-Age response header indicates how long the results of a preflight request (that is the information contained in the Access-Control-Allow-Methods and Access-Control-Allow-Headers headers) can be cached"
                            },
                            "Content-Security-Policy": {
                                "type": "string",
                                "description": "Content Security Policy (CSP) is an added layer of security that helps to detect and mitigate certain types of attacks, including Cross Site Scripting (XSS) and data injection attacks"
                            },
                            "Strict-Transport-Security": {
                                "type": "string",
                                "description": "The HTTP Strict-Transport-Security response header (often abbreviated as HSTS)  lets a web site tell browsers that it should only be accessed using HTTPS, instead of using HTTP"
                            },
                            "X-Content-Type-Options": {
                                "type": "string",
                                "description": "The X-Content-Type-Options response HTTP header is a marker used by the server to indicate that the MIME types advertised in the Content-Type headers should not be changed and be followed"
                            }
                        }
                    },
                    "301": {
                        "description": "Moved Permanently"
                    },
                    "400": {
                        "description": "Bad Request",
                        "schema": {
                            "$ref": "#/definitions/Errors"
                        }
                    },
                    "401": {
                        "description": "Unauthorized"
                    },
                    "403": {
                        "description": "Forbidden"
                    },
                    "404": {
                        "description": "Not Found"
                    },
                    "405": {
                        "description": "Method Not Allowed"
                    },
                    "406": {
                        "description": "Not Acceptable"
                    },
                    "408": {
                        "description": "Request Timeout"
                    },
                    "429": {
                        "description": "Too many requests"
                    },
                    "500": {
                        "description": "Internal Server Error"
                    },
                    "502": {
                        "description": "Bad Gateway"
                    },
                    "503": {
                        "description": "Service Unavailable"
                    },
                    "504": {
                        "description": "Gateway Timeout"
                    }
                },
                "security": []
            },
            "post": {
                "tags": [
                    "currencies"
                ],
                "summary": "Add a new currency",
                "description": "",
                "produces": [
                    "application/json"
                ],
                "consumes": [
                    "application/json"
                ],
                "parameters": [
                    {
                        "in": "header",
                        "name": "Authorization",
                        "description": "Authorization token required for accessing this resource.*Example: Bearer &lt;oauth_token&gt;*",
                        "required": true,
                        "type": "string"
                    },
                    {
                        "in": "body",
                        "name": "body",
                        "description": "Currency object that needs to be added to the Currencies",
                        "required": true,
                        "schema": {
                            "$ref": "#/definitions/Currency"
                        }
                    },
                    {
                        "in": "header",
                        "name": "Content-Type",
                        "description": "Content Type of request content",
                        "required": true,
                        "type": "string",
                        "default": "application/json"
                    },
                    {
                        "in": "header",
                        "name": "Financial-Id",
                        "description": "3 digit Alphabetical reflects the source entity",
                        "required": true,
                        "type": "string"
                    },
                    {
                        "in": "header",
                        "name": "Client-Timestamp",
                        "description": "Unix Timestamp with milliseconds precision",
                        "required": true,
                        "type": "integer",
                        "format": "int64"
                    },
                    {
                        "in": "header",
                        "name": "Accept-Language",
                        "description": "Customer requested language as per ISO 639-1",
                        "required": false,
                        "type": "string",
                        "default": "en"
                    },
                    {
                        "in": "header",
                        "name": "Unique-Reference-Code",
                        "description": "Unique reference code for identification of each request sent to API",
                        "required": true,
                        "type": "string"
                    },
                    {
                        "in": "header",
                        "name": "Client-Ip",
                        "description": "IP of the customer",
                        "required": false,
                        "type": "string"
                    },
                    {
                        "in": "header",
                        "name": "Channel-Id",
                        "description": "Requesting channel",
                        "required": true,
                        "type": "string"
                    }
                ],
                "responses": {
                    "201": {
                        "description": "Created",
                        "headers": {
                            "Location": {
                                "type": "string",
                                "description": "Location of created resource"
                            },
                            "Warning": {
                                "type": "string",
                                "description": "Warning Header Specifying deprecation"
                            },
                            "Response-Timestamp": {
                                "description": "Unix Timestamp with milliseconds precision",
                                "type": "integer",
                                "format": "int64"
                            },
                            "Unique-Reference-Code": {
                                "description": "Unique reference code for identification of each request sent to API",
                                "type": "string"
                            },
                            "Access-Control-Allow-Headers": {
                                "type": "string",
                                "description": "The Access-Control-Allow-Headers response header is used in response to a preflight request to indicate which HTTP headers can be used during the actual request"
                            },
                            "Access-Control-Allow-Methods": {
                                "type": "string",
                                "description": "The Access-Control-Allow-Methods response header specifies the method or methods allowed when accessing the resource in response to a preflight request"
                            },
                            "Access-Control-Allow-Origin": {
                                "type": "string",
                                "description": "The Access-Control-Allow-Origin response header indicates whether the response can be shared with resources with the given origin"
                            },
                            "Access-Control-Max-Age": {
                                "type": "string",
                                "description": "The Access-Control-Max-Age response header indicates how long the results of a preflight request (that is the information contained in the Access-Control-Allow-Methods and Access-Control-Allow-Headers headers) can be cached"
                            },
                            "Content-Security-Policy": {
                                "type": "string",
                                "description": "Content Security Policy (CSP) is an added layer of security that helps to detect and mitigate certain types of attacks, including Cross Site Scripting (XSS) and data injection attacks"
                            },
                            "Strict-Transport-Security": {
                                "type": "string",
                                "description": "The HTTP Strict-Transport-Security response header (often abbreviated as HSTS)  lets a web site tell browsers that it should only be accessed using HTTPS, instead of using HTTP"
                            },
                            "X-Content-Type-Options": {
                                "type": "string",
                                "description": "The X-Content-Type-Options response HTTP header is a marker used by the server to indicate that the MIME types advertised in the Content-Type headers should not be changed and be followed"
                            }
                        }
                    },
                    "301": {
                        "description": "Moved Permanently"
                    },
                    "400": {
                        "description": "Bad Request",
                        "schema": {
                            "$ref": "#/definitions/Errors"
                        }
                    },
                    "401": {
                        "description": "Unauthorized"
                    },
                    "403": {
                        "description": "Forbidden"
                    },
                    "404": {
                        "description": "Not Found"
                    },
                    "405": {
                        "description": "Method Not Allowed"
                    },
                    "406": {
                        "description": "Not Acceptable"
                    },
                    "408": {
                        "description": "Request Timeout"
                    },
                    "409": {
                        "description": "Conflict"
                    },
                    "415": {
                        "description": "Unsupported Media Type"
                    },
                    "429": {
                        "description": "Too many requests"
                    },
                    "500": {
                        "description": "Internal Server Error"
                    },
                    "502": {
                        "description": "Bad Gateway"
                    },
                    "503": {
                        "description": "Service Unavailable"
                    },
                    "504": {
                        "description": "Gateway Timeout"
                    }
                },
                "security": []
            }
        },
        "/currencies/{alphaCode}": {
            "parameters": [
                {
                    "in": "path",
                    "name": "alphaCode",
                    "type": "string",
                    "required": true,
                    "description": "Unique Identifier(alphabetic code) for currency as per ISO 4217.",
                    "maxLength": 3
                }
            ],
            "get": {
                "tags": [
                    "currencies"
                ],
                "summary": "Returns details of currency specified",
                "description": "",
                "produces": [
                    "application/json"
                ],
                "parameters": [
                    {
                        "in": "header",
                        "name": "Authorization",
                        "description": "Authorization token required for accessing this resource.*Example: Bearer &lt;oauth_token&gt;*",
                        "required": true,
                        "type": "string"
                    },
                    {
                        "in": "header",
                        "name": "Accept",
                        "description": "Content Type required for response content",
                        "required": false,
                        "type": "string",
                        "default": "application/json"
                    },
                    {
                        "in": "header",
                        "name": "Financial-Id",
                        "description": "3 digit Alphabetical reflects the source entity",
                        "required": true,
                        "type": "string"
                    },
                    {
                        "in": "header",
                        "name": "Client-Timestamp",
                        "description": "Unix Timestamp with milliseconds precision",
                        "required": true,
                        "type": "integer",
                        "format": "int64"
                    },
                    {
                        "in": "header",
                        "name": "Accept-Language",
                        "description": "Customer requested language as per ISO 639-1",
                        "required": false,
                        "type": "string",
                        "default": "en"
                    },
                    {
                        "in": "header",
                        "name": "Unique-Reference-Code",
                        "description": "Unique reference code for identification of each request sent to API",
                        "required": true,
                        "type": "string"
                    },
                    {
                        "in": "header",
                        "name": "Client-Ip",
                        "description": "IP of the customer",
                        "required": false,
                        "type": "string"
                    },
                    {
                        "in": "header",
                        "name": "Channel-Id",
                        "description": "Requesting channel",
                        "required": true,
                        "type": "string"
                    }
                ],
                "responses": {
                    "200": {
                        "description": "OK",
                        "schema": {
                            "$ref": "#/definitions/Currency"
                        },
                        "headers": {
                            "Content-Type": {
                                "type": "string",
                                "description": "Content Type of response payload"
                            },
                            "Content-Length": {
                                "type": "string",
                                "description": "Content Length of response"
                            },
                            "Warning": {
                                "type": "string",
                                "description": "Warning Header Specifying deprecation"
                            },
                            "Unique-Reference-Code": {
                                "description": "Unique reference code for identification of each request sent to API",
                                "type": "string"
                            },
                            "Response-Timestamp": {
                                "description": "Unix Timestamp with milliseconds precision",
                                "type": "integer",
                                "format": "int64"
                            },
                            "Access-Control-Allow-Headers": {
                                "type": "string",
                                "description": "The Access-Control-Allow-Headers response header is used in response to a preflight request to indicate which HTTP headers can be used during the actual request"
                            },
                            "Access-Control-Allow-Methods": {
                                "type": "string",
                                "description": "The Access-Control-Allow-Methods response header specifies the method or methods allowed when accessing the resource in response to a preflight request"
                            },
                            "Access-Control-Allow-Origin": {
                                "type": "string",
                                "description": "The Access-Control-Allow-Origin response header indicates whether the response can be shared with resources with the given origin"
                            },
                            "Access-Control-Max-Age": {
                                "type": "string",
                                "description": "The Access-Control-Max-Age response header indicates how long the results of a preflight request (that is the information contained in the Access-Control-Allow-Methods and Access-Control-Allow-Headers headers) can be cached"
                            },
                            "Content-Security-Policy": {
                                "type": "string",
                                "description": "Content Security Policy (CSP) is an added layer of security that helps to detect and mitigate certain types of attacks, including Cross Site Scripting (XSS) and data injection attacks"
                            },
                            "Strict-Transport-Security": {
                                "type": "string",
                                "description": "The HTTP Strict-Transport-Security response header (often abbreviated as HSTS)  lets a web site tell browsers that it should only be accessed using HTTPS, instead of using HTTP"
                            },
                            "X-Content-Type-Options": {
                                "type": "string",
                                "description": "The X-Content-Type-Options response HTTP header is a marker used by the server to indicate that the MIME types advertised in the Content-Type headers should not be changed and be followed"
                            }
                        }
                    },
                    "301": {
                        "description": "Moved Permanently"
                    },
                    "400": {
                        "description": "Bad Request",
                        "schema": {
                            "$ref": "#/definitions/Errors"
                        }
                    },
                    "401": {
                        "description": "Unauthorized"
                    },
                    "403": {
                        "description": "Forbidden"
                    },
                    "404": {
                        "description": "Not Found"
                    },
                    "405": {
                        "description": "Method Not Allowed"
                    },
                    "406": {
                        "description": "Not Acceptable"
                    },
                    "408": {
                        "description": "Request Timeout"
                    },
                    "429": {
                        "description": "Too many requests"
                    },
                    "500": {
                        "description": "Internal Server Error"
                    },
                    "502": {
                        "description": "Bad Gateway"
                    },
                    "503": {
                        "description": "Service Unavailable"
                    },
                    "504": {
                        "description": "Gateway Timeout"
                    }
                }
            },
            "put": {
                "tags": [
                    "currencies"
                ],
                "summary": "Updates the existing currency",
                "description": "",
                "consumes": [
                    "application/json"
                ],
                "parameters": [
                    {
                        "in": "header",
                        "name": "Authorization",
                        "description": "Authorization token required for accessing this resource.*Example: Bearer &lt;oauth_token&gt;*",
                        "required": true,
                        "type": "string"
                    },
                    {
                        "in": "body",
                        "name": "body",
                        "description": "Currency object that needs to be updated in the Currencies",
                        "required": true,
                        "schema": {
                            "$ref": "#/definitions/Currency"
                        }
                    },
                    {
                        "in": "header",
                        "name": "Content-Type",
                        "description": "Content Type of request content",
                        "required": true,
                        "type": "string",
                        "default": "application/json"
                    },
                    {
                        "in": "header",
                        "name": "Financial-Id",
                        "description": "3 digit Alphabetical reflects the source entity",
                        "required": true,
                        "type": "string"
                    },
                    {
                        "in": "header",
                        "name": "Client-Timestamp",
                        "description": "Unix Timestamp with milliseconds precision",
                        "required": true,
                        "type": "integer",
                        "format": "int64"
                    },
                    {
                        "in": "header",
                        "name": "Accept-Language",
                        "description": "Customer requested language as per ISO 639-1",
                        "required": false,
                        "type": "string",
                        "default": "en"
                    },
                    {
                        "in": "header",
                        "name": "Unique-Reference-Code",
                        "description": "Unique reference code for identification of each request sent to API",
                        "required": true,
                        "type": "string"
                    },
                    {
                        "in": "header",
                        "name": "Client-Ip",
                        "description": "IP of the customer",
                        "required": false,
                        "type": "string"
                    },
                    {
                        "in": "header",
                        "name": "Channel-Id",
                        "description": "Requesting channel",
                        "required": true,
                        "type": "string"
                    }
                ],
                "responses": {
                    "204": {
                        "description": "No Content",
                        "headers": {
                            "Warning": {
                                "type": "string",
                                "description": "Warning Header Specifying deprecation"
                            },
                            "Unique-Reference-Code": {
                                "description": "Unique reference code for identification of each request sent to API",
                                "type": "string"
                            },
                            "Response-Timestamp": {
                                "description": "Unix Timestamp with milliseconds precision",
                                "type": "integer",
                                "format": "int64"
                            },
                            "Access-Control-Allow-Headers": {
                                "type": "string",
                                "description": "The Access-Control-Allow-Headers response header is used in response to a preflight request to indicate which HTTP headers can be used during the actual request"
                            },
                            "Access-Control-Allow-Methods": {
                                "type": "string",
                                "description": "The Access-Control-Allow-Methods response header specifies the method or methods allowed when accessing the resource in response to a preflight request"
                            },
                            "Access-Control-Allow-Origin": {
                                "type": "string",
                                "description": "The Access-Control-Allow-Origin response header indicates whether the response can be shared with resources with the given origin"
                            },
                            "Access-Control-Max-Age": {
                                "type": "string",
                                "description": "The Access-Control-Max-Age response header indicates how long the results of a preflight request (that is the information contained in the Access-Control-Allow-Methods and Access-Control-Allow-Headers headers) can be cached"
                            },
                            "Content-Security-Policy": {
                                "type": "string",
                                "description": "Content Security Policy (CSP) is an added layer of security that helps to detect and mitigate certain types of attacks, including Cross Site Scripting (XSS) and data injection attacks"
                            },
                            "Strict-Transport-Security": {
                                "type": "string",
                                "description": "The HTTP Strict-Transport-Security response header (often abbreviated as HSTS)  lets a web site tell browsers that it should only be accessed using HTTPS, instead of using HTTP"
                            },
                            "X-Content-Type-Options": {
                                "type": "string",
                                "description": "The X-Content-Type-Options response HTTP header is a marker used by the server to indicate that the MIME types advertised in the Content-Type headers should not be changed and be followed"
                            }
                        }
                    },
                    "301": {
                        "description": "Moved Permanently"
                    },
                    "400": {
                        "description": "Bad Request",
                        "schema": {
                            "$ref": "#/definitions/Errors"
                        }
                    },
                    "401": {
                        "description": "Unauthorized"
                    },
                    "403": {
                        "description": "Forbidden"
                    },
                    "404": {
                        "description": "Not Found"
                    },
                    "405": {
                        "description": "Method Not Allowed"
                    },
                    "406": {
                        "description": "Not Acceptable"
                    },
                    "408": {
                        "description": "Request Timeout"
                    },
                    "415": {
                        "description": "Unsupported Media Type"
                    },
                    "429": {
                        "description": "Too many requests"
                    },
                    "500": {
                        "description": "Internal Server Error"
                    },
                    "502": {
                        "description": "Bad Gateway"
                    },
                    "503": {
                        "description": "Service Unavailable"
                    },
                    "504": {
                        "description": "Gateway Timeout"
                    }
                },
                "security": []
            },
            "delete": {
                "tags": [
                    "currencies"
                ],
                "summary": "Deletes the currency specified",
                "description": "***Note:** DELETE will be an atomic operation without any cascading affect. Actual resource will not be deleted, it will be only marked for deletion*",
                "parameters": [
                    {
                        "in": "header",
                        "name": "Authorization",
                        "description": "Authorization token required for accessing this resource.*Example: Bearer &lt;oauth_token&gt;*",
                        "required": true,
                        "type": "string"
                    },
                    {
                        "in": "header",
                        "name": "Financial-Id",
                        "description": "3 digit Alphabetical reflects the source entity",
                        "required": true,
                        "type": "string"
                    },
                    {
                        "in": "header",
                        "name": "Client-Timestamp",
                        "description": "Unix Timestamp with milliseconds precision",
                        "required": true,
                        "type": "integer",
                        "format": "int64"
                    },
                    {
                        "in": "header",
                        "name": "Accept-Language",
                        "description": "Customer requested language as per ISO 639-1",
                        "required": false,
                        "type": "string",
                        "default": "en"
                    },
                    {
                        "in": "header",
                        "name": "Unique-Reference-Code",
                        "description": "Unique reference code for identification of each request sent to API",
                        "required": true,
                        "type": "string"
                    },
                    {
                        "in": "header",
                        "name": "Client-Ip",
                        "description": "IP of the customer",
                        "required": false,
                        "type": "string"
                    },
                    {
                        "in": "header",
                        "name": "Channel-Id",
                        "description": "Requesting channel",
                        "required": true,
                        "type": "string"
                    }
                ],
                "responses": {
                    "204": {
                        "description": "No Content",
                        "headers": {
                            "Warning": {
                                "type": "string",
                                "description": "Warning Header Specifying deprecation"
                            },
                            "Unique-Reference-Code": {
                                "description": "Unique reference code for identification of each request sent to API",
                                "type": "string"
                            },
                            "Response-Timestamp": {
                                "description": "Unix Timestamp with milliseconds precision",
                                "type": "integer",
                                "format": "int64"
                            },
                            "Access-Control-Allow-Headers": {
                                "type": "string",
                                "description": "The Access-Control-Allow-Headers response header is used in response to a preflight request to indicate which HTTP headers can be used during the actual request"
                            },
                            "Access-Control-Allow-Methods": {
                                "type": "string",
                                "description": "The Access-Control-Allow-Methods response header specifies the method or methods allowed when accessing the resource in response to a preflight request"
                            },
                            "Access-Control-Allow-Origin": {
                                "type": "string",
                                "description": "The Access-Control-Allow-Origin response header indicates whether the response can be shared with resources with the given origin"
                            },
                            "Access-Control-Max-Age": {
                                "type": "string",
                                "description": "The Access-Control-Max-Age response header indicates how long the results of a preflight request (that is the information contained in the Access-Control-Allow-Methods and Access-Control-Allow-Headers headers) can be cached"
                            },
                            "Content-Security-Policy": {
                                "type": "string",
                                "description": "Content Security Policy (CSP) is an added layer of security that helps to detect and mitigate certain types of attacks, including Cross Site Scripting (XSS) and data injection attacks"
                            },
                            "Strict-Transport-Security": {
                                "type": "string",
                                "description": "The HTTP Strict-Transport-Security response header (often abbreviated as HSTS)  lets a web site tell browsers that it should only be accessed using HTTPS, instead of using HTTP"
                            },
                            "X-Content-Type-Options": {
                                "type": "string",
                                "description": "The X-Content-Type-Options response HTTP header is a marker used by the server to indicate that the MIME types advertised in the Content-Type headers should not be changed and be followed"
                            }
                        }
                    },
                    "301": {
                        "description": "Moved Permanently"
                    },
                    "400": {
                        "description": "Bad Request",
                        "schema": {
                            "$ref": "#/definitions/Errors"
                        }
                    },
                    "401": {
                        "description": "Unauthorized"
                    },
                    "403": {
                        "description": "Forbidden"
                    },
                    "404": {
                        "description": "Not Found"
                    },
                    "405": {
                        "description": "Method Not Allowed"
                    },
                    "406": {
                        "description": "Not Acceptable"
                    },
                    "408": {
                        "description": "Request Timeout"
                    },
                    "429": {
                        "description": "Too many requests"
                    },
                    "500": {
                        "description": "Internal Server Error"
                    },
                    "502": {
                        "description": "Bad Gateway"
                    },
                    "503": {
                        "description": "Service Unavailable"
                    },
                    "504": {
                        "description": "Gateway Timeout"
                    }
                }
            }
        },
        "/currencies/{alphaCode}/rates": {
            "parameters": [
                {
                    "in": "path",
                    "name": "alphaCode",
                    "type": "string",
                    "required": true,
                    "description": "Unique Identifier(alphabetic code) for base currency(from currency) as per ISO 4217",
                    "maxLength": 3
                }
            ],
            "get": {
                "tags": [
                    "rates"
                ],
                "summary": "Returns the rates of currency specified",
                "description": "",
                "produces": [
                    "application/json"
                ],
                "parameters": [
                    {
                        "name": "q",
                        "in": "query",
                        "description": "Default parameter for filter.**@TODO:// Examples will be documented when technical implementation is done. Use case will be identified while implementation.**",
                        "required": false,
                        "type": "string"
                    },
                    {
                        "name": "sort",
                        "in": "query",
                        "description": "Comma separated list of fields for response to sort on. *To sort the response on basis of alphaCode and buyRate, sort=alphaCode,buyRate*",
                        "required": false,
                        "type": "array",
                        "items": {
                            "type": "string"
                        },
                        "collectionFormat": "csv"
                    },
                    {
                        "in": "header",
                        "name": "Authorization",
                        "description": "Authorization token required for accessing this resource.*Example: Bearer &lt;oauth_token&gt;*",
                        "required": true,
                        "type": "string"
                    },
                    {
                        "in": "header",
                        "name": "Accept",
                        "description": "Content Type required for response content",
                        "required": false,
                        "type": "string",
                        "default": "application/json"
                    },
                    {
                        "in": "header",
                        "name": "Financial-Id",
                        "description": "3 digit Alphabetical reflects the source entity",
                        "required": true,
                        "type": "string"
                    },
                    {
                        "in": "header",
                        "name": "Client-Timestamp",
                        "description": "Unix Timestamp with milliseconds precision",
                        "required": true,
                        "type": "integer",
                        "format": "int64"
                    },
                    {
                        "in": "header",
                        "name": "Accept-Language",
                        "description": "Customer requested language as per ISO 639-1",
                        "required": false,
                        "type": "string",
                        "default": "en"
                    },
                    {
                        "in": "header",
                        "name": "Unique-Reference-Code",
                        "description": "Unique reference code for identification of each request sent to API",
                        "required": true,
                        "type": "string"
                    },
                    {
                        "in": "header",
                        "name": "Client-Ip",
                        "description": "IP of the customer",
                        "required": false,
                        "type": "string"
                    },
                    {
                        "in": "header",
                        "name": "Channel-Id",
                        "description": "Requesting channel",
                        "required": true,
                        "type": "string"
                    }
                ],
                "responses": {
                    "200": {
                        "description": "OK",
                        "schema": {
                            "$ref": "#/definitions/Rates"
                        },
                        "headers": {
                            "Content-Type": {
                                "type": "string",
                                "description": "Content Type of response payload"
                            },
                            "Content-Length": {
                                "type": "string",
                                "description": "Content Length of response"
                            },
                            "Warning": {
                                "type": "string",
                                "description": "Warning Header Specifying deprecation"
                            },
                            "Unique-Reference-Code": {
                                "description": "Unique reference code for identification of each request sent to API",
                                "type": "string"
                            },
                            "Response-Timestamp": {
                                "description": "Unix Timestamp with milliseconds precision",
                                "type": "integer",
                                "format": "int64"
                            },
                            "Access-Control-Allow-Headers": {
                                "type": "string",
                                "description": "The Access-Control-Allow-Headers response header is used in response to a preflight request to indicate which HTTP headers can be used during the actual request"
                            },
                            "Access-Control-Allow-Methods": {
                                "type": "string",
                                "description": "The Access-Control-Allow-Methods response header specifies the method or methods allowed when accessing the resource in response to a preflight request"
                            },
                            "Access-Control-Allow-Origin": {
                                "type": "string",
                                "description": "The Access-Control-Allow-Origin response header indicates whether the response can be shared with resources with the given origin"
                            },
                            "Access-Control-Max-Age": {
                                "type": "string",
                                "description": "The Access-Control-Max-Age response header indicates how long the results of a preflight request (that is the information contained in the Access-Control-Allow-Methods and Access-Control-Allow-Headers headers) can be cached"
                            },
                            "Content-Security-Policy": {
                                "type": "string",
                                "description": "Content Security Policy (CSP) is an added layer of security that helps to detect and mitigate certain types of attacks, including Cross Site Scripting (XSS) and data injection attacks"
                            },
                            "Strict-Transport-Security": {
                                "type": "string",
                                "description": "The HTTP Strict-Transport-Security response header (often abbreviated as HSTS)  lets a web site tell browsers that it should only be accessed using HTTPS, instead of using HTTP"
                            },
                            "X-Content-Type-Options": {
                                "type": "string",
                                "description": "The X-Content-Type-Options response HTTP header is a marker used by the server to indicate that the MIME types advertised in the Content-Type headers should not be changed and be followed"
                            }
                        }
                    },
                    "301": {
                        "description": "Moved Permanently"
                    },
                    "400": {
                        "description": "Bad Request",
                        "schema": {
                            "$ref": "#/definitions/Errors"
                        }
                    },
                    "401": {
                        "description": "Unauthorized"
                    },
                    "403": {
                        "description": "Forbidden"
                    },
                    "404": {
                        "description": "Not Found"
                    },
                    "405": {
                        "description": "Method Not Allowed"
                    },
                    "406": {
                        "description": "Not Acceptable"
                    },
                    "408": {
                        "description": "Request Timeout"
                    },
                    "429": {
                        "description": "Too many requests"
                    },
                    "500": {
                        "description": "Internal Server Error"
                    },
                    "502": {
                        "description": "Bad Gateway"
                    },
                    "503": {
                        "description": "Service Unavailable"
                    },
                    "504": {
                        "description": "Gateway Timeout"
                    }
                }
            },
            "put": {
                "tags": [
                    "rates"
                ],
                "summary": "Updates the rates for specified currency",
                "description": "",
                "consumes": [
                    "application/json"
                ],
                "parameters": [
                    {
                        "in": "header",
                        "name": "Authorization",
                        "description": "Authorization token required for accessing this resource.*Example: Bearer &lt;oauth_token&gt;*",
                        "required": true,
                        "type": "string"
                    },
                    {
                        "in": "body",
                        "name": "body",
                        "description": "Rates Array of currency to be updated",
                        "required": true,
                        "schema": {
                            "$ref": "#/definitions/Rates"
                        }
                    },
                    {
                        "in": "header",
                        "name": "Content-Type",
                        "description": "Content Type of request content",
                        "required": true,
                        "type": "string",
                        "default": "application/json"
                    },
                    {
                        "in": "header",
                        "name": "Financial-Id",
                        "description": "3 digit Alphabetical reflects the source entity",
                        "required": true,
                        "type": "string"
                    },
                    {
                        "in": "header",
                        "name": "Client-Timestamp",
                        "description": "Unix Timestamp with milliseconds precision",
                        "required": true,
                        "type": "integer",
                        "format": "int64"
                    },
                    {
                        "in": "header",
                        "name": "Accept-Language",
                        "description": "Customer requested language as per ISO 639-1",
                        "required": false,
                        "type": "string",
                        "default": "en"
                    },
                    {
                        "in": "header",
                        "name": "Unique-Reference-Code",
                        "description": "Unique reference code for identification of each request sent to API",
                        "required": true,
                        "type": "string"
                    },
                    {
                        "in": "header",
                        "name": "Client-Ip",
                        "description": "IP of the customer",
                        "required": false,
                        "type": "string"
                    },
                    {
                        "in": "header",
                        "name": "Channel-Id",
                        "description": "Requesting channel",
                        "required": true,
                        "type": "string"
                    }
                ],
                "responses": {
                    "204": {
                        "description": "No Content",
                        "headers": {
                            "Warning": {
                                "type": "string",
                                "description": "Warning Header Specifying deprecation"
                            },
                            "Unique-Reference-Code": {
                                "description": "Unique reference code for identification of each request sent to API",
                                "type": "string"
                            },
                            "Response-Timestamp": {
                                "description": "Unix Timestamp with milliseconds precision",
                                "type": "integer",
                                "format": "int64"
                            },
                            "Access-Control-Allow-Headers": {
                                "type": "string",
                                "description": "The Access-Control-Allow-Headers response header is used in response to a preflight request to indicate which HTTP headers can be used during the actual request"
                            },
                            "Access-Control-Allow-Methods": {
                                "type": "string",
                                "description": "The Access-Control-Allow-Methods response header specifies the method or methods allowed when accessing the resource in response to a preflight request"
                            },
                            "Access-Control-Allow-Origin": {
                                "type": "string",
                                "description": "The Access-Control-Allow-Origin response header indicates whether the response can be shared with resources with the given origin"
                            },
                            "Access-Control-Max-Age": {
                                "type": "string",
                                "description": "The Access-Control-Max-Age response header indicates how long the results of a preflight request (that is the information contained in the Access-Control-Allow-Methods and Access-Control-Allow-Headers headers) can be cached"
                            },
                            "Content-Security-Policy": {
                                "type": "string",
                                "description": "Content Security Policy (CSP) is an added layer of security that helps to detect and mitigate certain types of attacks, including Cross Site Scripting (XSS) and data injection attacks"
                            },
                            "Strict-Transport-Security": {
                                "type": "string",
                                "description": "The HTTP Strict-Transport-Security response header (often abbreviated as HSTS)  lets a web site tell browsers that it should only be accessed using HTTPS, instead of using HTTP"
                            },
                            "X-Content-Type-Options": {
                                "type": "string",
                                "description": "The X-Content-Type-Options response HTTP header is a marker used by the server to indicate that the MIME types advertised in the Content-Type headers should not be changed and be followed"
                            }
                        }
                    },
                    "301": {
                        "description": "Moved Permanently"
                    },
                    "400": {
                        "description": "Bad Request",
                        "schema": {
                            "$ref": "#/definitions/Errors"
                        }
                    },
                    "401": {
                        "description": "Unauthorized"
                    },
                    "403": {
                        "description": "Forbidden"
                    },
                    "404": {
                        "description": "Not Found"
                    },
                    "405": {
                        "description": "Method Not Allowed"
                    },
                    "406": {
                        "description": "Not Acceptable"
                    },
                    "408": {
                        "description": "Request Timeout"
                    },
                    "415": {
                        "description": "Unsupported Media Type"
                    },
                    "429": {
                        "description": "Too many requests"
                    },
                    "500": {
                        "description": "Internal Server Error"
                    },
                    "502": {
                        "description": "Bad Gateway"
                    },
                    "503": {
                        "description": "Service Unavailable"
                    },
                    "504": {
                        "description": "Gateway Timeout"
                    }
                },
                "security": []
            }
        }
    },
    "securityDefinitions": {},
    "definitions": {
        "Currencies": {
            "type": "object",
            "required": [
                "currencies"
            ],
            "properties": {
                "currencies": {
                    "type": "array",
                    "items": {
                        "$ref": "#/definitions/Currency"
                    }
                }
            }
        },
        "Currency": {
            "type": "object",
            "required": [
                "alphaCode"
            ],
            "properties": {
                "alphaCode": {
                    "type": "string",
                    "description": "Alphabetic code of currency as per ISO 4217",
                    "maxLength": 3
                },
                "numCode": {
                    "type": "number",
                    "description": "Numeric Code of currency as per ISO 4217"
                },
                "minorUnit": {
                    "type": "number",
                    "description": "Minor Unit for currency as per ISO 4217"
                },
                "name": {
                    "type": "string",
                    "description": "Name of currency"
                },
                "countries": {
                    "type": "array",
                    "description": "List of alpha-2 country codes as per ISO 3166-1",
                    "items": {
                        "type": "string"
                    }
                }
            },
            "additionalProperties": {
                "type": "string"
            }
        },
        "Rates": {
            "type": "object",
            "required": [
                "rates"
            ],
            "properties": {
                "rates": {
                    "type": "array",
                    "items": {
                        "$ref": "#/definitions/Rate"
                    }
                }
            }
        },
        "Rate": {
            "type": "object",
            "required": [
                "alphaCode"
            ],
            "properties": {
                "alphaCode": {
                    "type": "string",
                    "description": "Alphabetic code of currency as per ISO 4217",
                    "maxLength": 3
                },
                "name": {
                    "type": "string",
                    "description": "Name of currency as per ISO 4217"
                },
                "customerBuy": {
                    "type": "number",
                    "format": "double",
                    "description": "Customer Buy Rate for currency"
                },
                "customerSell": {
                    "type": "number",
                    "format": "double",
                    "description": "Customer Sell Rate for currency"
                },
                "apoSell": {
                    "type": "number",
                    "format": "double",
                    "description": "APO Sell Rate for currency"
                },
                "apoBuy": {
                    "type": "number",
                    "format": "double",
                    "description": "APO Buy Rate for currency"
                },
                "parBuy": {
                    "type": "number",
                    "format": "double",
                    "description": "PAR Buy Rate for currency"
                },
                "parSell": {
                    "type": "number",
                    "format": "double",
                    "description": "PAR Sell Rate for currency"
                },
                "cashBuy": {
                    "type": "number",
                    "format": "double",
                    "description": "Cash Buy Rate for currency"
                },
                "cashSell": {
                    "type": "number",
                    "format": "double",
                    "description": "Cash Sell Rate for currency"
                },
                "masterCardBuy": {
                    "type": "number",
                    "format": "double",
                    "description": "MasterCard Buy Rate for currency"
                },
                "masterCardSell": {
                    "type": "number",
                    "format": "double",
                    "description": "MasterCard Sell Rate for currency"
                },
                "baseSell": {
                    "type": "number",
                    "format": "double",
                    "description": "Base Sell Rate for currency"
                },
                "baseBuy": {
                    "type": "number",
                    "format": "double",
                    "description": "Base Buy Rate for currency"
                },
                "preferentialRate": {
                    "type": "number",
                    "format": "double",
                    "description": "Preferential Rate of currency for customer"
                },
                "midRate": {
                    "type": "number",
                    "format": "double",
                    "description": "Mid Rate for currency"
                }
            },
            "additionalProperties": {
                "type": "string"
            }
        },
        "Errors": {
            "type": "object",
            "required": [
                "errors"
            ],
            "properties": {
                "errors": {
                    "type": "array",
                    "items": {
                        "type": "object",
                        "properties": {
                            "type": {
                                "type": "string",
                                "description": "Category of error. *Example: Technical or Functional*"
                            },
                            "code": {
                                "type": "string",
                                "description": "Error Code"
                            },
                            "message": {
                                "type": "string",
                                "description": "Description of error"
                            }
                        },
                        "additionalProperties": {
                            "type": "string"
                        }
                    }
                }
            }
        }
    }
}