<?xml version="1.0" encoding="ISO-8859-1"?>
<project>
  <pomVersion>3</pomVersion>
  <groupId>tui.tda.demo</groupId>
  <artifactId>service-lib</artifactId>
  <name>Service Implementation Library</name>
  <currentVersion>SNAPSHOT</currentVersion>
  <description></description>
  <shortDescription>Service implementation.</shortDescription>
  <issueTrackingUrl>http://github.com</issueTrackingUrl>
  <organization>
    <name>TUI InfoTec</name>
    <url>http://www.tui-infotec.de</url>
    <logo>http://www.tui-infotec.de/standards/bilder/logo.gif</logo>
  </organization>
  <inceptionYear>2014</inceptionYear>
  <developers>
    <developer>
      <name>Martin Look</name>
      <id>look</id>
      <email>martin.look@tui-infotec.com</email>
      <organization>TUI InfoTec</organization>
      <timezone>+1</timezone>
    </developer>
  </developers>
  <build>
  </build>
  <dependencies>
    <!-- List all included dependencies (JARs, design time libraries, ...) -->
    
    <!-- Import interface definition (client) of service -->
    <dependency>
      <groupId>tui.tda.demo</groupId>
      <artifactId>client-lib</artifactId>
      <version>SNAPSHOT</version>
      <type>projlib</type>
      <properties>
        <tibco.bundle>true</tibco.bundle>
      </properties>
    </dependency>
    
    <!-- Used for testing only (begin) -->
    <dependency>
      <groupId>com.tui-infotec.bw</groupId>
      <artifactId>esb-bwtest</artifactId>
      <version>1.1.0</version>
      <type>projlib</type>
      <properties>
        <tibco.bundle>true</tibco.bundle>
      </properties>
    </dependency>
    <dependency>
      <groupId>xmlunit</groupId>
      <artifactId>xmlunit</artifactId>
      <version>1.3</version>
      <type>jar</type>
      <properties>
        <tibco.bundle>true</tibco.bundle>
      </properties>
    </dependency>
    <!-- Used for testing only (end) -->
</dependencies>
  <reports/>
</project>
