{
    "swagger": "2.0",
    "externalDocs": {
        "url": "https://docs.emiratesnbd.com/organization/docs"
    },
    "info": {
        "description": "API specifications for atms. This API belongs to Organization domain. This will serve ATMs in the bank",
        "version": "0.0.1",
        "title": "Atms",
        "contact": {
            "email": "apiteam@emiratesnbd.com",
            "url": "https://developer.emiratesnbd.com/questions",
            "name": "Emirates NBD Open API Team"
        }
    },
    "host": "apisit.emiratesnbd.com",
    "basePath": "/organization/v1",
    "schemes": [
        "https"
    ],
    "paths": {
        "/atms": {
            "get": {
                "tags": [
                    "atms"
                ],
                "summary": "Returns list of ATM IDs for the bank",
                "description": "*Note: This will only return the list of Atm ID's. For complete details of ATM, use /atms/{id} endpoint.*",
                "operationId":"listAtms",
                "produces": [
                    "application/json"
                ],
                "parameters": [
                    {
                        "name": "q",
                        "in": "query",
                        "description": "Default parameter for filter.**@TODO:// Examples will be documented when technical implementation is done. Use case will be identified while implementation. One required queyparam will be bankId which will be required to filter the ATMs**",
                        "required": false,
                        "type": "string",
                        "x-example": "q={id:EBI}"
                    },
                    {
                        "name": "sort",
                        "in": "query",
                        "description": "Comma separated list of fields for response to sort on. *+ and - signs indicate ascending or descending order, default ordering is ascending*",
                        "required": false,
                        "type": "array",
                        "items": {
                            "type": "string"
                        },
                        "collectionFormat": "csv",
                        "x-example": "sort=id"
                    },
                    {
                        "in": "header",
                        "name": "Authorization",
                        "description": "Authorization token required for accessing this resource",
                        "required": true,
                        "type": "string",
                        "x-example": "Bearer <oauth_token>"
                    },
                    {
                        "in": "header",
                        "name": "Accept",
                        "description": "Content Type required for response content",
                        "required": false,
                        "type": "string",
                        "default": "application/json"
                    },
                    {
                        "in": "header",
                        "name": "Paging-Info",
                        "description": "Paging-Info: start-index=&lt;index&gt;; no-of-records=&lt;total_records_needed&gt;",
                        "required": false,
                        "type": "string",
                        "x-example": "start-index=10;no-of-records=30;"
                    },
                    {
                        "in": "header",
                        "name": "Financial-Id",
                        "description": "3 digit Alphabetical reflects the source entity",
                        "required": true,
                        "type": "string",
                        "x-example": "EBI"
                    },
                    {
                        "in": "header",
                        "name": "Client-Timestamp",
                        "description": "Unix Timestamp with milliseconds precision",
                        "required": true,
                        "type": "integer",
                        "format": "int64",
                        "x-example": 1527058644945
                    },
                    {
                        "in": "header",
                        "name": "Accept-Language",
                        "description": "Customer requested language as per ISO 639-1",
                        "required": false,
                        "type": "string",
                        "default": "en"
                    },
                    {
                        "in": "header",
                        "name": "Unique-Reference-Code",
                        "description": "Unique reference code for identification of each request sent to API",
                        "required": true,
                        "type": "string"
                    },
                    {
                        "in": "header",
                        "name": "Client-Ip",
                        "description": "IP of the customer",
                        "required": false,
                        "type": "string"
                    },
                    {
                        "in": "header",
                        "name": "Channel-Id",
                        "description": "Requesting channel",
                        "required": true,
                        "type": "string",
                        "x-example": "BNK"
                    }
                ],
                "responses": {
                    "200": {
                        "description": "OK",
                        "schema": {
                            "$ref": "#/definitions/Atms"
                        },
                        "headers": {
                            "Content-Type": {
                                "type": "string",
                                "description": "Content Type of response payload"
                            },
                            "Content-Length": {
                                "type": "string",
                                "description": "Content Length of response"
                            },
                            "Warning": {
                                "type": "string",
                                "description": "Warning Header Specifying deprecation"
                            },
                            "Paging-Info": {
                                "type": "string",
                                "description": "Paging-Info: no-of-records=<total records in response>;total-count =<total available records on server>",
                                "x-example": "no-of-records=30;total-count=200"
                            },
                            "Unique-Reference-Code": {
                                "description": "Unique reference code for identification of each request sent to API",
                                "type": "string"
                            },
                            "Response-Timestamp": {
                                "description": "Unix Timestamp with milliseconds precision",
                                "type": "integer",
                                "format": "int64"
                            },
                            "Access-Control-Allow-Headers": {
                                "type": "string",
                                "description": "The Access-Control-Allow-Headers response header is used in response to a preflight request to indicate which HTTP headers can be used during the actual request"
                            },
                            "Access-Control-Allow-Methods": {
                                "type": "string",
                                "description": "The Access-Control-Allow-Methods response header specifies the method or methods allowed when accessing the resource in response to a preflight request"
                            },
                            "Access-Control-Allow-Origin": {
                                "type": "string",
                                "description": "The Access-Control-Allow-Origin response header indicates whether the response can be shared with resources with the given origin"
                            },
                            "Access-Control-Max-Age": {
                                "type": "string",
                                "description": "The Access-Control-Max-Age response header indicates how long the results of a preflight request (that is the information contained in the Access-Control-Allow-Methods and Access-Control-Allow-Headers headers) can be cached"
                            },
                            "Content-Security-Policy": {
                                "type": "string",
                                "description": "Content Security Policy (CSP) is an added layer of security that helps to detect and mitigate certain types of attacks, including Cross Site Scripting (XSS) and data injection attacks"
                            },
                            "Strict-Transport-Security": {
                                "type": "string",
                                "description": "The HTTP Strict-Transport-Security response header (often abbreviated as HSTS)  lets a web site tell browsers that it should only be accessed using HTTPS, instead of using HTTP"
                            },
                            "X-Content-Type-Options": {
                                "type": "string",
                                "description": "The X-Content-Type-Options response HTTP header is a marker used by the server to indicate that the MIME types advertised in the Content-Type headers should not be changed and be followed"
                            }
                        }
                    },
                    "301": {
                        "description": "Moved Permanently"
                    },
                    "400": {
                        "description": "Bad Request",
                        "schema": {
                            "$ref": "#/definitions/Errors"
                        }
                    },
                    "401": {
                        "description": "Unauthorized"
                    },
                    "403": {
                        "description": "Forbidden"
                    },
                    "404": {
                        "description": "Not Found"
                    },
                    "405": {
                        "description": "Method Not Allowed"
                    },
                    "406": {
                        "description": "Not Acceptable"
                    },
                    "408": {
                        "description": "Request Timeout"
                    },
                    "429": {
                        "description": "Too many requests"
                    },
                    "500": {
                        "description": "Internal Server Error"
                    },
                    "502": {
                        "description": "Bad Gateway"
                    },
                    "503": {
                        "description": "Service Unavailable"
                    },
                    "504": {
                        "description": "Gateway Timeout"
                    }
                },
                "security": []
            },
            "post": {
                "tags": [
                    "atms"
                ],
                "summary": "Add a new Atm",
                "description": "",
                "operationId": "createAtm",
                "produces": [
                    "application/json"
                ],
                "consumes": [
                    "application/json"
                ],
                "parameters": [
                    {
                        "in": "header",
                        "name": "Authorization",
                        "description": "Authorization token required for accessing this resource.*Example: Bearer &lt;oauth_token&gt;*",
                        "required": true,
                        "type": "string",
                        "x-example": "Bearer <oauth_token>"
                    },
                    {
                        "in": "body",
                        "name": "body",
                        "description": "Atm object that needs to be added to the Atms",
                        "required": true,
                        "schema": {
                            "$ref": "#/definitions/Atm"
                        }
                    },
                    {
                        "in": "header",
                        "name": "Content-Type",
                        "description": "Content Type of request content",
                        "required": true,
                        "type": "string",
                        "default": "application/json"
                    },
                    {
                        "in": "header",
                        "name": "Financial-Id",
                        "description": "3 digit Alphabetical reflects the source entity",
                        "required": true,
                        "type": "string",
                        "x-example": "EBI"
                    },
                    {
                        "in": "header",
                        "name": "Client-Timestamp",
                        "description": "Unix Timestamp with milliseconds precision",
                        "required": true,
                        "type": "integer",
                        "format": "int64",
                        "x-example": 1527058644945
                    },
                    {
                        "in": "header",
                        "name": "Accept-Language",
                        "description": "Customer requested language as per ISO 639-1",
                        "required": false,
                        "type": "string",
                        "default": "en"
                    },
                    {
                        "in": "header",
                        "name": "Unique-Reference-Code",
                        "description": "Unique reference code for identification of each request sent to API",
                        "required": true,
                        "type": "string"
                    },
                    {
                        "in": "header",
                        "name": "Client-Ip",
                        "description": "IP of the customer",
                        "required": false,
                        "type": "string"
                    },
                    {
                        "in": "header",
                        "name": "Channel-Id",
                        "description": "Requesting channel",
                        "required": true,
                        "type": "string",
                        "x-example": "BNK"
                    }
                ],
                "responses": {
                    "201": {
                        "description": "Created",
                        "headers": {
                            "Location": {
                                "type": "string",
                                "description": "Location of created resource"
                            },
                            "Warning": {
                                "type": "string",
                                "description": "Warning Header Specifying deprecation"
                            },
                            "Response-Timestamp": {
                                "description": "Unix Timestamp with milliseconds precision",
                                "type": "integer",
                                "format": "int64"
                            },
                            "Unique-Reference-Code": {
                                "description": "Unique reference code for identification of each request sent to API",
                                "type": "string"
                            },
                            "Access-Control-Allow-Headers": {
                                "type": "string",
                                "description": "The Access-Control-Allow-Headers response header is used in response to a preflight request to indicate which HTTP headers can be used during the actual request"
                            },
                            "Access-Control-Allow-Methods": {
                                "type": "string",
                                "description": "The Access-Control-Allow-Methods response header specifies the method or methods allowed when accessing the resource in response to a preflight request"
                            },
                            "Access-Control-Allow-Origin": {
                                "type": "string",
                                "description": "The Access-Control-Allow-Origin response header indicates whether the response can be shared with resources with the given origin"
                            },
                            "Access-Control-Max-Age": {
                                "type": "string",
                                "description": "The Access-Control-Max-Age response header indicates how long the results of a preflight request (that is the information contained in the Access-Control-Allow-Methods and Access-Control-Allow-Headers headers) can be cached"
                            },
                            "Content-Security-Policy": {
                                "type": "string",
                                "description": "Content Security Policy (CSP) is an added layer of security that helps to detect and mitigate certain types of attacks, including Cross Site Scripting (XSS) and data injection attacks"
                            },
                            "Strict-Transport-Security": {
                                "type": "string",
                                "description": "The HTTP Strict-Transport-Security response header (often abbreviated as HSTS)  lets a web site tell browsers that it should only be accessed using HTTPS, instead of using HTTP"
                            },
                            "X-Content-Type-Options": {
                                "type": "string",
                                "description": "The X-Content-Type-Options response HTTP header is a marker used by the server to indicate that the MIME types advertised in the Content-Type headers should not be changed and be followed"
                            }
                        }
                    },
                    "301": {
                        "description": "Moved Permanently"
                    },
                    "400": {
                        "description": "Bad Request",
                        "schema": {
                            "$ref": "#/definitions/Errors"
                        }
                    },
                    "401": {
                        "description": "Unauthorized"
                    },
                    "403": {
                        "description": "Forbidden"
                    },
                    "404": {
                        "description": "Not Found"
                    },
                    "405": {
                        "description": "Method Not Allowed"
                    },
                    "406": {
                        "description": "Not Acceptable"
                    },
                    "408": {
                        "description": "Request Timeout"
                    },
                    "409": {
                        "description": "Conflict"
                    },
                    "415": {
                        "description": "Unsupported Media Type"
                    },
                    "429": {
                        "description": "Too many requests"
                    },
                    "500": {
                        "description": "Internal Server Error"
                    },
                    "502": {
                        "description": "Bad Gateway"
                    },
                    "503": {
                        "description": "Service Unavailable"
                    },
                    "504": {
                        "description": "Gateway Timeout"
                    }
                },
                "security": []
            }
        },
        "/atms/{id}": {
            "parameters": [
                {
                    "in": "path",
                    "name": "id",
                    "type": "string",
                    "required": true,
                    "description": "Unique Identifier for the atm"
                }
            ],
            "get": {
                "tags": [
                    "atms"
                ],
                "summary": "Returns the details of the Atm specified",
                "description": "",
                "operationId": "getAtm",
                "produces": [
                    "application/json"
                ],
                "parameters": [
                    {
                        "in": "header",
                        "name": "Authorization",
                        "description": "Authorization token required for accessing this resource.*Example: Bearer &lt;oauth_token&gt;*",
                        "required": true,
                        "type": "string",
                        "x-example": "Bearer <oauth_token>"
                    },
                    {
                        "in": "header",
                        "name": "Accept",
                        "description": "Content Type required for response content",
                        "required": false,
                        "type": "string",
                        "default": "application/json"
                    },
                    {
                        "in": "header",
                        "name": "Financial-Id",
                        "description": "3 digit Alphabetical reflects the source entity",
                        "required": true,
                        "type": "string",
                        "x-example": "EBI"
                    },
                    {
                        "in": "header",
                        "name": "Client-Timestamp",
                        "description": "Unix Timestamp with milliseconds precision",
                        "required": true,
                        "type": "integer",
                        "format": "int64",
                        "x-example": 1527058644945
                    },
                    {
                        "in": "header",
                        "name": "Accept-Language",
                        "description": "Customer requested language as per ISO 639-1",
                        "required": false,
                        "type": "string",
                        "default": "en"
                    },
                    {
                        "in": "header",
                        "name": "Unique-Reference-Code",
                        "description": "Unique reference code for identification of each request sent to API",
                        "required": true,
                        "type": "string"
                    },
                    {
                        "in": "header",
                        "name": "Client-Ip",
                        "description": "IP of the customer",
                        "required": false,
                        "type": "string"
                    },
                    {
                        "in": "header",
                        "name": "Channel-Id",
                        "description": "Requesting channel",
                        "required": true,
                        "type": "string",
                        "x-example": "BNK"
                    }
                ],
                "responses": {
                    "200": {
                        "description": "OK",
                        "schema": {
                            "$ref": "#/definitions/Atm"
                        },
                        "headers": {
                            "Content-Type": {
                                "type": "string",
                                "description": "Content Type of response payload"
                            },
                            "Content-Length": {
                                "type": "string",
                                "description": "Content Length of response"
                            },
                            "Warning": {
                                "type": "string",
                                "description": "Warning Header Specifying deprecation"
                            },
                            "Paging-Info": {
                                "type": "string",
                                "description": "Paging-Info: no-of-records=<total records in response>;total-count =<total available records on server>"
                            },
                            "Unique-Reference-Code": {
                                "description": "Unique reference code for identification of each request sent to API",
                                "type": "string"
                            },
                            "Response-Timestamp": {
                                "description": "Unix Timestamp with milliseconds precision",
                                "type": "integer",
                                "format": "int64"
                            },
                            "Access-Control-Allow-Headers": {
                                "type": "string",
                                "description": "The Access-Control-Allow-Headers response header is used in response to a preflight request to indicate which HTTP headers can be used during the actual request"
                            },
                            "Access-Control-Allow-Methods": {
                                "type": "string",
                                "description": "The Access-Control-Allow-Methods response header specifies the method or methods allowed when accessing the resource in response to a preflight request"
                            },
                            "Access-Control-Allow-Origin": {
                                "type": "string",
                                "description": "The Access-Control-Allow-Origin response header indicates whether the response can be shared with resources with the given origin"
                            },
                            "Access-Control-Max-Age": {
                                "type": "string",
                                "description": "The Access-Control-Max-Age response header indicates how long the results of a preflight request (that is the information contained in the Access-Control-Allow-Methods and Access-Control-Allow-Headers headers) can be cached"
                            },
                            "Content-Security-Policy": {
                                "type": "string",
                                "description": "Content Security Policy (CSP) is an added layer of security that helps to detect and mitigate certain types of attacks, including Cross Site Scripting (XSS) and data injection attacks"
                            },
                            "Strict-Transport-Security": {
                                "type": "string",
                                "description": "The HTTP Strict-Transport-Security response header (often abbreviated as HSTS)  lets a web site tell browsers that it should only be accessed using HTTPS, instead of using HTTP"
                            },
                            "X-Content-Type-Options": {
                                "type": "string",
                                "description": "The X-Content-Type-Options response HTTP header is a marker used by the server to indicate that the MIME types advertised in the Content-Type headers should not be changed and be followed"
                            }
                        }
                    },
                    "301": {
                        "description": "Moved Permanently"
                    },
                    "400": {
                        "description": "Bad Request",
                        "schema": {
                            "$ref": "#/definitions/Errors"
                        }
                    },
                    "401": {
                        "description": "Unauthorized"
                    },
                    "403": {
                        "description": "Forbidden"
                    },
                    "404": {
                        "description": "Not Found"
                    },
                    "405": {
                        "description": "Method Not Allowed"
                    },
                    "406": {
                        "description": "Not Acceptable"
                    },
                    "408": {
                        "description": "Request Timeout"
                    },
                    "429": {
                        "description": "Too many requests"
                    },
                    "500": {
                        "description": "Internal Server Error"
                    },
                    "502": {
                        "description": "Bad Gateway"
                    },
                    "503": {
                        "description": "Service Unavailable"
                    },
                    "504": {
                        "description": "Gateway Timeout"
                    }
                },
                "security": []
            },
            "put": {
                "tags": [
                    "atms"
                ],
                "summary": "Updates the existing atm",
                "description": "",
                "operationId": "updateAtm",
                "consumes": [
                    "application/json"
                ],
                "parameters": [
                    {
                        "in": "header",
                        "name": "Authorization",
                        "description": "Authorization token required for accessing this resource.*Example: Bearer &lt;oauth_token&gt;*",
                        "required": true,
                        "type": "string",
                        "x-example": "Bearer <oauth_token>"
                    },
                    {
                        "in": "body",
                        "name": "body",
                        "description": "Atm object that needs to be updated in the Atms",
                        "required": true,
                        "schema": {
                            "$ref": "#/definitions/Atm"
                        }
                    },
                    {
                        "in": "header",
                        "name": "Content-Type",
                        "description": "Content Type of request content",
                        "required": true,
                        "type": "string",
                        "default": "application/json"
                    },
                    {
                        "in": "header",
                        "name": "Financial-Id",
                        "description": "3 digit Alphabetical reflects the source entity",
                        "required": true,
                        "type": "string",
                        "x-example": "EBI"
                    },
                    {
                        "in": "header",
                        "name": "Client-Timestamp",
                        "description": "Unix Timestamp with milliseconds precision",
                        "required": true,
                        "type": "integer",
                        "format": "int64",
                        "x-example": 1527058644945
                    },
                    {
                        "in": "header",
                        "name": "Accept-Language",
                        "description": "Customer requested language as per ISO 639-1",
                        "required": false,
                        "type": "string",
                        "default": "en"
                    },
                    {
                        "in": "header",
                        "name": "Unique-Reference-Code",
                        "description": "Unique reference code for identification of each request sent to API",
                        "required": true,
                        "type": "string"
                    },
                    {
                        "in": "header",
                        "name": "Client-Ip",
                        "description": "IP of the customer",
                        "required": false,
                        "type": "string"
                    },
                    {
                        "in": "header",
                        "name": "Channel-Id",
                        "description": "Requesting channel",
                        "required": true,
                        "type": "string",
                        "x-example": "BNK"
                    }
                ],
                "responses": {
                    "204": {
                        "description": "No Content",
                        "headers": {
                            "Warning": {
                                "type": "string",
                                "description": "Warning Header Specifying deprecation"
                            },
                            "Unique-Reference-Code": {
                                "description": "Unique reference code for identification of each request sent to API",
                                "type": "string"
                            },
                            "Response-Timestamp": {
                                "description": "Unix Timestamp with milliseconds precision",
                                "type": "integer",
                                "format": "int64"
                            },
                            "Access-Control-Allow-Headers": {
                                "type": "string",
                                "description": "The Access-Control-Allow-Headers response header is used in response to a preflight request to indicate which HTTP headers can be used during the actual request"
                            },
                            "Access-Control-Allow-Methods": {
                                "type": "string",
                                "description": "The Access-Control-Allow-Methods response header specifies the method or methods allowed when accessing the resource in response to a preflight request"
                            },
                            "Access-Control-Allow-Origin": {
                                "type": "string",
                                "description": "The Access-Control-Allow-Origin response header indicates whether the response can be shared with resources with the given origin"
                            },
                            "Access-Control-Max-Age": {
                                "type": "string",
                                "description": "The Access-Control-Max-Age response header indicates how long the results of a preflight request (that is the information contained in the Access-Control-Allow-Methods and Access-Control-Allow-Headers headers) can be cached"
                            },
                            "Content-Security-Policy": {
                                "type": "string",
                                "description": "Content Security Policy (CSP) is an added layer of security that helps to detect and mitigate certain types of attacks, including Cross Site Scripting (XSS) and data injection attacks"
                            },
                            "Strict-Transport-Security": {
                                "type": "string",
                                "description": "The HTTP Strict-Transport-Security response header (often abbreviated as HSTS)  lets a web site tell browsers that it should only be accessed using HTTPS, instead of using HTTP"
                            },
                            "X-Content-Type-Options": {
                                "type": "string",
                                "description": "The X-Content-Type-Options response HTTP header is a marker used by the server to indicate that the MIME types advertised in the Content-Type headers should not be changed and be followed"
                            }
                        }
                    },
                    "301": {
                        "description": "Moved Permanently"
                    },
                    "400": {
                        "description": "Bad Request",
                        "schema": {
                            "$ref": "#/definitions/Errors"
                        }
                    },
                    "401": {
                        "description": "Unauthorized"
                    },
                    "403": {
                        "description": "Forbidden"
                    },
                    "404": {
                        "description": "Not Found"
                    },
                    "405": {
                        "description": "Method Not Allowed"
                    },
                    "406": {
                        "description": "Not Acceptable"
                    },
                    "408": {
                        "description": "Request Timeout"
                    },
                    "415": {
                        "description": "Unsupported Media Type"
                    },
                    "429": {
                        "description": "Too many requests"
                    },
                    "500": {
                        "description": "Internal Server Error"
                    },
                    "502": {
                        "description": "Bad Gateway"
                    },
                    "503": {
                        "description": "Service Unavailable"
                    },
                    "504": {
                        "description": "Gateway Timeout"
                    }
                },
                "security": []
            },
            "delete": {
                "tags": [
                    "atms"
                ],
                "summary": "Deletes the atm specified",
                "description": "***Note:** DELETE will be an atomic operation without any cascading affect. Actual resource will not be deleted, it will be only marked for deletion*",
                "operationId": "deleteAtm",
                "parameters": [
                    {
                        "in": "header",
                        "name": "Authorization",
                        "description": "Authorization token required for accessing this resource.*Example: Bearer &lt;oauth_token&gt;*",
                        "required": true,
                        "type": "string",
                        "x-example": "Bearer <oauth_token>"
                    },
                    {
                        "in": "header",
                        "name": "Financial-Id",
                        "description": "3 digit Alphabetical reflects the source entity",
                        "required": true,
                        "type": "string",
                        "x-example": "EBI"
                    },
                    {
                        "in": "header",
                        "name": "Client-Timestamp",
                        "description": "Unix Timestamp with milliseconds precision",
                        "required": true,
                        "type": "integer",
                        "format": "int64",
                        "x-example": 1527058644945
                    },
                    {
                        "in": "header",
                        "name": "Accept-Language",
                        "description": "Customer requested language as per ISO 639-1",
                        "required": false,
                        "type": "string",
                        "default": "en"
                    },
                    {
                        "in": "header",
                        "name": "Unique-Reference-Code",
                        "description": "Unique reference code for identification of each request sent to API",
                        "required": true,
                        "type": "string"
                    },
                    {
                        "in": "header",
                        "name": "Client-Ip",
                        "description": "IP of the customer",
                        "required": false,
                        "type": "string"
                    },
                    {
                        "in": "header",
                        "name": "Channel-Id",
                        "description": "Requesting channel",
                        "required": true,
                        "type": "string",
                        "x-example": "BNK"
                    }
                ],
                "responses": {
                    "204": {
                        "description": "No Content",
                        "headers": {
                            "Warning": {
                                "type": "string",
                                "description": "Warning Header Specifying deprecation"
                            },
                            "Unique-Reference-Code": {
                                "description": "Unique reference code for identification of each request sent to API",
                                "type": "string"
                            },
                            "Response-Timestamp": {
                                "description": "Unix Timestamp with milliseconds precision",
                                "type": "integer",
                                "format": "int64"
                            },
                            "Access-Control-Allow-Headers": {
                                "type": "string",
                                "description": "The Access-Control-Allow-Headers response header is used in response to a preflight request to indicate which HTTP headers can be used during the actual request"
                            },
                            "Access-Control-Allow-Methods": {
                                "type": "string",
                                "description": "The Access-Control-Allow-Methods response header specifies the method or methods allowed when accessing the resource in response to a preflight request"
                            },
                            "Access-Control-Allow-Origin": {
                                "type": "string",
                                "description": "The Access-Control-Allow-Origin response header indicates whether the response can be shared with resources with the given origin"
                            },
                            "Access-Control-Max-Age": {
                                "type": "string",
                                "description": "The Access-Control-Max-Age response header indicates how long the results of a preflight request (that is the information contained in the Access-Control-Allow-Methods and Access-Control-Allow-Headers headers) can be cached"
                            },
                            "Content-Security-Policy": {
                                "type": "string",
                                "description": "Content Security Policy (CSP) is an added layer of security that helps to detect and mitigate certain types of attacks, including Cross Site Scripting (XSS) and data injection attacks"
                            },
                            "Strict-Transport-Security": {
                                "type": "string",
                                "description": "The HTTP Strict-Transport-Security response header (often abbreviated as HSTS)  lets a web site tell browsers that it should only be accessed using HTTPS, instead of using HTTP"
                            },
                            "X-Content-Type-Options": {
                                "type": "string",
                                "description": "The X-Content-Type-Options response HTTP header is a marker used by the server to indicate that the MIME types advertised in the Content-Type headers should not be changed and be followed"
                            }
                        }
                    },
                    "301": {
                        "description": "Moved Permanently"
                    },
                    "400": {
                        "description": "Bad Request",
                        "schema": {
                            "$ref": "#/definitions/Errors"
                        }
                    },
                    "401": {
                        "description": "Unauthorized"
                    },
                    "403": {
                        "description": "Forbidden"
                    },
                    "404": {
                        "description": "Not Found"
                    },
                    "405": {
                        "description": "Method Not Allowed"
                    },
                    "406": {
                        "description": "Not Acceptable"
                    },
                    "408": {
                        "description": "Request Timeout"
                    },
                    "429": {
                        "description": "Too many requests"
                    },
                    "500": {
                        "description": "Internal Server Error"
                    },
                    "502": {
                        "description": "Bad Gateway"
                    },
                    "503": {
                        "description": "Service Unavailable"
                    },
                    "504": {
                        "description": "Gateway Timeout"
                    }
                }
            }
        }
    },
    "securityDefinitions": {},
    "definitions": {
        "Atms": {
            "type": "object",
            "description": "List of Atms",
            "required": [
                "atms"
            ],
            "properties": {
                "atms": {
                    "type": "array",
                    "items": {
                        "$ref": "#/definitions/Atm"
                    }
                }
            }
        },
        "Atm": {
            "type": "object",
            "required": [
                "id"
            ],
            "properties": {
                "id": {
                    "type": "string",
                    "description": "Unique identifier for Atm"
                },
                "ipAddress": {
                    "type": "string",
                    "description": "IP Address of Atm"
                },
                "name": {
                    "type": "number",
                    "description": "Name of Atm"
                },
                "type": {
                    "type": "string",
                    "description": "Type of Atm"
                },
                "address": {
                    "$ref": "#/definitions/Address"
                }
            },
            "additionalProperties": {
                "type": "string"
            }
        },
        "Address": {
            "type": "object",
            "description": "Address Details fo Atm",
            "properties": {
                "line1": {
                    "type": "string",
                    "description": "Address Line 1 of Atm"
                },
                "line2": {
                    "type": "string",
                    "description": "Address Line 2 of Atm"
                },
                "line3": {
                    "type": "string",
                    "description": "Address Line 3 of Atm"
                },
                "city": {
                    "type": "string",
                    "description": "City of Atm"
                },
                "state": {
                    "type": "string",
                    "description": "State of Atm"
                },
                "postcode": {
                    "type": "number",
                    "description": "PostCode of Atm",
                    "example": 126267
                },
                "country": {
                    "type": "string",
                    "description": "Country of Atm"
                },
                "location": {
                    "$ref": "#/definitions/Location"
                }
            }
        },
        "Location": {
            "type": "object",
            "properties": {
                "latitude": {
                    "type": "string",
                    "description": "Latitude of Atm"
                },
                "longitude": {
                    "type": "string",
                    "description": "Longitude of Atm"
                }
            }
        },
        "Errors": {
            "type": "object",
            "required": [
                "errors"
            ],
            "properties": {
                "errors": {
                    "type": "array",
                    "items": {
                        "type": "object",
                        "properties": {
                            "type": {
                                "type": "string",
                                "description": "Category of error. *Example: Technical or Functional*"
                            },
                            "code": {
                                "type": "string",
                                "description": "Error Code"
                            },
                            "message": {
                                "type": "string",
                                "description": "Description of error"
                            }
                        },
                        "additionalProperties": {
                            "type": "string"
                        }
                    }
                }
            }
        }
    }
}