{
  "swagger": "2.0",
  "externalDocs": {
    "url": "https://docs.emiratesnbd.com/organization/docs"
  },
  "info": {
    "description": "API specifications for Channels. This API belongs to Organization domain. This will serve the channels and their services",
    "version": "0.0.1",
    "title": "Channels",
    "contact": {
      "name": "Emirates NBD Open API Team",
      "url": "https://developer.emiratesnbd.com/questions",
      "email": "apiteam@emiratesnbd.com"
    }
  },
  "host": "apisit.emiratesnbd.com",
  "basePath": "/organization/v1",
  "schemes": [
    "https"
  ],
  "paths": {
    "/channels": {
      "get": {
        "tags": [
          "channels"
        ],
        "summary": "Lists all the channels",
        "description": "List the channels available",
        "operationId": "listChannels",
        "produces": [
          "application/json"
        ],
        "parameters": [
          {
            "name": "q",
            "in": "query",
            "required": false,
            "type": "string",
            "description": "Default parameter for filter.**@TODO:// Examples will be documented when technical implementation is done. Use case will be identified while implementation.**"
          },
          {
            "name": "sort",
            "in": "query",
            "required": false,
            "type": "array",
            "description": "Comma separated list of fields for response to sort on. *To sort the response on basis of name and status, sort=name,status*\n + and - signs indicate ascending or descending order, default ordering is ascending.",
            "items": {
              "type": "string"
            },
            "x-example": "sort=+name,status"
          },
          {
            "name": "Authorization",
            "in": "header",
            "required": true,
            "type": "string",
            "description": "Authorization token required for accessing this resource.*Example: Bearer &lt;oauth_token&gt;*",
            "x-example": "Bearer <oauth_token>"
          },
          {
            "name": "Accept",
            "in": "header",
            "required": false,
            "type": "string",
            "description": "Content Type required for response content",
            "default": "application/json"
          },
          {
            "name": "Paging-Info",
            "in": "header",
            "required": false,
            "type": "string",
            "description": "Paging-Info: start-index=&lt;index&gt;; no-of-records=&lt;total_records_needed&gt;",
            "x-example": "start-index=10;no-of-records=30;"
          },
          {
            "name": "Financial-Id",
            "in": "header",
            "required": true,
            "type": "string",
            "description": "3 digit Alphabetical reflects the source entity",
            "x-example": "EBI"
          },
          {
            "name": "Client-Timestamp",
            "in": "header",
            "required": true,
            "type": "integer",
            "format": "int64",
            "description": "Unix Timestamp with milliseconds precision",
            "x-example": 1527058644945
          },
          {
            "name": "Accept-Language",
            "in": "header",
            "required": false,
            "type": "string",
            "description": "Customer requested language as per ISO 639-1",
            "default": "en"
          },
          {
            "name": "Unique-Reference-Code",
            "in": "header",
            "required": true,
            "type": "string",
            "description": "Unique reference code for identification of each request sent to API"
          },
          {
            "name": "Client-Ip",
            "in": "header",
            "required": false,
            "type": "string",
            "description": "IP of the customer"
          },
          {
            "name": "Channel-Id",
            "in": "header",
            "required": true,
            "type": "string",
            "description": "Requesting channel",
            "x-example": "BNK"
          }
        ],
        "responses": {
          "200": {
            "description": "OK",
            "schema": {
              "$ref": "#/definitions/Channels"
            },
            "headers": {
              "Content-Type": {
                "type": "string",
                "description": "Content Type of response payload"
              },
              "Content-Length": {
                "type": "string",
                "description": "Content Length of response"
              },
              "Warning": {
                "type": "string",
                "description": "Warning Header Specifying deprecation"
              },
              "Paging-Info": {
                "type": "string",
                "description": "Paging-Info: no-of-records=<total records in response>;total-count =<total available records on server>"
              },
              "Unique-Reference-Code": {
                "type": "string",
                "description": "Unique reference code for identification of each request sent to API"
              },
              "Response-Timestamp": {
                "type": "integer",
                "format": "int64",
                "description": "Unix Timestamp with milliseconds precision"
              },
              "Access-Control-Allow-Headers": {
                "type": "string",
                "description": "The Access-Control-Allow-Headers response header is used in response to a preflight request to indicate which HTTP headers can be used during the actual request"
              },
              "Access-Control-Allow-Methods": {
                "type": "string",
                "description": "The Access-Control-Allow-Methods response header specifies the method or methods allowed when accessing the resource in response to a preflight request"
              },
              "Access-Control-Allow-Origin": {
                "type": "string",
                "description": "The Access-Control-Allow-Origin response header indicates whether the response can be shared with resources with the given origin"
              },
              "Access-Control-Max-Age": {
                "type": "string",
                "description": "The Access-Control-Max-Age response header indicates how long the results of a preflight request (that is the information contained in the Access-Control-Allow-Methods and Access-Control-Allow-Headers headers) can be cached"
              },
              "Content-Security-Policy": {
                "type": "string",
                "description": "Content Security Policy (CSP) is an added layer of security that helps to detect and mitigate certain types of attacks, including Cross Site Scripting (XSS) and data injection attacks"
              },
              "Strict-Transport-Security": {
                "type": "string",
                "description": "The HTTP Strict-Transport-Security response header (often abbreviated as HSTS)  lets a web site tell browsers that it should only be accessed using HTTPS, instead of using HTTP"
              },
              "X-Content-Type-Options": {
                "type": "string",
                "description": "The X-Content-Type-Options response HTTP header is a marker used by the server to indicate that the MIME types advertised in the Content-Type headers should not be changed and be followed"
              }
            }
          },
          "301": {
            "description": "Moved Permanently"
          },
          "400": {
            "description": "Bad Request",
            "schema": {
              "$ref": "#/definitions/Errors"
            }
          },
          "401": {
            "description": "Unauthorized"
          },
          "403": {
            "description": "Forbidden"
          },
          "404": {
            "description": "Not Found"
          },
          "405": {
            "description": "Method Not Allowed"
          },
          "406": {
            "description": "Not Acceptable"
          },
          "408": {
            "description": "Request Timeout"
          },
          "429": {
            "description": "Too many requests"
          },
          "500": {
            "description": "Internal Server Error"
          },
          "502": {
            "description": "Bad Gateway"
          },
          "503": {
            "description": "Service Unavailable"
          },
          "504": {
            "description": "Gateway Timeout"
          }
        }
      },
      "post": {
        "tags": [
          "channels"
        ],
        "summary": "Create a new channel",
        "description": "Creates channel",
        "operationId": "createChannel",
        "consumes": [
          "application/json"
        ],
        "produces": [
          "application/json"
        ],
        "parameters": [
          {
            "name": "Authorization",
            "in": "header",
            "required": true,
            "type": "string",
            "description": "Authorization token required for accessing this resource.*Example: Bearer &lt;oauth_token&gt;*",
            "x-example": "Bearer <oauth_token>"
          },
          {
            "name": "Content-Type",
            "in": "header",
            "required": true,
            "type": "string",
            "description": "Content Type of request content",
            "default": "application/json"
          },
          {
            "name": "Financial-Id",
            "in": "header",
            "required": true,
            "type": "string",
            "description": "3 digit Alphabetical reflects the source entity",
            "x-example": "EBI"
          },
          {
            "name": "Client-Timestamp",
            "in": "header",
            "required": true,
            "type": "integer",
            "format": "int64",
            "description": "Unix Timestamp with milliseconds precision",
            "x-example": 1527058644945
          },
          {
            "name": "Accept-Language",
            "in": "header",
            "required": false,
            "type": "string",
            "description": "Customer requested language as per ISO 639-1",
            "default": "en"
          },
          {
            "name": "Unique-Reference-Code",
            "in": "header",
            "required": true,
            "type": "string",
            "description": "Unique reference code for identification of each request sent to API"
          },
          {
            "name": "Client-Ip",
            "in": "header",
            "required": false,
            "type": "string",
            "description": "IP of the customer"
          },
          {
            "name": "Channel-Id",
            "in": "header",
            "required": true,
            "type": "string",
            "description": "Requesting channel",
            "x-example": "BNK"
          },
          {
            "name": "body",
            "in": "body",
            "required": true,
            "schema": {
              "$ref": "#/definitions/Channel"
            }
          }
        ],
        "responses": {
          "201": {
            "description": "Created",
            "headers": {
              "Location": {
                "type": "string",
                "description": "Location of created resource"
              },
              "Warning": {
                "type": "string",
                "description": "Warning Header Specifying deprecation"
              },
              "Response-Timestamp": {
                "type": "integer",
                "format": "int64",
                "description": "Unix Timestamp with milliseconds precision"
              },
              "Unique-Reference-Code": {
                "type": "string",
                "description": "Unique reference code for identification of each request sent to API"
              },
              "Access-Control-Allow-Headers": {
                "type": "string",
                "description": "The Access-Control-Allow-Headers response header is used in response to a preflight request to indicate which HTTP headers can be used during the actual request"
              },
              "Access-Control-Allow-Methods": {
                "type": "string",
                "description": "The Access-Control-Allow-Methods response header specifies the method or methods allowed when accessing the resource in response to a preflight request"
              },
              "Access-Control-Allow-Origin": {
                "type": "string",
                "description": "The Access-Control-Allow-Origin response header indicates whether the response can be shared with resources with the given origin"
              },
              "Access-Control-Max-Age": {
                "type": "string",
                "description": "The Access-Control-Max-Age response header indicates how long the results of a preflight request (that is the information contained in the Access-Control-Allow-Methods and Access-Control-Allow-Headers headers) can be cached"
              },
              "Content-Security-Policy": {
                "type": "string",
                "description": "Content Security Policy (CSP) is an added layer of security that helps to detect and mitigate certain types of attacks, including Cross Site Scripting (XSS) and data injection attacks"
              },
              "Strict-Transport-Security": {
                "type": "string",
                "description": "The HTTP Strict-Transport-Security response header (often abbreviated as HSTS)  lets a web site tell browsers that it should only be accessed using HTTPS, instead of using HTTP"
              },
              "X-Content-Type-Options": {
                "type": "string",
                "description": "The X-Content-Type-Options response HTTP header is a marker used by the server to indicate that the MIME types advertised in the Content-Type headers should not be changed and be followed"
              }
            }
          },
          "301": {
            "description": "Moved Permanently"
          },
          "400": {
            "description": "Bad Request",
            "schema": {
              "$ref": "#/definitions/Errors"
            }
          },
          "401": {
            "description": "Unauthorized"
          },
          "403": {
            "description": "Forbidden"
          },
          "404": {
            "description": "Not Found"
          },
          "405": {
            "description": "Method Not Allowed"
          },
          "406": {
            "description": "Not Acceptable"
          },
          "408": {
            "description": "Request Timeout"
          },
          "409": {
            "description": "Conflict"
          },
          "415": {
            "description": "Unsupported Media Type"
          },
          "429": {
            "description": "Too many requests"
          },
          "500": {
            "description": "Internal Server Error"
          },
          "502": {
            "description": "Bad Gateway"
          },
          "503": {
            "description": "Service Unavailable"
          },
          "504": {
            "description": "Gateway Timeout"
          }
        }
      }
    },
    "/channels/{id}": {
      "get": {
        "tags": [
          "channels"
        ],
        "summary": "Returns details of channel specified by id parameter",
        "description": "Returns details of channel specified by id parameter",
        "operationId": "getChannel",
        "produces": [
          "application/json"
        ],
        "parameters": [
          {
            "name": "Authorization",
            "in": "header",
            "required": true,
            "type": "string",
            "description": "Authorization token required for accessing this resource.*Example: Bearer &lt;oauth_token&gt;*",
            "x-example": "Bearer <oauth_token>"
          },
          {
            "name": "Accept",
            "in": "header",
            "required": false,
            "type": "string",
            "description": "Content Type required for response content",
            "default": "application/json"
          },
          {
            "name": "Financial-Id",
            "in": "header",
            "required": true,
            "type": "string",
            "description": "3 digit Alphabetical reflects the source entity",
            "x-example": "EBI"
          },
          {
            "name": "Client-Timestamp",
            "in": "header",
            "required": true,
            "type": "integer",
            "format": "int64",
            "description": "Unix Timestamp with milliseconds precision",
            "x-example": 1527058644945
          },
          {
            "name": "Accept-Language",
            "in": "header",
            "required": false,
            "type": "string",
            "description": "Customer requested language as per ISO 639-1",
            "default": "en"
          },
          {
            "name": "Unique-Reference-Code",
            "in": "header",
            "required": true,
            "type": "string",
            "description": "Unique reference code for identification of each request sent to API"
          },
          {
            "name": "Client-Ip",
            "in": "header",
            "required": false,
            "type": "string",
            "description": "IP of the customer"
          },
          {
            "name": "Channel-Id",
            "in": "header",
            "required": true,
            "type": "string",
            "description": "Requesting channel",
            "x-example": "BNK"
          }
        ],
        "responses": {
          "200": {
            "description": "OK",
            "schema": {
              "$ref": "#/definitions/Channel"
            },
            "headers": {
              "Content-Type": {
                "type": "string",
                "description": "Content Type of response payload"
              },
              "Content-Length": {
                "type": "string",
                "description": "Content Length of response"
              },
              "Warning": {
                "type": "string",
                "description": "Warning Header Specifying deprecation"
              },
              "Unique-Reference-Code": {
                "type": "string",
                "description": "Unique reference code for identification of each request sent to API"
              },
              "Response-Timestamp": {
                "type": "integer",
                "format": "int64",
                "description": "Unix Timestamp with milliseconds precision"
              },
              "Access-Control-Allow-Headers": {
                "type": "string",
                "description": "The Access-Control-Allow-Headers response header is used in response to a preflight request to indicate which HTTP headers can be used during the actual request"
              },
              "Access-Control-Allow-Methods": {
                "type": "string",
                "description": "The Access-Control-Allow-Methods response header specifies the method or methods allowed when accessing the resource in response to a preflight request"
              },
              "Access-Control-Allow-Origin": {
                "type": "string",
                "description": "The Access-Control-Allow-Origin response header indicates whether the response can be shared with resources with the given origin"
              },
              "Access-Control-Max-Age": {
                "type": "string",
                "description": "The Access-Control-Max-Age response header indicates how long the results of a preflight request (that is the information contained in the Access-Control-Allow-Methods and Access-Control-Allow-Headers headers) can be cached"
              },
              "Content-Security-Policy": {
                "type": "string",
                "description": "Content Security Policy (CSP) is an added layer of security that helps to detect and mitigate certain types of attacks, including Cross Site Scripting (XSS) and data injection attacks"
              },
              "Strict-Transport-Security": {
                "type": "string",
                "description": "The HTTP Strict-Transport-Security response header (often abbreviated as HSTS)  lets a web site tell browsers that it should only be accessed using HTTPS, instead of using HTTP"
              },
              "X-Content-Type-Options": {
                "type": "string",
                "description": "The X-Content-Type-Options response HTTP header is a marker used by the server to indicate that the MIME types advertised in the Content-Type headers should not be changed and be followed"
              }
            }
          },
          "301": {
            "description": "Moved Permanently"
          },
          "400": {
            "description": "Bad Request",
            "schema": {
              "$ref": "#/definitions/Errors"
            }
          },
          "401": {
            "description": "Unauthorized"
          },
          "403": {
            "description": "Forbidden"
          },
          "404": {
            "description": "Not Found"
          },
          "405": {
            "description": "Method Not Allowed"
          },
          "406": {
            "description": "Not Acceptable"
          },
          "408": {
            "description": "Request Timeout"
          },
          "429": {
            "description": "Too many requests"
          },
          "500": {
            "description": "Internal Server Error"
          },
          "502": {
            "description": "Bad Gateway"
          },
          "503": {
            "description": "Service Unavailable"
          },
          "504": {
            "description": "Gateway Timeout"
          }
        }
      },
      "put": {
        "tags": [
          "channels"
        ],
        "summary": "Updates the existing channel",
        "description": "Updates the existing channel",
        "operationId": "updateChannel",
        "consumes": [
          "application/json"
        ],
        "parameters": [
          {
            "name": "Authorization",
            "in": "header",
            "required": true,
            "type": "string",
            "description": "Authorization token required for accessing this resource.*Example: Bearer &lt;oauth_token&gt;*",
            "x-example": "Bearer <oauth_token>"
          },
          {
            "name": "Content-Type",
            "in": "header",
            "required": true,
            "type": "string",
            "description": "Content Type of request content",
            "default": "application/json"
          },
          {
            "name": "Financial-Id",
            "in": "header",
            "required": true,
            "type": "string",
            "description": "3 digit Alphabetical reflects the source entity",
            "x-example": "EBI"
          },
          {
            "name": "Client-Timestamp",
            "in": "header",
            "required": true,
            "type": "integer",
            "format": "int64",
            "description": "Unix Timestamp with milliseconds precision",
            "x-example": 1527058644945
          },
          {
            "name": "Accept-Language",
            "in": "header",
            "required": false,
            "type": "string",
            "description": "Customer requested language as per ISO 639-1",
            "default": "en"
          },
          {
            "name": "Unique-Reference-Code",
            "in": "header",
            "required": true,
            "type": "string",
            "description": "Unique reference code for identification of each request sent to API"
          },
          {
            "name": "Client-Ip",
            "in": "header",
            "required": false,
            "type": "string",
            "description": "IP of the customer"
          },
          {
            "name": "Channel-Id",
            "in": "header",
            "required": true,
            "type": "string",
            "description": "Requesting channel",
            "x-example": "BNK"
          },
          {
            "name": "body",
            "in": "body",
            "required": true,
            "schema": {
              "$ref": "#/definitions/Channel"
            }
          }
        ],
        "responses": {
          "204": {
            "description": "No Content",
            "headers": {
              "Warning": {
                "type": "string",
                "description": "Warning Header Specifying deprecation"
              },
              "Unique-Reference-Code": {
                "type": "string",
                "description": "Unique reference code for identification of each request sent to API"
              },
              "Response-Timestamp": {
                "type": "integer",
                "format": "int64",
                "description": "Unix Timestamp with milliseconds precision"
              },
              "Access-Control-Allow-Headers": {
                "type": "string",
                "description": "The Access-Control-Allow-Headers response header is used in response to a preflight request to indicate which HTTP headers can be used during the actual request"
              },
              "Access-Control-Allow-Methods": {
                "type": "string",
                "description": "The Access-Control-Allow-Methods response header specifies the method or methods allowed when accessing the resource in response to a preflight request"
              },
              "Access-Control-Allow-Origin": {
                "type": "string",
                "description": "The Access-Control-Allow-Origin response header indicates whether the response can be shared with resources with the given origin"
              },
              "Access-Control-Max-Age": {
                "type": "string",
                "description": "The Access-Control-Max-Age response header indicates how long the results of a preflight request (that is the information contained in the Access-Control-Allow-Methods and Access-Control-Allow-Headers headers) can be cached"
              },
              "Content-Security-Policy": {
                "type": "string",
                "description": "Content Security Policy (CSP) is an added layer of security that helps to detect and mitigate certain types of attacks, including Cross Site Scripting (XSS) and data injection attacks"
              },
              "Strict-Transport-Security": {
                "type": "string",
                "description": "The HTTP Strict-Transport-Security response header (often abbreviated as HSTS)  lets a web site tell browsers that it should only be accessed using HTTPS, instead of using HTTP"
              },
              "X-Content-Type-Options": {
                "type": "string",
                "description": "The X-Content-Type-Options response HTTP header is a marker used by the server to indicate that the MIME types advertised in the Content-Type headers should not be changed and be followed"
              }
            }
          },
          "301": {
            "description": "Moved Permanently"
          },
          "400": {
            "description": "Bad Request",
            "schema": {
              "$ref": "#/definitions/Errors"
            }
          },
          "401": {
            "description": "Unauthorized"
          },
          "403": {
            "description": "Forbidden"
          },
          "404": {
            "description": "Not Found"
          },
          "405": {
            "description": "Method Not Allowed"
          },
          "406": {
            "description": "Not Acceptable"
          },
          "408": {
            "description": "Request Timeout"
          },
          "415": {
            "description": "Unsupported Media Type"
          },
          "429": {
            "description": "Too many requests"
          },
          "500": {
            "description": "Internal Server Error"
          },
          "502": {
            "description": "Bad Gateway"
          },
          "503": {
            "description": "Service Unavailable"
          },
          "504": {
            "description": "Gateway Timeout"
          }
        }
      },
      "delete": {
        "tags": [
          "channels"
        ],
        "summary": "Deletes the channel specified by id",
        "description": "***Note:** DELETE will be an atomic operation without any cascading affect. Actual resource will not be deleted, it will be only marked for deletion*",
        "operationId": "deleteChannel",
        "parameters": [
          {
            "name": "Authorization",
            "in": "header",
            "required": true,
            "type": "string",
            "description": "Authorization token required for accessing this resource.*Example: Bearer &lt;oauth_token&gt;*",
            "x-example": "Bearer <oauth_token>"
          },
          {
            "name": "Financial-Id",
            "in": "header",
            "required": true,
            "type": "string",
            "description": "3 digit Alphabetical reflects the source entity",
            "x-example": "EBI"
          },
          {
            "name": "Client-Timestamp",
            "in": "header",
            "required": true,
            "type": "integer",
            "format": "int64",
            "description": "Unix Timestamp with milliseconds precision",
            "x-example": 1527058644945
          },
          {
            "name": "Accept-Language",
            "in": "header",
            "required": false,
            "type": "string",
            "description": "Customer requested language as per ISO 639-1",
            "default": "en"
          },
          {
            "name": "Unique-Reference-Code",
            "in": "header",
            "required": true,
            "type": "string",
            "description": "Unique reference code for identification of each request sent to API"
          },
          {
            "name": "Client-Ip",
            "in": "header",
            "required": false,
            "type": "string",
            "description": "IP of the customer"
          },
          {
            "name": "Channel-Id",
            "in": "header",
            "required": true,
            "type": "string",
            "description": "Requesting channel",
            "x-example": "BNK"
          }
        ],
        "responses": {
          "204": {
            "description": "No Content",
            "headers": {
              "Warning": {
                "type": "string",
                "description": "Warning Header Specifying deprecation"
              },
              "Unique-Reference-Code": {
                "type": "string",
                "description": "Unique reference code for identification of each request sent to API"
              },
              "Response-Timestamp": {
                "type": "integer",
                "format": "int64",
                "description": "Unix Timestamp with milliseconds precision"
              },
              "Access-Control-Allow-Headers": {
                "type": "string",
                "description": "The Access-Control-Allow-Headers response header is used in response to a preflight request to indicate which HTTP headers can be used during the actual request"
              },
              "Access-Control-Allow-Methods": {
                "type": "string",
                "description": "The Access-Control-Allow-Methods response header specifies the method or methods allowed when accessing the resource in response to a preflight request"
              },
              "Access-Control-Allow-Origin": {
                "type": "string",
                "description": "The Access-Control-Allow-Origin response header indicates whether the response can be shared with resources with the given origin"
              },
              "Access-Control-Max-Age": {
                "type": "string",
                "description": "The Access-Control-Max-Age response header indicates how long the results of a preflight request (that is the information contained in the Access-Control-Allow-Methods and Access-Control-Allow-Headers headers) can be cached"
              },
              "Content-Security-Policy": {
                "type": "string",
                "description": "Content Security Policy (CSP) is an added layer of security that helps to detect and mitigate certain types of attacks, including Cross Site Scripting (XSS) and data injection attacks"
              },
              "Strict-Transport-Security": {
                "type": "string",
                "description": "The HTTP Strict-Transport-Security response header (often abbreviated as HSTS)  lets a web site tell browsers that it should only be accessed using HTTPS, instead of using HTTP"
              },
              "X-Content-Type-Options": {
                "type": "string",
                "description": "The X-Content-Type-Options response HTTP header is a marker used by the server to indicate that the MIME types advertised in the Content-Type headers should not be changed and be followed"
              }
            }
          },
          "301": {
            "description": "Moved Permanently"
          },
          "400": {
            "description": "Bad Request",
            "schema": {
              "$ref": "#/definitions/Errors"
            }
          },
          "401": {
            "description": "Unauthorized"
          },
          "403": {
            "description": "Forbidden"
          },
          "404": {
            "description": "Not Found"
          },
          "405": {
            "description": "Method Not Allowed"
          },
          "406": {
            "description": "Not Acceptable"
          },
          "408": {
            "description": "Request Timeout"
          },
          "429": {
            "description": "Too many requests"
          },
          "500": {
            "description": "Internal Server Error"
          },
          "502": {
            "description": "Bad Gateway"
          },
          "503": {
            "description": "Service Unavailable"
          },
          "504": {
            "description": "Gateway Timeout"
          }
        }
      },
      "parameters": [
        {
          "name": "id",
          "in": "path",
          "required": true,
          "type": "string",
          "description": "Unique Identifier for channel",
          "maxLength": 3
        }
      ]
    },
    "/channels/{id}/services": {
      "get": {
        "tags": [
          "services"
        ],
        "summary": "List services of channels specified",
        "operationId": "listServicesForChannel",
        "produces": [
          "application/json"
        ],
        "parameters": [
          {
            "name": "q",
            "in": "query",
            "required": false,
            "type": "string",
            "description": "Default parameter for filter.**@TODO:// Examples will be documented when technical implementation is done. Use case will be identified while implementation.**"
          },
          {
            "name": "sort",
            "in": "query",
            "required": false,
            "type": "array",
            "description": "Comma separated list of fields for response to sort on. *To sort the response on basis of alphaCode and buyRate, sort=name*\n+ and - signs are indicators for ascending and descending order, default is ascending.",
            "items": {
              "type": "string"
            },
            "x-example": "sort=+name"
          },
          {
            "name": "Authorization",
            "in": "header",
            "required": true,
            "type": "string",
            "description": "Authorization token required for accessing this resource.*Example: Bearer &lt;oauth_token&gt;*",
            "x-example": "Bearer <oauth_token>"
          },
          {
            "name": "Accept",
            "in": "header",
            "required": false,
            "type": "string",
            "description": "Content Type required for response content",
            "default": "application/json"
          },
          {
            "name": "Financial-Id",
            "in": "header",
            "required": true,
            "type": "string",
            "description": "3 digit Alphabetical reflects the source entity",
            "x-example": "EBI"
          },
          {
            "name": "Client-Timestamp",
            "in": "header",
            "required": true,
            "type": "integer",
            "format": "int64",
            "description": "Unix Timestamp with milliseconds precision",
            "x-example": 1527058644945
          },
          {
            "name": "Accept-Language",
            "in": "header",
            "required": false,
            "type": "string",
            "description": "Customer requested language as per ISO 639-1",
            "default": "en"
          },
          {
            "name": "Unique-Reference-Code",
            "in": "header",
            "required": true,
            "type": "string",
            "description": "Unique reference code for identification of each request sent to API"
          },
          {
            "name": "Client-Ip",
            "in": "header",
            "required": false,
            "type": "string",
            "description": "IP of the customer"
          },
          {
            "name": "Channel-Id",
            "in": "header",
            "required": true,
            "type": "string",
            "description": "Requesting channel",
            "x-example": "BNK"
          }
        ],
        "responses": {
          "200": {
            "description": "OK",
            "schema": {
              "$ref": "#/definitions/Services"
            },
            "headers": {
              "Content-Type": {
                "type": "string",
                "description": "Content Type of response payload"
              },
              "Content-Length": {
                "type": "string",
                "description": "Content Length of response"
              },
              "Warning": {
                "type": "string",
                "description": "Warning Header Specifying deprecation"
              },
              "Unique-Reference-Code": {
                "type": "string",
                "description": "Unique reference code for identification of each request sent to API"
              },
              "Response-Timestamp": {
                "type": "integer",
                "format": "int64",
                "description": "Unix Timestamp with milliseconds precision"
              },
              "Access-Control-Allow-Headers": {
                "type": "string",
                "description": "The Access-Control-Allow-Headers response header is used in response to a preflight request to indicate which HTTP headers can be used during the actual request"
              },
              "Access-Control-Allow-Methods": {
                "type": "string",
                "description": "The Access-Control-Allow-Methods response header specifies the method or methods allowed when accessing the resource in response to a preflight request"
              },
              "Access-Control-Allow-Origin": {
                "type": "string",
                "description": "The Access-Control-Allow-Origin response header indicates whether the response can be shared with resources with the given origin"
              },
              "Access-Control-Max-Age": {
                "type": "string",
                "description": "The Access-Control-Max-Age response header indicates how long the results of a preflight request (that is the information contained in the Access-Control-Allow-Methods and Access-Control-Allow-Headers headers) can be cached"
              },
              "Content-Security-Policy": {
                "type": "string",
                "description": "Content Security Policy (CSP) is an added layer of security that helps to detect and mitigate certain types of attacks, including Cross Site Scripting (XSS) and data injection attacks"
              },
              "Strict-Transport-Security": {
                "type": "string",
                "description": "The HTTP Strict-Transport-Security response header (often abbreviated as HSTS)  lets a web site tell browsers that it should only be accessed using HTTPS, instead of using HTTP"
              },
              "X-Content-Type-Options": {
                "type": "string",
                "description": "The X-Content-Type-Options response HTTP header is a marker used by the server to indicate that the MIME types advertised in the Content-Type headers should not be changed and be followed"
              }
            }
          },
          "301": {
            "description": "Moved Permanently"
          },
          "400": {
            "description": "Bad Request",
            "schema": {
              "$ref": "#/definitions/Errors"
            }
          },
          "401": {
            "description": "Unauthorized"
          },
          "403": {
            "description": "Forbidden"
          },
          "404": {
            "description": "Not Found"
          },
          "405": {
            "description": "Method Not Allowed"
          },
          "406": {
            "description": "Not Acceptable"
          },
          "408": {
            "description": "Request Timeout"
          },
          "429": {
            "description": "Too many requests"
          },
          "500": {
            "description": "Internal Server Error"
          },
          "502": {
            "description": "Bad Gateway"
          },
          "503": {
            "description": "Service Unavailable"
          },
          "504": {
            "description": "Gateway Timeout"
          }
        }
      },
      "post": {
        "tags": [
          "services"
        ],
        "summary": "Create the service for specified channel",
        "description": "Create the service for specified channel",
        "operationId": "createService",
        "consumes": [
          "application/json"
        ],
        "produces": [
          "application/json"
        ],
        "parameters": [
          {
            "name": "Authorization",
            "in": "header",
            "required": true,
            "type": "string",
            "description": "Authorization token required for accessing this resource.*Example: Bearer &lt;oauth_token&gt;*",
            "x-example": "Bearer <oauth_token>"
          },
          {
            "name": "Content-Type",
            "in": "header",
            "required": true,
            "type": "string",
            "description": "Content Type of request content",
            "default": "application/json"
          },
          {
            "name": "Financial-Id",
            "in": "header",
            "required": true,
            "type": "string",
            "description": "3 digit Alphabetical reflects the source entity",
            "x-example": "EBI"
          },
          {
            "name": "Client-Timestamp",
            "in": "header",
            "required": true,
            "type": "integer",
            "format": "int64",
            "description": "Unix Timestamp with milliseconds precision",
            "x-example": 1527058644945
          },
          {
            "name": "Accept-Language",
            "in": "header",
            "required": false,
            "type": "string",
            "description": "Customer requested language as per ISO 639-1",
            "default": "en"
          },
          {
            "name": "Unique-Reference-Code",
            "in": "header",
            "required": true,
            "type": "string",
            "description": "Unique reference code for identification of each request sent to API"
          },
          {
            "name": "Client-Ip",
            "in": "header",
            "required": false,
            "type": "string",
            "description": "IP of the customer"
          },
          {
            "name": "Channel-Id",
            "in": "header",
            "required": true,
            "type": "string",
            "description": "Requesting channel",
            "x-example": "BNK"
          },
          {
            "name": "body",
            "in": "body",
            "required": true,
            "schema": {
              "$ref": "#/definitions/Service"
            }
          }
        ],
        "responses": {
          "201": {
            "description": "Created",
            "headers": {
              "Warning": {
                "type": "string",
                "description": "Warning Header Specifying deprecation"
              },
              "Unique-Reference-Code": {
                "type": "string",
                "description": "Unique reference code for identification of each request sent to API"
              },
              "Response-Timestamp": {
                "type": "integer",
                "format": "int64",
                "description": "Unix Timestamp with milliseconds precision"
              },
              "Access-Control-Allow-Headers": {
                "type": "string",
                "description": "The Access-Control-Allow-Headers response header is used in response to a preflight request to indicate which HTTP headers can be used during the actual request"
              },
              "Access-Control-Allow-Methods": {
                "type": "string",
                "description": "The Access-Control-Allow-Methods response header specifies the method or methods allowed when accessing the resource in response to a preflight request"
              },
              "Access-Control-Allow-Origin": {
                "type": "string",
                "description": "The Access-Control-Allow-Origin response header indicates whether the response can be shared with resources with the given origin"
              },
              "Access-Control-Max-Age": {
                "type": "string",
                "description": "The Access-Control-Max-Age response header indicates how long the results of a preflight request (that is the information contained in the Access-Control-Allow-Methods and Access-Control-Allow-Headers headers) can be cached"
              },
              "Content-Security-Policy": {
                "type": "string",
                "description": "Content Security Policy (CSP) is an added layer of security that helps to detect and mitigate certain types of attacks, including Cross Site Scripting (XSS) and data injection attacks"
              },
              "Strict-Transport-Security": {
                "type": "string",
                "description": "The HTTP Strict-Transport-Security response header (often abbreviated as HSTS)  lets a web site tell browsers that it should only be accessed using HTTPS, instead of using HTTP"
              },
              "X-Content-Type-Options": {
                "type": "string",
                "description": "The X-Content-Type-Options response HTTP header is a marker used by the server to indicate that the MIME types advertised in the Content-Type headers should not be changed and be followed"
              },
              "Location": {
                "type": "string",
                "description": "Location of created resource"
              }
            }
          },
          "301": {
            "description": "Moved Permanently"
          },
          "400": {
            "description": "Bad Request",
            "schema": {
              "$ref": "#/definitions/Errors"
            }
          },
          "401": {
            "description": "Unauthorized"
          },
          "403": {
            "description": "Forbidden"
          },
          "404": {
            "description": "Not Found"
          },
          "405": {
            "description": "Method Not Allowed"
          },
          "406": {
            "description": "Not Acceptable"
          },
          "408": {
            "description": "Request Timeout"
          },
          "415": {
            "description": "Unsupported Media Type"
          },
          "429": {
            "description": "Too many requests"
          },
          "500": {
            "description": "Internal Server Error"
          },
          "502": {
            "description": "Bad Gateway"
          },
          "503": {
            "description": "Service Unavailable"
          },
          "504": {
            "description": "Gateway Timeout"
          }
        }
      },
      "parameters": [
        {
          "name": "id",
          "in": "path",
          "required": true,
          "type": "string",
          "description": "Unique Identifier for channel",
          "maxLength": 3
        }
      ]
    },
    "/channels/{id}/services/{serviceId}": {
      "get": {
        "tags": [
          "services"
        ],
        "summary": "Fetch details for a service of a channel ID",
        "description": "Fetch details for a service of a channel ID",
        "operationId": "getService",
        "produces": [
          "application/json"
        ],
        "parameters": [
          {
            "name": "Authorization",
            "in": "header",
            "required": true,
            "type": "string",
            "description": "Authorization token required for accessing this resource.*Example: Bearer &lt;oauth_token&gt;*",
            "x-example": "Bearer <oauth_token>"
          },
          {
            "name": "Accept",
            "in": "header",
            "required": false,
            "type": "string",
            "description": "Content Type required for response content",
            "default": "application/json"
          },
          {
            "name": "Financial-Id",
            "in": "header",
            "required": true,
            "type": "string",
            "description": "3 digit Alphabetical reflects the source entity",
            "x-example": "EBI"
          },
          {
            "name": "Client-Timestamp",
            "in": "header",
            "required": true,
            "type": "integer",
            "format": "int64",
            "description": "Unix Timestamp with milliseconds precision",
            "x-example": 1527058644945
          },
          {
            "name": "Accept-Language",
            "in": "header",
            "required": false,
            "type": "string",
            "description": "Customer requested language as per ISO 639-1",
            "default": "en"
          },
          {
            "name": "Unique-Reference-Code",
            "in": "header",
            "required": true,
            "type": "string",
            "description": "Unique reference code for identification of each request sent to API"
          },
          {
            "name": "Client-Ip",
            "in": "header",
            "required": false,
            "type": "string",
            "description": "IP of the customer"
          },
          {
            "name": "Channel-Id",
            "in": "header",
            "required": true,
            "type": "string",
            "description": "Requesting channel",
            "x-example": "BNK"
          }
        ],
        "responses": {
          "200": {
            "description": "Ok",
            "schema": {
              "$ref": "#/definitions/Service"
            },
            "headers": {
              "Content-Type": {
                "type": "string",
                "description": "Content Type of response payload"
              },
              "Content-Length": {
                "type": "string",
                "description": "Content Length of response"
              },
              "Warning": {
                "type": "string",
                "description": "Warning Header Specifying deprecation"
              },
              "Unique-Reference-Code": {
                "type": "string",
                "description": "Unique reference code for identification of each request sent to API"
              },
              "Response-Timestamp": {
                "type": "integer",
                "format": "int64",
                "description": "Unix Timestamp with milliseconds precision"
              },
              "Access-Control-Allow-Headers": {
                "type": "string",
                "description": "The Access-Control-Allow-Headers response header is used in response to a preflight request to indicate which HTTP headers can be used during the actual request"
              },
              "Access-Control-Allow-Methods": {
                "type": "string",
                "description": "The Access-Control-Allow-Methods response header specifies the method or methods allowed when accessing the resource in response to a preflight request"
              },
              "Access-Control-Allow-Origin": {
                "type": "string",
                "description": "The Access-Control-Allow-Origin response header indicates whether the response can be shared with resources with the given origin"
              },
              "Access-Control-Max-Age": {
                "type": "string",
                "description": "The Access-Control-Max-Age response header indicates how long the results of a preflight request (that is the information contained in the Access-Control-Allow-Methods and Access-Control-Allow-Headers headers) can be cached"
              },
              "Content-Security-Policy": {
                "type": "string",
                "description": "Content Security Policy (CSP) is an added layer of security that helps to detect and mitigate certain types of attacks, including Cross Site Scripting (XSS) and data injection attacks"
              },
              "Strict-Transport-Security": {
                "type": "string",
                "description": "The HTTP Strict-Transport-Security response header (often abbreviated as HSTS)  lets a web site tell browsers that it should only be accessed using HTTPS, instead of using HTTP"
              },
              "X-Content-Type-Options": {
                "type": "string",
                "description": "The X-Content-Type-Options response HTTP header is a marker used by the server to indicate that the MIME types advertised in the Content-Type headers should not be changed and be followed"
              }
            }
          },
          "301": {
            "description": "Moved Permanently"
          },
          "400": {
            "description": "Bad Request",
            "schema": {
              "$ref": "#/definitions/Errors"
            }
          },
          "401": {
            "description": "Unauthorized"
          },
          "403": {
            "description": "Forbidden"
          },
          "404": {
            "description": "Not Found"
          },
          "405": {
            "description": "Method Not Allowed"
          },
          "406": {
            "description": "Not Acceptable"
          },
          "408": {
            "description": "Request Timeout"
          },
          "429": {
            "description": "Too many requests"
          },
          "500": {
            "description": "Internal Server Error"
          },
          "502": {
            "description": "Bad Gateway"
          },
          "503": {
            "description": "Service Unavailable"
          },
          "504": {
            "description": "Gateway Timeout"
          }
        }
      },
      "put": {
        "tags": [
          "services"
        ],
        "summary": "Update details for a service of a channel ID",
        "description": "Update details for a service of a channel ID",
        "operationId": "updateService",
        "consumes": [
          "application/json"
        ],
        "parameters": [
          {
            "name": "Authorization",
            "in": "header",
            "required": true,
            "type": "string",
            "description": "Authorization token required for accessing this resource.*Example: Bearer &lt;oauth_token&gt;*",
            "x-example": "Bearer <oauth_token>"
          },
          {
            "name": "Accept",
            "in": "header",
            "required": false,
            "type": "string",
            "description": "Content Type required for response content",
            "default": "application/json"
          },
          {
            "name": "Financial-Id",
            "in": "header",
            "required": true,
            "type": "string",
            "description": "3 digit Alphabetical reflects the source entity",
            "x-example": "EBI"
          },
          {
            "name": "Client-Timestamp",
            "in": "header",
            "required": true,
            "type": "integer",
            "format": "int64",
            "description": "Unix Timestamp with milliseconds precision",
            "x-example": 1527058644945
          },
          {
            "name": "Accept-Language",
            "in": "header",
            "required": false,
            "type": "string",
            "description": "Customer requested language as per ISO 639-1",
            "default": "en"
          },
          {
            "name": "Unique-Reference-Code",
            "in": "header",
            "required": true,
            "type": "string",
            "description": "Unique reference code for identification of each request sent to API"
          },
          {
            "name": "Client-Ip",
            "in": "header",
            "required": false,
            "type": "string",
            "description": "IP of the customer"
          },
          {
            "name": "Channel-Id",
            "in": "header",
            "required": true,
            "type": "string",
            "description": "Requesting channel",
            "x-example": "BNK"
          },
          {
            "name": "body",
            "in": "body",
            "required": true,
            "schema": {
              "$ref": "#/definitions/Service"
            }
          }
        ],
        "responses": {
          "200": {
            "description": "OK",
            "headers": {
              "Content-Type": {
                "type": "string",
                "description": "Content Type of response payload"
              },
              "Content-Length": {
                "type": "string",
                "description": "Content Length of response"
              },
              "Warning": {
                "type": "string",
                "description": "Warning Header Specifying deprecation"
              },
              "Unique-Reference-Code": {
                "type": "string",
                "description": "Unique reference code for identification of each request sent to API"
              },
              "Response-Timestamp": {
                "type": "integer",
                "format": "int64",
                "description": "Unix Timestamp with milliseconds precision"
              },
              "Access-Control-Allow-Headers": {
                "type": "string",
                "description": "The Access-Control-Allow-Headers response header is used in response to a preflight request to indicate which HTTP headers can be used during the actual request"
              },
              "Access-Control-Allow-Methods": {
                "type": "string",
                "description": "The Access-Control-Allow-Methods response header specifies the method or methods allowed when accessing the resource in response to a preflight request"
              },
              "Access-Control-Allow-Origin": {
                "type": "string",
                "description": "The Access-Control-Allow-Origin response header indicates whether the response can be shared with resources with the given origin"
              },
              "Access-Control-Max-Age": {
                "type": "string",
                "description": "The Access-Control-Max-Age response header indicates how long the results of a preflight request (that is the information contained in the Access-Control-Allow-Methods and Access-Control-Allow-Headers headers) can be cached"
              },
              "Content-Security-Policy": {
                "type": "string",
                "description": "Content Security Policy (CSP) is an added layer of security that helps to detect and mitigate certain types of attacks, including Cross Site Scripting (XSS) and data injection attacks"
              },
              "Strict-Transport-Security": {
                "type": "string",
                "description": "The HTTP Strict-Transport-Security response header (often abbreviated as HSTS)  lets a web site tell browsers that it should only be accessed using HTTPS, instead of using HTTP"
              },
              "X-Content-Type-Options": {
                "type": "string",
                "description": "The X-Content-Type-Options response HTTP header is a marker used by the server to indicate that the MIME types advertised in the Content-Type headers should not be changed and be followed"
              }
            }
          },
          "301": {
            "description": "Moved Permanently"
          },
          "400": {
            "description": "Bad Request",
            "schema": {
              "$ref": "#/definitions/Errors"
            }
          },
          "401": {
            "description": "Unauthorized"
          },
          "403": {
            "description": "Forbidden"
          },
          "404": {
            "description": "Not Found"
          },
          "405": {
            "description": "Method Not Allowed"
          },
          "406": {
            "description": "Not Acceptable"
          },
          "408": {
            "description": "Request Timeout"
          },
          "429": {
            "description": "Too many requests"
          },
          "500": {
            "description": "Internal Server Error"
          },
          "502": {
            "description": "Bad Gateway"
          },
          "503": {
            "description": "Service Unavailable"
          },
          "504": {
            "description": "Gateway Timeout"
          }
        }
      },
      "delete": {
        "tags": [
          "services"
        ],
        "summary": "Delete a service of a channel ID",
        "description": "Delete a service of a channel ID",
        "operationId": "deleteService",
        "parameters": [
          {
            "name": "Authorization",
            "in": "header",
            "required": true,
            "type": "string",
            "description": "Authorization token required for accessing this resource.*Example: Bearer &lt;oauth_token&gt;*",
            "x-example": "Bearer <oauth_token>"
          },
          {
            "name": "Accept",
            "in": "header",
            "required": false,
            "type": "string",
            "description": "Content Type required for response content",
            "default": "application/json"
          },
          {
            "name": "Financial-Id",
            "in": "header",
            "required": true,
            "type": "string",
            "description": "3 digit Alphabetical reflects the source entity",
            "x-example": "EBI"
          },
          {
            "name": "Client-Timestamp",
            "in": "header",
            "required": true,
            "type": "integer",
            "format": "int64",
            "description": "Unix Timestamp with milliseconds precision",
            "x-example": 1527058644945
          },
          {
            "name": "Accept-Language",
            "in": "header",
            "required": false,
            "type": "string",
            "description": "Customer requested language as per ISO 639-1",
            "default": "en"
          },
          {
            "name": "Unique-Reference-Code",
            "in": "header",
            "required": true,
            "type": "string",
            "description": "Unique reference code for identification of each request sent to API"
          },
          {
            "name": "Client-Ip",
            "in": "header",
            "required": false,
            "type": "string",
            "description": "IP of the customer"
          },
          {
            "name": "Channel-Id",
            "in": "header",
            "required": true,
            "type": "string",
            "description": "Requesting channel",
            "x-example": "BNK"
          }
        ],
        "responses": {
          "200": {
            "description": "OK",
            "schema": {
              "$ref": "#/definitions/Channel"
            },
            "headers": {
              "Content-Type": {
                "type": "string",
                "description": "Content Type of response payload"
              },
              "Content-Length": {
                "type": "string",
                "description": "Content Length of response"
              },
              "Warning": {
                "type": "string",
                "description": "Warning Header Specifying deprecation"
              },
              "Unique-Reference-Code": {
                "type": "string",
                "description": "Unique reference code for identification of each request sent to API"
              },
              "Response-Timestamp": {
                "type": "integer",
                "format": "int64",
                "description": "Unix Timestamp with milliseconds precision"
              },
              "Access-Control-Allow-Headers": {
                "type": "string",
                "description": "The Access-Control-Allow-Headers response header is used in response to a preflight request to indicate which HTTP headers can be used during the actual request"
              },
              "Access-Control-Allow-Methods": {
                "type": "string",
                "description": "The Access-Control-Allow-Methods response header specifies the method or methods allowed when accessing the resource in response to a preflight request"
              },
              "Access-Control-Allow-Origin": {
                "type": "string",
                "description": "The Access-Control-Allow-Origin response header indicates whether the response can be shared with resources with the given origin"
              },
              "Access-Control-Max-Age": {
                "type": "string",
                "description": "The Access-Control-Max-Age response header indicates how long the results of a preflight request (that is the information contained in the Access-Control-Allow-Methods and Access-Control-Allow-Headers headers) can be cached"
              },
              "Content-Security-Policy": {
                "type": "string",
                "description": "Content Security Policy (CSP) is an added layer of security that helps to detect and mitigate certain types of attacks, including Cross Site Scripting (XSS) and data injection attacks"
              },
              "Strict-Transport-Security": {
                "type": "string",
                "description": "The HTTP Strict-Transport-Security response header (often abbreviated as HSTS)  lets a web site tell browsers that it should only be accessed using HTTPS, instead of using HTTP"
              },
              "X-Content-Type-Options": {
                "type": "string",
                "description": "The X-Content-Type-Options response HTTP header is a marker used by the server to indicate that the MIME types advertised in the Content-Type headers should not be changed and be followed"
              }
            }
          },
          "301": {
            "description": "Moved Permanently"
          },
          "400": {
            "description": "Bad Request",
            "schema": {
              "$ref": "#/definitions/Errors"
            }
          },
          "401": {
            "description": "Unauthorized"
          },
          "403": {
            "description": "Forbidden"
          },
          "404": {
            "description": "Not Found"
          },
          "405": {
            "description": "Method Not Allowed"
          },
          "406": {
            "description": "Not Acceptable"
          },
          "408": {
            "description": "Request Timeout"
          },
          "429": {
            "description": "Too many requests"
          },
          "500": {
            "description": "Internal Server Error"
          },
          "502": {
            "description": "Bad Gateway"
          },
          "503": {
            "description": "Service Unavailable"
          },
          "504": {
            "description": "Gateway Timeout"
          }
        }
      },
      "parameters": [
        {
          "name": "id",
          "in": "path",
          "required": true,
          "type": "string",
          "description": "Channel ID"
        },
        {
          "name": "serviceId",
          "in": "path",
          "required": true,
          "type": "string",
          "description": "Service ID"
        }
      ]
    }
  },
  "definitions": {
    "Channel": {
      "type": "object",
      "required": [
        "id"
      ],
      "properties": {
        "id": {
          "type": "string",
          "description": "ID for the channel",
          "example": "BNK"
        },
        "name": {
          "type": "string",
          "description": "Name of the channel",
          "example": "Bank Net"
        },
        "description": {
          "type": "string",
          "description": "Description in English",
          "example": "Bank Net"
        },
        "status": {
          "type": "string",
          "description": "Status of the channel",
          "example": "Active"
        }
      },
      "description": "Single channel object",
      "additionalProperties": {
        "type": "string"
      }
    },
    "Channels": {
      "type": "object",
      "required": [
        "channels"
      ],
      "properties": {
        "channels": {
          "type" : "array",
          "items" : {
            "$ref": "#/definitions/Channel"  
          }
          
        }
      },
      "description": "List of channels",
      "additionalProperties": {
        "type": "string"
      }
    },
    "Services": {
      "type": "object",
      "required": [
        "services"
      ],
      "properties": {
        "services": {
          "type": "array",
          "description": "Array of services",
          "items": {
            "$ref": "#/definitions/Service"
          }
        }
      },
      "description": "list of services",
      "additionalProperties": {
        "type": "string"
      }
    },
    "Service": {
      "type": "object",
      "required": [
        "id"
      ],
      "properties": {
        "id": {
          "type": "string",
          "description": "Service id"
        },
        "name": {
          "type": "string",
          "description": "Name of the service"
        },
        "description": {
          "type": "string",
          "description": "Description in English"
        }
      },
      "description": "Single service object",
      "additionalProperties": {
        "type": "string"
      }
    },
    "Errors": {
      "type": "object",
      "required": [
        "errors"
      ],
      "properties": {
        "errors": {
          "type": "array",
          "items": {
            "type": "object",
            "properties": {
              "type": {
                "type": "string",
                "description": "Category of error. *Example: Technical or Functional*"
              },
              "code": {
                "type": "string",
                "description": "Error Code"
              },
              "message": {
                "type": "string",
                "description": "Description of error"
              }
            },
            "additionalProperties": {
              "type": "string"
            }
          }
        }
      }
    }
  }
}