<?xml version = "1.0" encoding = "utf-8"?>
<ns0:MobileAPIConfiguration xmlns:ns0 = "http://www.tuitravel.com/tdamobileapi/validateconfiguration.xsd" xmlns:xsi = "http://www.w3.org/2001/XMLSchema-instance" xsi:schemaLocation = "http://www.tuitravel.com/tdamobileapi/validateconfiguration.xsd ../SharedResources/Schemas/Common/ValidationConfiguration.xsd">
	<ns0:commonValidation>
		<ns0:headers>
			<ns0:name>tui-app-name</ns0:name>
			<ns0:existsValidation>true</ns0:existsValidation>
			<ns0:dataValidation>true</ns0:dataValidation>
			<ns0:values>TUI-NO-NO</ns0:values>
			<ns0:values>TUI-NO-SV</ns0:values>
			<ns0:values>TUI-NO-FI</ns0:values>
			<ns0:values>TUI-NO-DK</ns0:values>
			<ns0:values>TUI-UK-TH</ns0:values>
			<ns0:values>TUI-UK-FC</ns0:values>
			<ns0:values>TUI-NL</ns0:values>
			<ns0:errorExistsValidationRS>
				<ns0:code>403</ns0:code>
				<ns0:message>Required headers are missing in the request</ns0:message>
			</ns0:errorExistsValidationRS>
			<ns0:errorDataValidationRS>
				<ns0:code>403</ns0:code>
				<ns0:message>Invalid Header , %%tui-app-name%% as tui-app-name is not supported</ns0:message>
			</ns0:errorDataValidationRS>
		</ns0:headers>
	</ns0:commonValidation>
	<ns0:marketValidation market = "TUI-NO-FI">
		<ns0:headers>
			<ns0:name>tui-app-locale</ns0:name>
			<ns0:existsValidation>true</ns0:existsValidation>
			<ns0:dataValidation>true</ns0:dataValidation>
			<ns0:values>FI-FI</ns0:values>
			<ns0:values>EN-GB</ns0:values>
			<ns0:errorExistsValidationRS>
				<ns0:code>403</ns0:code>
				<ns0:message>Required headers are missing in the request</ns0:message>
			</ns0:errorExistsValidationRS>
			<ns0:errorDataValidationRS>
				<ns0:code>403</ns0:code>
				<ns0:message>Invalid Header, %%tui-app-locale%% as tui-app-locale is not supported</ns0:message>
			</ns0:errorDataValidationRS>
		</ns0:headers>
		<ns0:headers>
			<ns0:name>tui-api-version</ns0:name>
			<ns0:existsValidation>true</ns0:existsValidation>
			<ns0:dataValidation>true</ns0:dataValidation>
			<ns0:values>V1</ns0:values>
			<ns0:values>V2</ns0:values>
			<ns0:errorExistsValidationRS>
				<ns0:code>403</ns0:code>
				<ns0:message>Required headers are missing in the request</ns0:message>
			</ns0:errorExistsValidationRS>
			<ns0:errorDataValidationRS>
				<ns0:code>403</ns0:code>
				<ns0:message>Invalid Header, tui-api-version must be from [V1,V2], Requested version :%%tui-api-version%%</ns0:message>
			</ns0:errorDataValidationRS>
		</ns0:headers>
		<ns0:query api_supported="V1">
			<ns0:name>authparam</ns0:name>
			<ns0:existsValidation>true</ns0:existsValidation>
			<ns0:errorExistsValidationRS>
				<ns0:code>403</ns0:code>
				<ns0:message>authparam is required</ns0:message>
			</ns0:errorExistsValidationRS>
		</ns0:query>
		<ns0:query api_supported="V2">
			<ns0:name>authparam</ns0:name>
			<ns0:existsValidation>true</ns0:existsValidation>
			<ns0:errorExistsValidationRS>
				<ns0:code>403</ns0:code>
				<ns0:message>authparam is required</ns0:message>
			</ns0:errorExistsValidationRS>
		</ns0:query>
	</ns0:marketValidation>
	<ns0:marketValidation market = "TUI-NO-NO">
		<ns0:headers>
			<ns0:name>tui-app-locale</ns0:name>
			<ns0:existsValidation>true</ns0:existsValidation>
			<ns0:dataValidation>true</ns0:dataValidation>
			<ns0:values>NO-NO</ns0:values>
			<ns0:values>NB-NO</ns0:values>
			<ns0:values>EN-GB</ns0:values>
			<ns0:errorExistsValidationRS>
				<ns0:code>403</ns0:code>
				<ns0:message>Required headers are missing in the request</ns0:message>
			</ns0:errorExistsValidationRS>
			<ns0:errorDataValidationRS>
				<ns0:code>403</ns0:code>
				<ns0:message>Invalid Header, %%tui-app-locale%% as tui-app-locale is not supported</ns0:message>
			</ns0:errorDataValidationRS>
		</ns0:headers>
		<ns0:headers>
			<ns0:name>tui-api-version</ns0:name>
			<ns0:existsValidation>true</ns0:existsValidation>
			<ns0:dataValidation>true</ns0:dataValidation>
			<ns0:values>V1</ns0:values>
			<ns0:values>V2</ns0:values>
			<ns0:errorExistsValidationRS>
				<ns0:code>403</ns0:code>
				<ns0:message>Required headers are missing in the request</ns0:message>
			</ns0:errorExistsValidationRS>
			<ns0:errorDataValidationRS>
				<ns0:code>403</ns0:code>
				<ns0:message>Invalid Header, tui-api-version must be from [V1,V2], Requested version :%%tui-api-version%%</ns0:message>
			</ns0:errorDataValidationRS>
		</ns0:headers>
		<ns0:query api_supported="V1">
			<ns0:name>authparam</ns0:name>
			<ns0:existsValidation>true</ns0:existsValidation>
			<ns0:errorExistsValidationRS>
				<ns0:code>403</ns0:code>
				<ns0:message>authparam is required</ns0:message>
			</ns0:errorExistsValidationRS>
		</ns0:query>
		<ns0:query api_supported="V2">
			<ns0:name>authparam</ns0:name>
			<ns0:existsValidation>true</ns0:existsValidation>
			<ns0:errorExistsValidationRS>
				<ns0:code>403</ns0:code>
				<ns0:message>authparam is required</ns0:message>
			</ns0:errorExistsValidationRS>
		</ns0:query>
	</ns0:marketValidation>
	<ns0:marketValidation market = "TUI-NO-SV">  
		<ns0:headers>
			<ns0:name>tui-app-locale</ns0:name>
			<ns0:existsValidation>true</ns0:existsValidation>
			<ns0:dataValidation>true</ns0:dataValidation>
			<ns0:values>SV-SE</ns0:values>
			<ns0:values>EN-GB</ns0:values>
			<ns0:errorExistsValidationRS>
				<ns0:code>403</ns0:code>
				<ns0:message>Required headers are missing in the request</ns0:message>
			</ns0:errorExistsValidationRS>
			<ns0:errorDataValidationRS>
				<ns0:code>403</ns0:code>
				<ns0:message>Invalid Header, %%tui-app-locale%% as tui-app-locale is not supported</ns0:message>
			</ns0:errorDataValidationRS>
		</ns0:headers>
		<ns0:headers>
			<ns0:name>tui-api-version</ns0:name>
			<ns0:existsValidation>true</ns0:existsValidation>
			<ns0:dataValidation>true</ns0:dataValidation>
			<ns0:values>V1</ns0:values>
			<ns0:values>V2</ns0:values>
			<ns0:errorExistsValidationRS>
				<ns0:code>403</ns0:code>
				<ns0:message>Required headers are missing in the request</ns0:message>
			</ns0:errorExistsValidationRS>
			<ns0:errorDataValidationRS>
				<ns0:code>403</ns0:code>
				<ns0:message>Invalid Header, tui-api-version must be from [V1,V2], Requested version :%%tui-api-version%%</ns0:message>
			</ns0:errorDataValidationRS>
		</ns0:headers>
		<ns0:query api_supported="V1">
			<ns0:name>authparam</ns0:name>
			<ns0:existsValidation>true</ns0:existsValidation>
			<ns0:errorExistsValidationRS>
				<ns0:code>403</ns0:code>
				<ns0:message>authparam is required</ns0:message>
			</ns0:errorExistsValidationRS>
		</ns0:query>
		<ns0:query api_supported="V2">
			<ns0:name>authparam</ns0:name>
			<ns0:existsValidation>true</ns0:existsValidation>
			<ns0:errorExistsValidationRS>
				<ns0:code>403</ns0:code>
				<ns0:message>authparam is required</ns0:message>
			</ns0:errorExistsValidationRS>
		</ns0:query>
	</ns0:marketValidation>
	<ns0:marketValidation market = "TUI-NO-DK"> 
		<ns0:headers>
			<ns0:name>tui-app-locale</ns0:name>
			<ns0:existsValidation>true</ns0:existsValidation>
			<ns0:dataValidation>true</ns0:dataValidation>
			<ns0:values>DA-DK</ns0:values>
			<ns0:values>EN-GB</ns0:values>
			<ns0:errorExistsValidationRS>
				<ns0:code>403</ns0:code>
				<ns0:message>Required headers are missing in the request</ns0:message>
			</ns0:errorExistsValidationRS>
			<ns0:errorDataValidationRS>
				<ns0:code>403</ns0:code>
				<ns0:message>Invalid Header, %%tui-app-locale%% as tui-app-locale is not supported</ns0:message>
			</ns0:errorDataValidationRS>
		</ns0:headers>
		<ns0:headers>
			<ns0:name>tui-api-version</ns0:name>
			<ns0:existsValidation>true</ns0:existsValidation>
			<ns0:dataValidation>true</ns0:dataValidation>
			<ns0:values>V1</ns0:values>
			<ns0:values>V2</ns0:values>
			<ns0:errorExistsValidationRS>
				<ns0:code>403</ns0:code>
				<ns0:message>Required headers are missing in the request</ns0:message>
			</ns0:errorExistsValidationRS>
			<ns0:errorDataValidationRS>
				<ns0:code>403</ns0:code>
				<ns0:message>Invalid Header, tui-api-version must be from [V1,V2], Requested version :%%tui-api-version%%</ns0:message>
			</ns0:errorDataValidationRS>
		</ns0:headers>
		<ns0:query api_supported="V1">
			<ns0:name>authparam</ns0:name>
			<ns0:existsValidation>true</ns0:existsValidation>
			<ns0:errorExistsValidationRS>
				<ns0:code>403</ns0:code>
				<ns0:message>authparam is required</ns0:message>
			</ns0:errorExistsValidationRS>
		</ns0:query>
		<ns0:query api_supported="V2">
			<ns0:name>authparam</ns0:name>
			<ns0:existsValidation>true</ns0:existsValidation>
			<ns0:errorExistsValidationRS>
				<ns0:code>403</ns0:code>
				<ns0:message>authparam is required</ns0:message>
			</ns0:errorExistsValidationRS>
		</ns0:query>
	</ns0:marketValidation>
	<ns0:marketValidation market = "TUI-UK-TH">  
		<ns0:headers>
			<ns0:name>tui-app-locale</ns0:name>
			<ns0:existsValidation>true</ns0:existsValidation>
			<ns0:dataValidation>true</ns0:dataValidation>
			<ns0:values>EN-GB</ns0:values>
			<ns0:errorExistsValidationRS>
				<ns0:code>403</ns0:code>
				<ns0:message>Required headers are missing in the request</ns0:message>
			</ns0:errorExistsValidationRS>
			<ns0:errorDataValidationRS>
				<ns0:code>403</ns0:code>
				<ns0:message>Invalid Header, %%tui-app-locale%% as tui-app-locale is not supported</ns0:message>
			</ns0:errorDataValidationRS>
		</ns0:headers>
		<ns0:headers>
			<ns0:name>tui-api-version</ns0:name>
			<ns0:existsValidation>true</ns0:existsValidation>
			<ns0:dataValidation>true</ns0:dataValidation>
			<ns0:values>V1</ns0:values>
			<ns0:errorExistsValidationRS>
				<ns0:code>403</ns0:code>
				<ns0:message>Required headers are missing in the request</ns0:message>
			</ns0:errorExistsValidationRS>
			<ns0:errorDataValidationRS>
				<ns0:code>403</ns0:code>
				<ns0:message>Invalid Header, tui-api-version must be from [V1], Requested version :%%tui-api-version%%</ns0:message>
			</ns0:errorDataValidationRS>
		</ns0:headers>
		<ns0:query api_supported="V1">
			<ns0:name>authparam</ns0:name>
			<ns0:existsValidation>true</ns0:existsValidation>
			<ns0:errorExistsValidationRS>
				<ns0:code>403</ns0:code>
				<ns0:message>authparam is required</ns0:message>
			</ns0:errorExistsValidationRS>
		</ns0:query>
	</ns0:marketValidation>
	<ns0:marketValidation market = "TUI-UK-FC">
		<ns0:headers>
			<ns0:name>tui-app-locale</ns0:name>
			<ns0:existsValidation>true</ns0:existsValidation>
			<ns0:dataValidation>true</ns0:dataValidation>
			<ns0:values>EN-GB</ns0:values>
			<ns0:errorExistsValidationRS>
				<ns0:code>403</ns0:code>
				<ns0:message>Required headers are missing in the request</ns0:message>
			</ns0:errorExistsValidationRS>
			<ns0:errorDataValidationRS>
				<ns0:code>403</ns0:code>
				<ns0:message>Invalid Header, %%tui-app-locale%% as tui-app-locale is not supported</ns0:message>
			</ns0:errorDataValidationRS>
		</ns0:headers>
		<ns0:headers>
			<ns0:name>tui-api-version</ns0:name>
			<ns0:existsValidation>true</ns0:existsValidation>
			<ns0:dataValidation>true</ns0:dataValidation>
			<ns0:values>V1</ns0:values>
			<ns0:errorExistsValidationRS>
				<ns0:code>403</ns0:code>
				<ns0:message>Required headers are missing in the request</ns0:message>
			</ns0:errorExistsValidationRS>
			<ns0:errorDataValidationRS>
				<ns0:code>403</ns0:code>
				<ns0:message>Invalid Header, tui-api-version must be from [V1], Requested version :%%tui-api-version%%</ns0:message>
			</ns0:errorDataValidationRS>
		</ns0:headers>
		<ns0:query api_supported="V1">
			<ns0:name>authparam</ns0:name>
			<ns0:existsValidation>true</ns0:existsValidation>
			<ns0:errorExistsValidationRS>
				<ns0:code>403</ns0:code>
				<ns0:message>authparam is required</ns0:message>
			</ns0:errorExistsValidationRS>
		</ns0:query>
	</ns0:marketValidation>
	<ns0:marketValidation market = "TUI-NL">
		<ns0:headers>
			<ns0:name>tui-app-locale</ns0:name>
			<ns0:existsValidation>true</ns0:existsValidation>
			<ns0:dataValidation>true</ns0:dataValidation>
			<ns0:values>NL-NL</ns0:values>
			<ns0:errorExistsValidationRS>
				<ns0:code>403</ns0:code>
				<ns0:message>Required headers are missing in the request</ns0:message>
			</ns0:errorExistsValidationRS>
			<ns0:errorDataValidationRS>
				<ns0:code>403</ns0:code>
				<ns0:message>Invalid Header, %%tui-app-locale%% as tui-app-locale is not supported</ns0:message>
			</ns0:errorDataValidationRS>
		</ns0:headers>
		<ns0:headers>
			<ns0:name>tui-api-version</ns0:name>
			<ns0:existsValidation>true</ns0:existsValidation>
			<ns0:dataValidation>true</ns0:dataValidation>
			<ns0:values>V1</ns0:values>
			<ns0:values>V2</ns0:values>
			<ns0:errorExistsValidationRS>
				<ns0:code>403</ns0:code>
				<ns0:message>Required headers are missing in the request</ns0:message>
			</ns0:errorExistsValidationRS>
			<ns0:errorDataValidationRS>
				<ns0:code>403</ns0:code>
				<ns0:message>Invalid Header, tui-api-version must be from [V1,V2], Requested version :%%tui-api-version%%</ns0:message>
			</ns0:errorDataValidationRS>
		</ns0:headers>
		<ns0:query api_supported="V1">
			<ns0:name>surname</ns0:name>
			<ns0:existsValidation>true</ns0:existsValidation>
			<ns0:errorExistsValidationRS>
				<ns0:code>403</ns0:code>
				<ns0:message>surname is required</ns0:message>
			</ns0:errorExistsValidationRS>
		</ns0:query>
		<ns0:query api_supported="V2">
			<ns0:name>authparam</ns0:name>
			<ns0:existsValidation>true</ns0:existsValidation>
			<ns0:errorExistsValidationRS>
				<ns0:code>403</ns0:code>
				<ns0:message>authparam is required</ns0:message>
			</ns0:errorExistsValidationRS>
		</ns0:query>
	</ns0:marketValidation>
</ns0:MobileAPIConfiguration>