<?xml version = "1.0" encoding = "UTF-8"?>
<outputMessage>
	<ns0:TILAccommodationResponse xmlns:SOAP-ENV = "http://schemas.xmlsoap.org/soap/envelope/" xmlns:ns0 = "http://tuiuk.com/xsd/interface/accommodation/response/v1">
		<ns1:TUIEnvelopeHeader xmlns:ns1 = "Schema/TILResponse">
			<ns1:ServiceName>Accommodation_v1</ns1:ServiceName>
			<ns1:OperationName>GetAccommodationDetails</ns1:OperationName>
			<ns1:RequestTimestamp>2016-01-20T07:00:16.841Z</ns1:RequestTimestamp>
			<ns1:ResponseTimestamp>2016-01-20T07:00:16.962Z</ns1:ResponseTimestamp>
		</ns1:TUIEnvelopeHeader>
		<Accommodation xmlns = "http://tuiuk.com/xsd/interface/accommodation/response/v1">
			<code>001966</code>
			<accommodationType>APARTMENT_HOTEL</accommodationType>
			<facilities>
				<facilityData>
					<name>Topsy Turvey lounge bar*</name>
					<facilityType>Evening entertainment programme</facilityType>
					<features>
						<feature>
							<code>description</code>
							<value>Three times a week make your way to the lounge where the hotel has live entertainment for you to enjoy.</value>
						</feature>
						<feature>
							<code>priority</code>
							<value>0</value>
						</feature>
					</features>
					<galleryImages/>
				</facilityData>
				<facilityData>
					<name>Supermarket*</name>
					<facilityType>Shopping</facilityType>
					<features>
						<feature>
							<code>priority</code>
							<value>0</value>
						</feature>
					</features>
					<galleryImages/>
				</facilityData>
				<facilityData>
					<name>Playground</name>
					<facilityType>Playground</facilityType>
					<features>
						<feature>
							<code>description</code>
							<value>After a busy day in the parks, the children can run off any excess energy whilst you relax.</value>
						</feature>
						<feature>
							<code>priority</code>
							<value>3</value>
						</feature>
					</features>
					<galleryImages>
						<mediaData>
							<mainSrc>http://newmedia.thomson.co.uk/live/vol/2/f3a849c11223a317898d5e527fb91fa4fd293f8e/488x274/web/LIB_SHU_12_F3097_RF_3f4433eaf490e3f20e26e9e274e5f4c26010a6a2.jpg</mainSrc>
							<mime>image/jpeg</mime>
							<size>medium</size>
							<caption>Image shown for illustrative purposes only</caption>
						</mediaData>
						<mediaData>
							<mainSrc>http://newmedia.thomson.co.uk/live/vol/2/f3a849c11223a317898d5e527fb91fa4fd293f8e/232x130/web/LIB_SHU_12_F3097_RF_3f4433eaf490e3f20e26e9e274e5f4c26010a6a2.jpg</mainSrc>
							<mime>image/jpeg</mime>
							<size>small</size>
							<caption>Image shown for illustrative purposes only</caption>
						</mediaData>
						<mediaData>
							<mainSrc>http://newmedia.thomson.co.uk/live/vol/2/f3a849c11223a317898d5e527fb91fa4fd293f8e/1080x608/web/LIB_SHU_12_F3097_RF_3f4433eaf490e3f20e26e9e274e5f4c26010a6a2.jpg</mainSrc>
							<mime>image/jpeg</mime>
							<size>xlarge</size>
							<caption>Image shown for illustrative purposes only</caption>
						</mediaData>
						<mediaData>
							<mainSrc>http://newmedia.thomson.co.uk/live/vol/2/f3a849c11223a317898d5e527fb91fa4fd293f8e/658x370/web/LIB_SHU_12_F3097_RF_3f4433eaf490e3f20e26e9e274e5f4c26010a6a2.jpg</mainSrc>
							<mime>image/jpeg</mime>
							<size>large</size>
							<caption>Image shown for illustrative purposes only</caption>
						</mediaData>
					</galleryImages>
				</facilityData>
				<facilityData>
					<name>Paddling pool</name>
					<facilityType>Other</facilityType>
					<features>
						<feature>
							<code>priority</code>
							<value>0</value>
						</feature>
					</features>
					<galleryImages/>
				</facilityData>
				<facilityData>
					<name>Video games*</name>
					<facilityType>Other</facilityType>
					<features>
						<feature>
							<code>priority</code>
							<value>0</value>
						</feature>
					</features>
					<galleryImages/>
				</facilityData>
				<facilityData>
					<name>Happy hour*</name>
					<facilityType>Bar</facilityType>
					<features>
						<feature>
							<code>description</code>
							<value>Come and join the happy hour. Buy one drink and get one free.</value>
						</feature>
						<feature>
							<code>priority</code>
							<value>0</value>
						</feature>
						<feature>
							<code>openingTimes</code>
							<value>17.00 - 19.00</value>
						</feature>
					</features>
					<galleryImages/>
				</facilityData>
				<facilityData>
					<name>Topsy Turvey lounge bar*</name>
					<facilityType>Bar</facilityType>
					<features>
						<feature>
							<code>description</code>
							<value>American dishes and snacks are served all day here.</value>
						</feature>
						<feature>
							<code>priority</code>
							<value>0</value>
						</feature>
					</features>
					<galleryImages>
						<mediaData>
							<mainSrc>http://newmedia.thomson.co.uk/live/vol/1/5fdaf63d49f128b8db9962e1a8195b4d15c0d739/488x274/web/THEAMERICASUNITEDSTATESOFAMERICAFLORIDADES_000207INTERNATIONALDRIVEQUALITYINNINTERNATIONAL.jpg</mainSrc>
							<mime>image/jpeg</mime>
							<size>medium</size>
						</mediaData>
						<mediaData>
							<mainSrc>http://newmedia.thomson.co.uk/live/vol/1/5fdaf63d49f128b8db9962e1a8195b4d15c0d739/1080x608/web/THEAMERICASUNITEDSTATESOFAMERICAFLORIDADES_000207INTERNATIONALDRIVEQUALITYINNINTERNATIONAL.jpg</mainSrc>
							<mime>image/jpeg</mime>
							<size>xlarge</size>
						</mediaData>
						<mediaData>
							<mainSrc>http://newmedia.thomson.co.uk/live/vol/1/5fdaf63d49f128b8db9962e1a8195b4d15c0d739/658x370/web/THEAMERICASUNITEDSTATESOFAMERICAFLORIDADES_000207INTERNATIONALDRIVEQUALITYINNINTERNATIONAL.jpg</mainSrc>
							<mime>image/jpeg</mime>
							<size>large</size>
						</mediaData>
						<mediaData>
							<mainSrc>http://newmedia.thomson.co.uk/live/vol/1/5fdaf63d49f128b8db9962e1a8195b4d15c0d739/232x130/web/THEAMERICASUNITEDSTATESOFAMERICAFLORIDADES_000207INTERNATIONALDRIVEQUALITYINNINTERNATIONAL.jpg</mainSrc>
							<mime>image/jpeg</mime>
							<size>small</size>
						</mediaData>
					</galleryImages>
				</facilityData>
				<facilityData>
					<name>Lite-Bite Deli*</name>
					<facilityType>Other</facilityType>
					<features>
						<feature>
							<code>description</code>
							<value>This place is open 24 hours. Sandwiches, snacks and drinks are on offer here.</value>
						</feature>
						<feature>
							<code>priority</code>
							<value>0</value>
						</feature>
					</features>
					<galleryImages/>
				</facilityData>
				<facilityData>
					<name>Fountain View restaurant*</name>
					<facilityType>Other</facilityType>
					<features>
						<feature>
							<code>description</code>
							<value>The restaurant lays on an all-you-can-eat buffet for breakfast, and again for dinner with a full alcohol menu too.</value>
						</feature>
						<feature>
							<code>priority</code>
							<value>2</value>
						</feature>
					</features>
					<galleryImages>
						<mediaData>
							<mainSrc>http://newmedia.thomson.co.uk/live/vol/2/6a43dcda33701d15f6b0379d4385e34685f4c10f/1080x608/web/THEAMERICASUNITEDSTATESOFAMERICAFLORIDADES_000207INTERNATIONALDRIVEQUALITYINNINTERNATIONAL.jpg</mainSrc>
							<mime>image/jpeg</mime>
							<size>xlarge</size>
						</mediaData>
						<mediaData>
							<mainSrc>http://newmedia.thomson.co.uk/live/vol/2/6a43dcda33701d15f6b0379d4385e34685f4c10f/232x130/web/THEAMERICASUNITEDSTATESOFAMERICAFLORIDADES_000207INTERNATIONALDRIVEQUALITYINNINTERNATIONAL.jpg</mainSrc>
							<mime>image/jpeg</mime>
							<size>small</size>
						</mediaData>
						<mediaData>
							<mainSrc>http://newmedia.thomson.co.uk/live/vol/2/6a43dcda33701d15f6b0379d4385e34685f4c10f/658x370/web/THEAMERICASUNITEDSTATESOFAMERICAFLORIDADES_000207INTERNATIONALDRIVEQUALITYINNINTERNATIONAL.jpg</mainSrc>
							<mime>image/jpeg</mime>
							<size>large</size>
						</mediaData>
						<mediaData>
							<mainSrc>http://newmedia.thomson.co.uk/live/vol/2/6a43dcda33701d15f6b0379d4385e34685f4c10f/488x274/web/THEAMERICASUNITEDSTATESOFAMERICAFLORIDADES_000207INTERNATIONALDRIVEQUALITYINNINTERNATIONAL.jpg</mainSrc>
							<mime>image/jpeg</mime>
							<size>medium</size>
						</mediaData>
					</galleryImages>
				</facilityData>
				<facilityData>
					<name>2 outdoor pools</name>
					<facilityType>Outdoor pool</facilityType>
					<features>
						<feature>
							<code>description</code>
							<value>You'll have the choice of two pools here. They're an ideal place to relax after a day at the theme parks. Both pools are heated on a seasonal basis.</value>
						</feature>
						<feature>
							<code>priority</code>
							<value>1</value>
						</feature>
					</features>
					<galleryImages>
						<mediaData>
							<mainSrc>http://newmedia.thomson.co.uk/live/vol/1/917311d37ce4e46ecb0634253ae973c24a21ab5b/488x274/web/THEAMERICASUNITEDSTATESOFAMERICAFLORIDADES_000207INTERNATIONALDRIVEQUALITYINNINTERNATIONAL.jpg</mainSrc>
							<mime>image/jpeg</mime>
							<size>medium</size>
						</mediaData>
						<mediaData>
							<mainSrc>http://newmedia.thomson.co.uk/live/vol/1/917311d37ce4e46ecb0634253ae973c24a21ab5b/232x130/web/THEAMERICASUNITEDSTATESOFAMERICAFLORIDADES_000207INTERNATIONALDRIVEQUALITYINNINTERNATIONAL.jpg</mainSrc>
							<mime>image/jpeg</mime>
							<size>small</size>
						</mediaData>
						<mediaData>
							<mainSrc>http://newmedia.thomson.co.uk/live/vol/1/917311d37ce4e46ecb0634253ae973c24a21ab5b/1080x608/web/THEAMERICASUNITEDSTATESOFAMERICAFLORIDADES_000207INTERNATIONALDRIVEQUALITYINNINTERNATIONAL.jpg</mainSrc>
							<mime>image/jpeg</mime>
							<size>xlarge</size>
						</mediaData>
						<mediaData>
							<mainSrc>http://newmedia.thomson.co.uk/live/vol/1/917311d37ce4e46ecb0634253ae973c24a21ab5b/658x370/web/THEAMERICASUNITEDSTATESOFAMERICAFLORIDADES_000207INTERNATIONALDRIVEQUALITYINNINTERNATIONAL.jpg</mainSrc>
							<mime>image/jpeg</mime>
							<size>large</size>
						</mediaData>
						<mediaData>
							<mainSrc>http://newmedia.thomson.co.uk/live/vol/1/6c238d82c817c71d5b7b4769273d370b3f76e2d8/658x370/web/THEAMERICASUNITEDSTATESOFAMERICAFLORIDADES_000207INTERNATIONALDRIVEQUALITYINNINTERNATIONAL.jpg</mainSrc>
							<mime>image/jpeg</mime>
							<size>large</size>
						</mediaData>
						<mediaData>
							<mainSrc>http://newmedia.thomson.co.uk/live/vol/1/6c238d82c817c71d5b7b4769273d370b3f76e2d8/232x130/web/THEAMERICASUNITEDSTATESOFAMERICAFLORIDADES_000207INTERNATIONALDRIVEQUALITYINNINTERNATIONAL.jpg</mainSrc>
							<mime>image/jpeg</mime>
							<size>small</size>
						</mediaData>
						<mediaData>
							<mainSrc>http://newmedia.thomson.co.uk/live/vol/1/6c238d82c817c71d5b7b4769273d370b3f76e2d8/1080x608/web/THEAMERICASUNITEDSTATESOFAMERICAFLORIDADES_000207INTERNATIONALDRIVEQUALITYINNINTERNATIONAL.jpg</mainSrc>
							<mime>image/jpeg</mime>
							<size>xlarge</size>
						</mediaData>
						<mediaData>
							<mainSrc>http://newmedia.thomson.co.uk/live/vol/1/6c238d82c817c71d5b7b4769273d370b3f76e2d8/488x274/web/THEAMERICASUNITEDSTATESOFAMERICAFLORIDADES_000207INTERNATIONALDRIVEQUALITYINNINTERNATIONAL.jpg</mainSrc>
							<mime>image/jpeg</mime>
							<size>medium</size>
						</mediaData>
					</galleryImages>
				</facilityData>
				<facilityData>
					<name>Free Wi-Fi zones</name>
					<facilityType>Free Wi-Fi</facilityType>
					<features>
						<feature>
							<code>description</code>
							<value>You'll be able to pick up a connection for free in your room.</value>
						</feature>
						<feature>
							<code>priority</code>
							<value>0</value>
						</feature>
					</features>
					<galleryImages/>
				</facilityData>
				<facilityData>
					<name>Fitness room*</name>
					<facilityType>Gym</facilityType>
					<features>
						<feature>
							<code>priority</code>
							<value>0</value>
						</feature>
					</features>
					<galleryImages/>
				</facilityData>
				<facilityData>
					<name>Coin-operated laundry*</name>
					<facilityType>Laundry service</facilityType>
					<features>
						<feature>
							<code>priority</code>
							<value>0</value>
						</feature>
					</features>
					<galleryImages/>
				</facilityData>
				<facilityData>
					<name>Shuttle service</name>
					<facilityType>Shuttle bus</facilityType>
					<features>
						<feature>
							<code>description</code>
							<value>Free scheduled shuttle to Universal Orlando&lt;sup>®&lt;/sup> Resort, SeaWorld&lt;sup>®&lt;/sup> Orlando, Wet 'n Wild Orlando&lt;sup>®&lt;/sup> and Aquatica™. Transportation to Walt Disney World Resort is available at a charge, payable locally</value>
						</feature>
						<feature>
							<code>priority</code>
							<value>0</value>
						</feature>
					</features>
					<galleryImages/>
				</facilityData>
			</facilities>
			<galleryImages/>
			<rooms/>
			<geoHierarchy>
				<categories>
					<categoryData>
						<code>NNN</code>
						<name>North America</name>
						<hierarchyType>CONTINENT</hierarchyType>
						<hierarchyLevel>0</hierarchyLevel>
						<subCategories>
							<categoryData>
								<code>USA</code>
								<name>United States Of America</name>
								<hierarchyType>COUNTRY</hierarchyType>
								<hierarchyLevel>1</hierarchyLevel>
								<subCategories>
									<categoryData>
										<code>000207</code>
										<name>Florida</name>
										<hierarchyType>REGION</hierarchyType>
										<hierarchyLevel>2</hierarchyLevel>
										<subCategories>
											<categoryData>
												<code>000210</code>
												<name>Orlando</name>
												<hierarchyType>DESTINATION</hierarchyType>
												<hierarchyLevel>3</hierarchyLevel>
												<subCategories>
													<categoryData>
														<code>000208</code>
														<name>International Drive</name>
														<hierarchyType>RESORT</hierarchyType>
														<hierarchyLevel>4</hierarchyLevel>
													</categoryData>
												</subCategories>
											</categoryData>
										</subCategories>
									</categoryData>
								</subCategories>
							</categoryData>
						</subCategories>
					</categoryData>
				</categories>
			</geoHierarchy>
			<boardBasis>
				<boardBasisData>
					<code>RO</code>
					<name>Room Only</name>
					<features>
						<feature>
							<code>lunch_included</code>
							<value>N</value>
						</feature>
						<feature>
							<code>drinks_included</code>
							<value>N</value>
						</feature>
						<feature>
							<code>snacks_included</code>
							<value>N</value>
						</feature>
						<feature>
							<code>dinner_included</code>
							<value>N</value>
						</feature>
						<feature>
							<code>breakfast_included</code>
							<value>N</value>
						</feature>
					</features>
				</boardBasisData>
				<boardBasisData>
					<code>BB</code>
					<name>Bed and Breakfast</name>
					<features>
						<feature>
							<code>lunch_included</code>
							<value>N</value>
						</feature>
						<feature>
							<code>snacks_included</code>
							<value>N</value>
						</feature>
						<feature>
							<code>drinks_included</code>
							<value>N</value>
						</feature>
						<feature>
							<code>dinner_included</code>
							<value>N</value>
						</feature>
						<feature>
							<code>breakfast_included</code>
							<value>Y</value>
						</feature>
						<feature>
							<code>meals_description</code>
							<value>Buffet breakfast.</value>
						</feature>
					</features>
				</boardBasisData>
			</boardBasis>
			<features>
				<feature>
					<code>overview_2_new</code>
					<value>When you’re not enjoying the parks, you’ve got two pools to relax by. There’s a playground and a games room for children, too, plus a couple of food and drink options.</value>
				</feature>
				<feature>
					<code>noOfBuildings</code>
					<value>2</value>
				</feature>
				<feature>
					<code>tripadvisor_id</code>
					<value>88235</value>
				</feature>
				<feature>
					<code>latitude</code>
					<value>28.452623549</value>
				</feature>
				<feature>
					<code>overview_1_new</code>
					<value>The Rosen Inn International Drive used to be known as the Quality Inn International. It’s just a few minutes’ drive from Walt Disney World, Universal Orlando&lt;sup>®&lt;/sup> Resort, SeaWorld&lt;sup>®&lt;/sup> Orlando and Wet 'n Wild&lt;sup>®&lt;/sup>. The hotel runs a free shuttle bus to most of them.</value>
				</feature>
				<feature>
					<code>food_drink_1_new</code>
					<value>The Fountain View restaurant lays on all-you-can-eat buffets at breakfast and dinner time. The Topsy Turvey Lounge, meanwhile, is the place to go to order chicken wing platters, shoot pool, and watch sports on the big TV.</value>
				</feature>
				<feature>
					<code>locationInformation</code>
					<value>Right on I-Drive</value>
				</feature>
				<feature>
					<code>usps</code>
					<value>International Drive setting</value>
				</feature>
				<feature>
					<code>airCon</code>
					<value>Yes</value>
				</feature>
				<feature>
					<code>introduction</code>
					<value>The Rosen Inn International Drive used to be known as the Quality Inn International. It’s just a few minutes’ drive from Walt Disney World, Universal Orlando&lt;sup>®&lt;/sup> Resort, SeaWorld&lt;sup>®&lt;/sup> Orlando and Wet 'n Wild&lt;sup>®&lt;/sup>. The hotel runs a free shuttle bus to most of them.&lt;br />&lt;br /> When you’re not enjoying the parks, you’ve got two pools to relax by. There’s a playground and a games room for children, too, plus a couple of food and drink options.</value>
				</feature>
				<feature>
					<code>longitude</code>
					<value>-81.472039819</value>
				</feature>
				<feature>
					<code>noOfrooms</code>
					<value>728</value>
				</feature>
				<feature>
					<code>food_drink_2_new</code>
					<value>The hotel has a mini-market and deli, which serves sub sandwiches, baked treats, and hot dogs until late, so you don’t have to go hungry if you get back from the parks late.</value>
				</feature>
				<feature>
					<code>entertainment_1_new</code>
					<value>There are cocktail bars, karaoke joints and minigolf courses open until the early hours on International Drive.</value>
				</feature>
				<feature>
					<code>roomsOverview</code>
					<value>Rooms here are comfy and cosy with all the essentials such as air-conditioning, Wi-Fi*, cable TV, and a fridge. Double rooms sleep up to 4 or 5 with a rollaway bed. Single rooms are available.</value>
				</feature>
				<feature>
					<code>facilitiesOverview</code>
					<value>When you're feeling peckish, there's a buffet restaurant, a sports bar where you can grab a burger and watch the game on TV, and a deli for a quick sandwich or pastry. If you like to work out, there's an exercise room. The kids have a paddling pool, playground and a games arcade to keep them busy. And there are two pools where you can take a dip.</value>
				</feature>
				<feature>
					<code>officialRating</code>
					<value>3 Star</value>
				</feature>
				<feature>
					<code>noOfFloors</code>
					<value>6</value>
				</feature>
				<feature>
					<code>noOfLifts</code>
					<value>5</value>
				</feature>
				<feature>
					<code>noOfBars</code>
					<value>1</value>
				</feature>
				<feature>
					<code>name</code>
					<value>Rosen Inn International Drive</value>
				</feature>
				<feature>
					<code>sport_activities_1_new</code>
					<value>There’s a playground for children, and a games room for teens. When you fancy spending time in the theme parks, hop on the hotel shuttle bus – it’ll take you to Walt Disney World and the Universal Orlando&lt;sup>®&lt;/sup> Resort.&lt;strong>&lt;br /> &lt;br /> &lt;/strong></value>
				</feature>
				<feature>
					<code>pool_scene_1_new</code>
					<value>You’ve got a choice of two swimming pools here. They’re haloed by palm trees and manicured gardens.</value>
				</feature>
				<feature>
					<code>tRating</code>
					<value>3</value>
				</feature>
				<feature>
					<code>noOfPools</code>
					<value>2</value>
				</feature>
				<feature>
					<code>noOfRestaurants</code>
					<value>2</value>
				</feature>
			</features>
			<reviews>
				<review>
					<source>Trip advisor</source>
					<reviewRating>0.0</reviewRating>
					<reviewCount>4727</reviewCount>
					<reviewBarURL>http://www.tripadvisor.com/img/cdsi/img2/ratings/traveler/4.0-17552-5.png</reviewBarURL>
					<reviewsURL>http://www.tripadvisor.com/Hotel_Review-g34515-d88235-Reviews-m17552-Rosen_Inn_International-Orlando_Florida.html</reviewsURL>
				</review>
				<review>
					<source>TUI</source>
					<reviewRating>3</reviewRating>
					<reviewCount>0</reviewCount>
				</review>
			</reviews>
		</Accommodation>
	</ns0:TILAccommodationResponse>
</outputMessage>