<?xml version = "1.0" encoding = "UTF-8"?>
<inputMessage>
	<ns0:Request xmlns:ns0 = "http://tuiuk.com/xsd/interface/accommodation/request/v1">
		<ns0:Accomm_Cd>001966</ns0:Accomm_Cd>
		<ns0:BrandName>TH</ns0:BrandName>
	</ns0:Request>
	<headers>
		<Header.context>
			<ns0:MessageContext TimeToLive = "0" messageID = "1453273216266" messageType = "REQUEST" timestamp = "2016-01-20T12:30:16.27+05:30" xmlns:ns0 = "http://tuiuk.com/xsd/resource/tib/messagecontext/v1">
				<ns0:CorrelationID>1453273216266</ns0:CorrelationID>
				<ns0:TransactionID>1453273216266</ns0:TransactionID>
				<ns0:BusinessKey>001966</ns0:BusinessKey>
				<ns0:ApplicationID>TUIGroup</ns0:ApplicationID>
				<ns0:ServiceInstanceID>LegoUKEntityService</ns0:ServiceInstanceID>
				<ns0:SourceProcess>TestCallAccommodation</ns0:SourceProcess>
				<ns0:ApplicationService>LocationContentService</ns0:ApplicationService>
			</ns0:MessageContext>
		</Header.context>
	</headers>
</inputMessage>