<?xml version = "1.0" encoding = "UTF-8"?>
<outputMessage>
	<ns0:TILAirportContentResponse xmlns:SOAP-ENV = "http://schemas.xmlsoap.org/soap/envelope/" xmlns:ns0 = "http://tuiuk.com/xsd/interface/airportcontentdata/response/v1">
		<ns1:TUIEnvelopeHeader xmlns:ns1 = "Schema/TILResponse">
			<ns1:ServiceName>AirportContents_v1</ns1:ServiceName>
			<ns1:OperationName>GetAirportContentData</ns1:OperationName>
			<ns1:RequestTimestamp>2016-01-22T11:34:31.234Z</ns1:RequestTimestamp>
			<ns1:ResponseTimestamp>2016-01-22T11:34:31.281Z</ns1:ResponseTimestamp>
		</ns1:TUIEnvelopeHeader>
		<ns0:airportsData>
			<ns0:airports>
				<ns0:airportContent>
					<ns0:code>KGS</ns0:code>
					<ns0:name>Kos</ns0:name>
					<ns0:latitude>36.79469</ns0:latitude>
					<ns0:longitude>27.09172</ns0:longitude>
				</ns0:airportContent>
			</ns0:airports>
		</ns0:airportsData>
	</ns0:TILAirportContentResponse>
</outputMessage>