{
  "_meta":{
    "version":{
      "api":"V1",
      "implementation":"V1"
    }
  },
  "bookings":{
    "bookingRef":"33081",
    "status":"Pre-Holiday",
    "booking":[
      {
        "reservationCode":"33081",
        "brand":"TH",
        "passengers":[
          {
            "fullName":"Mr Sada Martin",
            "title":"Mr",
            "firstName":"Sada",
            "surname":"Martin",
            "leadBookerIndicator":true
          },
          {
            "fullName":"Mrs Vijaya Martin",
            "title":"Mrs",
            "firstName":"Vijaya",
            "surname":"Martin",
            "leadBookerIndicator":false
          },
          {
            "fullName":"Miss Nikitha Martin",
            "title":"Miss",
            "firstName":"Nikitha",
            "surname":"Martin",
            "leadBookerIndicator":false
          }
        ],
        "infoList":[
          {
            "order":1,
            "key":"startDate",
            "type":"date",
            "title":"startDate",
            "value":[
              "2016-05-17T00:00:00"
            ]
          },
          {
            "order":2,
            "key":"endDate",
            "type":"date",
            "title":"endDate",
            "value":[
              "2016-05-25T00:00:00"
            ]
          }
        ],
        "productDetails":{
          "accommodation":[
            {
              "productType":"hotel",
              "serviceId":"hotel-264811",
              "name":"Alice Springs Hotel and Apartments",
              "startDate":"2016-05-17T00:00:00",
              "endDate":"2016-05-24T00:00:00",
              "starRatingCodeName":"C Class",
              "rooms":[
                {
                  "name":"Twin Room",
                  "roomTypeId":"TW03",
                  "boardName":"Twin Room with Terrace"
                }
              ]
            }
          ],
          "transport":[
            {
              "productType":"flight",
              "serviceId":"flight-264809",
              "departureDateTime":"2016-05-17T14:15:00",
              "departureAirportCode":"MAN",
              "departureAirportName":"Manchester Airport",
              "arrivalDateTime":"2016-05-17T18:25:00",
              "arrivalAirportCode":"KGS",
              "arrivalAirportName":"Kos, Ippokratis Airport"
            },
            {
              "productType":"flight",
              "serviceId":"flight-264810",
              "departureDateTime":"2016-05-24T19:40:00",
              "departureAirportCode":"KGS",
              "departureAirportName":"Kos, Ippokratis Airport",
              "arrivalDateTime":"2016-05-25T00:05:00",
              "arrivalAirportCode":"MAN",
              "arrivalAirportName":"Manchester Airport"
            }
          ]
        }
      }
    ]
  }
}
