{
  "_meta":{
    "version":{
      "api":"V1",
      "implementation":"V1"
    }
  },
  "bookings":{
    "bookingRef":"33081",
    "status":"Pre-Holiday",
    "booking":[
      {
        "reservationCode":"33081",
        "brand":"TH",
        "passengers":[
          {
            "fullName":"Mr Sada Martin",
            "title":"Mr",
            "firstName":"Sada",
            "surname":"Martin",
            "leadBookerIndicator":true
          },
          {
            "fullName":"Mrs Vijaya Martin",
            "title":"Mrs",
            "firstName":"Vijaya",
            "surname":"Martin",
            "leadBookerIndicator":false
          },
          {
            "fullName":"Miss Nikitha Martin",
            "title":"Miss",
            "firstName":"Nikitha",
            "surname":"Martin",
            "leadBookerIndicator":false
          }
        ],
        "infoList":[
          {
            "order":1,
            "key":"startDate",
            "type":"date",
            "title":"startDate",
            "value":[
              "2016-05-17T00:00:00"
            ]
          },
          {
            "order":2,
            "key":"endDate",
            "type":"date",
            "title":"endDate",
            "value":[
              "2016-05-25T00:00:00"
            ]
          }
        ],
        "productDetails":{
          "accommodation":[
            {
              "productType":"hotel",
              "serviceId":"hotel-264811",
              "name":"Alice Springs Hotel and Apartments",
              "countryName":"Greece",
              "geoCoords":{
                "latitude":36.8919,
                "longitude":27.2883
              },
              "carousel":{
                "text":"This family-run place has a 2013 Certificate of Excellence from TripAdvisor. It comes with a good-sized pool and a bar that does snacks during the day. And there are barbecue and quiz nights, too. The nearest beach is less than 2 minutes away on foot, and you\u2019ll find shops and bars just outside the front door. Plus, the centre of Kos Town is only a 20-minute stroll along the seafront."
              },
              "keyFeatures":[
                "free wi-fi"
              ],
              "infoList":[
                {
                  "order":1,
                  "key":"checkInDate",
                  "type":"datetime",
                  "title":"screen.productDetails.hotel.info.startDate",
                  "value":[
                    "2016-05-17"
                  ]
                },
                {
                  "order":2,
                  "key":"checkOutDate",
                  "type":"datetime",
                  "title":"screen.productDetails.hotel.info.endDate",
                  "value":[
                    "2016-05-24"
                  ]
                },
                {
                  "order":3,
                  "key":"Duration",
                  "type":"string",
                  "title":"screen.productDetails.hotel.info.usp",
                  "value":[
                    "7 Nights."
                  ]
                }
              ],
              "infoSections":[
                {
                  "name":"overview",
                  "title":"Overview",
                  "texts":[
                    {
                      "title":"",
                      "info":[
                        {
                          "list":[
                            "This family-run place has a 2013 Certificate of Excellence from TripAdvisor. It comes with a good-sized pool and a bar that does snacks during the day. And there are barbecue and quiz nights, too.",
                            "The nearest beach is less than 2 minutes away on foot, and you\u2019ll find shops and bars just outside the front door. Plus, the centre of Kos Town is only a 20-minute stroll along the seafront."
                          ]
                        }
                      ]
                    }
                  ]
                },
                {
                  "name":"meal",
                  "title":"Meal",
                  "texts":[
                    {
                      "title":"",
                      "info":[
                        {
                          "list":[
                            "There\u2019s a weekly lamb night* where the slow-cooked kleftiko is a must-try. Then there\u2019s the barbecue night*, where local dishes are served straight from the grill."
                          ]
                        }
                      ]
                    }
                  ]
                },
                {
                  "name":"entertainment",
                  "title":"Entertainment",
                  "texts":[
                    {
                      "title":"",
                      "info":[
                        {
                          "list":[
                            "The owners host popular quiz and bingo nights in the poolside bar*."
                          ]
                        }
                      ]
                    }
                  ]
                },
                {
                  "name":"location",
                  "title":"Location",
                  "texts":[
                    {
                      "title":"",
                      "info":[
                        {
                          "list":[
                            "80m to sand and shingle shores of Lambi Beach"
                          ]
                        }
                      ]
                    }
                  ]
                },
                {
                  "name":"swimmingPool",
                  "title":"Swimming Pool",
                  "texts":[
                    {
                      "title":"",
                      "info":[
                        {
                          "list":[
                            "The pool is a good size for a small hotel, and it comes with a separate, shallow section for children. Around the water there\u2019s a pristine, white-paved sun terrace, and it backs on to well-kept gardens.",
                            "The pool bar* serves breakfast and home-made snacks like sandwiches, salads and other light dishes."
                          ]
                        }
                      ]
                    }
                  ]
                },
                {
                  "name":"resort introduction",
                  "title":"Resort Introduction",
                  "texts":[
                    {
                      "title":"",
                      "info":[
                        {
                          "list":[
                            "Spectacular scenery",
                            "With a coastline that unravels for over 290 kilometres, Kos has more than its fair share of beaches. They come in all shapes and sizes, from golden swathes backed by beach bars, to hidden bays and little-known coves. The island\u2019s good looks don\u2019t end with its shores, either. Inland, whitewashed villages spill down the hillsides and wild flowers blanket the fields. Then there\u2019s Mount Dikeos, whose slopes are peppered with pine forests and castles.",
                            "With a coastline that unravels for over 290 kilometres, Kos has more than its fair share of beaches. They come in all shapes and sizes, from golden swathes backed by beach bars, to hidden bays and little-known coves. The island\u2019s good looks don\u2019t end with its shores, either. Inland, whitewashed villages spill down the hillsides and wild flowers blanket the fields. Then there\u2019s Mount Dikeos, whose slopes are peppered with pine forests and castles.",
                            "Party towns",
                            "In terms of where to stay, Kos has two very different sides to it. Kardamena is the best place to head for nightlife \u2013 its streets are packed with karaoke bars, English pubs and strobe-lit clubs. The cosmopolitan capital, Kos Town, is also lively, with holidays here revolving around lantern-lit dinners by the harbour-side, and cocktails and dancing in the bars of the backstreets.",
                            "Low-key resorts",
                            "Kefalos combines old and new. At first glance it\u2019s thoroughly traditional, with its sugar-cube houses, ancient ruins and timeworn windmills. But it\u2019s also home to the purpose-built resort of Kamari, which is bubbling with cafés, bars and restaurants. If you want to keep things low-key, Psalidi is another good option. There\u2019s little more than a golden sandy beach and a sprinkle of tavernas and shops here."
                          ]
                        }
                      ]
                    }
                  ]
                }
              ]
            }
          ],
          "transport":[
            {
              "productType":"flight",
              "serviceId":"flight-264809",
              "departureDateTime":"2016-05-17T14:15:00",
              "departureAirportCode":"MAN",
              "departureAirportName":"Manchester Airport",
              "arrivalDateTime":"2016-05-17T18:25:00",
              "arrivalAirportCode":"KGS",
              "arrivalAirportName":"Kos, Ippokratis Airport",
              "flightDetails":{
                "sectors":[
                  {
                    "departureDateTime":"2016-05-17T14:15:00",
                    "departureAirportDetails":{
                      "airportName":"Manchester Airport",
                      "airportCode":"MAN",
                      "airportLocation":{
                        "latitude":53.362779,
                        "longitude":-2.274471
                      }
                    },
                    "arrivalDateTime":"2016-05-17T18:25:00",
                    "arrivalAirportDetails":{
                      "airportName":"Kos, Ippokratis Airport",
                      "airportCode":"KGS",
                      "airportLocation":{
                        "latitude":36.79469,
                        "longitude":27.09172
                      }
                    },
                    "carrierName":"Thomson Airways",
                    "carrierCode":"TOM",
                    "flightNumber":"2258"
                  }
                ],
                "luggage":[
                  ""
                ]
              }
            },
            {
              "productType":"flight",
              "serviceId":"flight-264810",
              "departureDateTime":"2016-05-24T19:40:00",
              "departureAirportCode":"KGS",
              "departureAirportName":"Kos, Ippokratis Airport",
              "arrivalDateTime":"2016-05-25T00:05:00",
              "arrivalAirportCode":"MAN",
              "arrivalAirportName":"Manchester Airport",
              "flightDetails":{
                "sectors":[
                  {
                    "departureDateTime":"2016-05-24T19:40:00",
                    "departureAirportDetails":{
                      "airportName":"Kos, Ippokratis Airport",
                      "airportCode":"KGS",
                      "airportLocation":{
                        "latitude":36.79469,
                        "longitude":27.09172
                      }
                    },
                    "arrivalDateTime":"2016-05-25T00:05:00",
                    "arrivalAirportDetails":{
                      "airportName":"Manchester Airport",
                      "airportCode":"MAN",
                      "airportLocation":{
                        "latitude":53.362779,
                        "longitude":-2.274471
                      }
                    },
                    "carrierName":"Thomson Airways",
                    "carrierCode":"TOM",
                    "flightNumber":"2259"
                  }
                ]
              }
            }
          ]
        },
        "destinations":[
          {
            "destinationInfo":[
              {
                "id":"000899",
                "name":"Kos"
              }
            ],
            "destinationType":"DESTINATION",
            "title":"Kos",
            "destinationMap":{
              "latitude":36.89033016,
              "longitude":27.284545898
            },
            "carousel":"",
            "infoSections":[
              {
                "name":"overview",
                "id":"Overview",
                "texts":[
                  {
                    "title":"",
                    "info":[
                      {
                        "list":[
                          "Spectacular scenery",
                          "With a coastline that unravels for over 290 kilometres, Kos has more than its fair share of beaches. They come in all shapes and sizes, from golden swathes backed by beach bars, to hidden bays and little-known coves. The island\u2019s good looks don\u2019t end with its shores, either. Inland, whitewashed villages spill down the hillsides and wild flowers blanket the fields. Then there\u2019s Mount Dikeos, whose slopes are peppered with pine forests and castles.",
                          "With a coastline that unravels for over 290 kilometres, Kos has more than its fair share of beaches. They come in all shapes and sizes, from golden swathes backed by beach bars, to hidden bays and little-known coves. The island\u2019s good looks don\u2019t end with its shores, either. Inland, whitewashed villages spill down the hillsides and wild flowers blanket the fields. Then there\u2019s Mount Dikeos, whose slopes are peppered with pine forests and castles.",
                          "Party towns",
                          "In terms of where to stay, Kos has two very different sides to it. Kardamena is the best place to head for nightlife \u2013 its streets are packed with karaoke bars, English pubs and strobe-lit clubs. The cosmopolitan capital, Kos Town, is also lively, with holidays here revolving around lantern-lit dinners by the harbour-side, and cocktails and dancing in the bars of the backstreets.",
                          "Low-key resorts",
                          "Kefalos combines old and new. At first glance it\u2019s thoroughly traditional, with its sugar-cube houses, ancient ruins and timeworn windmills. But it\u2019s also home to the purpose-built resort of Kamari, which is bubbling with cafés, bars and restaurants. If you want to keep things low-key, Psalidi is another good option. There\u2019s little more than a golden sandy beach and a sprinkle of tavernas and shops here."
                        ]
                      }
                    ]
                  }
                ]
              },
              {
                "name":"beaches",
                "id":"Beaches",
                "texts":[
                  {
                    "title":"",
                    "info":[
                      {
                        "list":[
                          "Kos\u2019 coastline",
                          "With a coastline that stretches for nearly 300 kilometres, Kos serves up the complete set of sandy swathes. You\u2019ve got everything from sleepy coves sandwiched by cliffs to ribbons of sand backed by restaurants of every persuasion. If you\u2019re into watersports, head for the north coast, where the breeze is a bit stronger.",
                          "The big beach",
                          "Kardamena Beach is the busiest on the island, and it\u2019s got facilities that cater for everyone. Revellers drop by to enjoy fry-ups on the promenade, families come to paddle in the gentle waters, and locals call in to show off their watersports skills. If you want to escape the crowds, catch a boat to Nisyros Island, a peaceful sanctuary just offshore.",
                          "The secret beach",
                          "Helona Beach is about 10 minutes from Kardamena Beach. It\u2019s usually overlooked in favour of its better-known neighbour, which means it\u2019s lovely and peaceful. It\u2019s backed by nothing but hills and a couple of boutique hotels, and gives way to a string of coastal paths that were made for long walks."
                        ]
                      }
                    ]
                  }
                ]
              },
              {
                "name":"eating out",
                "id":"Eating Out",
                "texts":[
                  {
                    "title":"",
                    "info":[
                      {
                        "list":[
                          "Posa cheese",
                          "Creamy goats\u2019 cheese is fermented in rich red wine to create this local speciality, which is rich in colour and flavour. The cheese, also known as \u2018wine cheese\u2019, is served as an appetiser in Kos, alongside other meze dishes like vine leaves and mixed olives.",
                          "Sweet tomatoes",
                          "This dish falls into the \u2018simple pleasures\u2019 category. Locals stew Kos\u2019 home-grown tomatoes in a thick syrup until they\u2019re sweet enough to eat. There are a million and one ways to serve the finished product \u2013 some of the more popular ones include using it as a filling in a savoury pie or piling it on crunchy bread to form a bruschetta.",
                          "Gyros",
                          "Kiosks all over the island serve this snack to people on the go every day. To make it, the meat \u2013 usually lamb or beef \u2013 is slow cooked, and then sliced and wrapped in doughy pitta bread. The pitta is then also stuffed with chopped onions, plum tomatoes and a generous helping of tzatziki dip.",
                          "Pligouri",
                          "This is a dinnertime staple in Kos. Fluffy bulgur meat is mixed with tender chunks of meat or, if you\u2019re creating a vegetarian version, vegetables like aubergine and tomato, to create a sort of pilaf. Garlic, dill and mint add extra flavour, while a dollop of plain yoghurt finishes things off nicely.",
                          "This very dry white wine, which has been produced for more than 2,000 years, has a really distinctive taste \u2013 think fruity with a hint of pine tree resin. If you take a sip and you\u2019re not sure about it, dilute the flavour by adding some soda or lemonade."
                        ]
                      }
                    ]
                  }
                ]
              },
              {
                "name":"night Life",
                "id":"Night Life",
                "texts":[
                  {
                    "title":"",
                    "info":[
                      {
                        "list":[
                          "For strobe-lit nightclubs, karaoke bars and funky discos, Kardamena is right on the money. &lt;strong>Bar Street&lt;/strong> and the side roads leading off it offer the best choice. For something a bit more upmarket, give Kos Town a go. The cosmopolitan clubs and cocktail bars around &lt;strong>Daikon&lt;/strong> and &lt;strong>Nafklirou Street&lt;/strong> wouldn\u2019t look out of place in Covent Garden.",
                          "For long, leisurely suppers, try Psalidi \u2013 there are some great seafood restaurants lining the promenade. If you\u2019re staying in Kefalos, meanwhile, have dinner in the town centre, then wander the cobbled streets of &lt;strong>Old Kefalos&lt;/strong>, where local musicians tend to perform in the evenings."
                        ]
                      }
                    ]
                  }
                ]
              },
              {
                "name":"shopping",
                "id":"Shopping",
                "texts":[
                  {
                    "title":"",
                    "info":[
                      {
                        "list":[
                          "Kos Town is the best place for a blowout. The narrow streets winding up from the harbour are great for picking up oil paintings and ceramics, and in &lt;strong>Eleftherias Square&lt;/strong>, you can get good quality wine and cigars. You\u2019ll find individual boutiques in the old town, as well as well-known designer names like Tommy Hilfiger. Over in Kefalos, meanwhile, there are a few good leather boutiques."
                        ]
                      }
                    ]
                  }
                ]
              },
              {
                "name":"when to go",
                "id":"When To Go",
                "texts":[
                  {
                    "title":"",
                    "info":[
                      {
                        "list":[
                          "The temperature in Kos start to climb in May, and in the hottest months \u2013 July and August \u2013 the mercury rarely dips below the 30 mark. Rain clouds are a rarity, and you can expect around 13 hours of sunlight a day from spring through to October."
                        ]
                      }
                    ]
                  }
                ]
              },
              {
                "name":"flight duration",
                "id":"Flight Duration",
                "texts":[
                  {
                    "title":"",
                    "info":[
                      {
                        "list":[
                          "3 hours 45 minutes from Gatwick"
                        ]
                      }
                    ]
                  }
                ]
              }
            ]
          },
          {
            "destinationInfo":[
              {
                "id":"GRC",
                "name":"Greece"
              }
            ],
            "destinationType":"COUNTRY",
            "title":"Greece",
            "destinationMap":{
              "latitude":39.207028,
              "longitude":21.815739
            },
            "carousel":"",
            "infoSections":[
              {
                "name":"overview",
                "id":"Overview",
                "texts":[
                  {
                    "title":"",
                    "info":[
                      {
                        "list":[
                          "Grecian charms",
                          "Pulling in more than 13 million tourists every year, Greece is one of the world\u2019s most popular holiday spots. And it\u2019s not hard to see why. Spotless sands, centuries of history, and traditional sugar-cube towns are just the start of what the country has to offer.",
                          "Pulling in more than 13 million tourists every year, Greece is one of the world\u2019s most popular holiday spots. And it\u2019s not hard to see why. Spotless sands, centuries of history, and traditional sugar-cube towns are just the start of what the country has to offer.",
                          "Big-name islands",
                          "The biggest of the Greek islands is Crete, which boasts 650 miles of coastline and some impressive historical sights. Corfu \u2013 AKA the Emerald Isle \u2013 is known for its lush interior. Rhodes, meanwhile, gets the prize for the best sunshine record in these parts. As for Kos and Zante, they do a great line in beaches and have impressive after-dark scenes.",
                          "Lesser-known isles",
                          "Santorini, Mykonos and Skiathos have all put a cosmopolitan gloss on the classic Greek combination of sun, sea and sand, while Kefalonia and Skopelos offer up beautiful beaches and laid-back towns. Thassos and Samos like to stay out of the spotlight \u2013 the beaches here are footprint-free and cypress trees are the only high rises you\u2019ll find.",
                          "Mainland hotspots",
                          "If you want to stay on the mainland, consider Halkidiki or Parga \u2013 they\u2019re great springboards for exploring the rest of the country."
                        ]
                      }
                    ]
                  }
                ]
              },
              {
                "name":"when to go",
                "id":"When To Go",
                "texts":[
                  {
                    "title":"",
                    "info":[
                      {
                        "list":[
                          "You\u2019re all but guaranteed good weather in Greece in the summer. Temperatures are usually in the 30s, plus you can expect about 12 hours of sunshine a day. And as for rain, you\u2019ll hardly see a drop in July and August. If you prefer things a bit cooler, spring and autumn see plenty of sun, but temperatures are a bit more comfortable, in the mid-20s. These shoulder months are a great time to visit if you\u2019re into walking or sightseeing, as it\u2019s not too hot, even in the peak of the day. You might experience some rain showers from time to time, too."
                        ]
                      }
                    ]
                  }
                ]
              },
              {
                "name":"flight duration",
                "id":"Flight Duration",
                "texts":[
                  {
                    "title":"",
                    "info":[
                      {
                        "list":[
                          "From 3 hours to 4 hours for Gatwick"
                        ]
                      }
                    ]
                  }
                ]
              }
            ]
          },
          {
            "destinationInfo":[
              {
                "id":"L24960",
                "name":"South Aegean Islands"
              }
            ],
            "destinationType":"REGION",
            "title":"South Aegean Islands",
            "destinationMap":{
              "latitude":37.072106,
              "longitude":25.392743
            },
            "carousel":"",
            "infoSections":[
              {
                "name":"overview",
                "id":"Overview",
                "texts":[
                  {
                    "title":"",
                    "info":[
                      {
                        "list":[
                          "Southeast Greece",
                          "The South Aegean is one of 13 building blocks that make up Greece. The region stakes its claim on an area of the Aegean Sea on the south east of the Greek mainland, and it wraps its arms around the islands of the Cyclades and the Dodecanese.",
                          "The South Aegean is one of 13 building blocks that make up Greece. The region stakes its claim on an area of the Aegean Sea on the south east of the Greek mainland, and it wraps its arms around the islands of the Cyclades and the Dodecanese.",
                          "The big four",
                          "The South Aegean name drops some of the best known islands in Greece. It\u2019s home to Rhodes, which is the most visited Greek Island, Santorini, which is one of the world\u2019s top honeymoon destinations, and Kos and Mykonos, which are known for their nightlife credentials.",
                          "The beach scene",
                          "The beaches of the South Aegean Islands pack a punch. Kos alone is circled by 290 kilometres of white sandy beaches. Mykonos, meanwhile, lays claim to one of the longest ribbons of sand \u2013 Ellia beach stretches out for eight kilometres.",
                          "Ancient history",
                          "The timeline of this part of the world stretches back to 1200BC. Evidence for this can be found at the Lindos Acropolis in Rhodes, among the winding streets of ancient Thira in Santorini, and at the Asklepieion in Kos, which dates back to the 3rd century BC."
                        ]
                      }
                    ]
                  }
                ]
              },
              {
                "name":"when to go",
                "id":"When To Go",
                "texts":[
                  {
                    "title":"",
                    "info":[
                      {
                        "list":[
                          "Summer sun is pretty much a given in the South Aegean Islands. Rhodes boasts more days of sunshine than any other Greek Island \u2013 a massive 300 a year \u2013 and the average temperature in July and August is 28°C. Over on Kos, you\u2019ll rarely see the mercury dipping below 30 in the summer, and in the spring and autumn, temperatures are still comfortably in the mid-20s. The island gets most of its rain in the winter, too, so summers are nice and dry. Temperatures on Santorini and Mykonos tend to hit the 30°C mark in the summer, but sea breezes tend to take the edge off the heat, especially in the afternoons. Things are a bit cooler in spring and autumn, so they\u2019re great times to visit if you want to sightsee rather than sunbathe."
                        ]
                      }
                    ]
                  }
                ]
              },
              {
                "name":"flight duration",
                "id":"Flight Duration",
                "texts":[
                  {
                    "title":"",
                    "info":[
                      {
                        "list":[
                          "From 3 hours 45 minutes to 4 hours"
                        ]
                      }
                    ]
                  }
                ]
              }
            ]
          }
        ]
      }
    ]
  }
}
