<?xml version = "1.0" encoding = "UTF-8"?>
<outputMessage>
	<ns0:TILLocationContentResponse xmlns:SOAP-ENV = "http://schemas.xmlsoap.org/soap/envelope/" xmlns:ns0 = "http://tuiuk.com/xsd/interface/locationcontentdata/response/v1">
		<ns1:TUIEnvelopeHeader xmlns:ns1 = "Schema/TILResponse">
			<ns1:ServiceName>LocationContents_v1</ns1:ServiceName>
			<ns1:OperationName>GetLocationContentData</ns1:OperationName>
			<ns1:RequestTimestamp>2016-01-22T17:04:31.639+05:30</ns1:RequestTimestamp>
			<ns1:ResponseTimestamp>2016-01-22T11:34:32.138Z</ns1:ResponseTimestamp>
		</ns1:TUIEnvelopeHeader>
		<location xmlns = "http://tuiuk.com/xsd/interface/locationcontentdata/response/v1">
			<code>000907</code>
			<locationType>RESORT</locationType>
			<features>
				<feature>
					<code>ourTip</code>
					<value>Take a 10-minute bus ride to Embros Therma – the warm mineral waters at the beach here should do any aches and pains the world of good.</value>
				</feature>
				<feature>
					<code>costSandwich</code>
					<value>3 to 4 euros</value>
				</feature>
				<feature>
					<code>intro3Title</code>
					<value>Big on sightseeing</value>
				</feature>
				<feature>
					<code>transferTime</code>
					<value>1 hour to 1 hour 30 minutes</value>
				</feature>
				<feature>
					<code>intro3Body</code>
					<value>Unlike some resorts, with Kos Town you don’t have to go far to see the sights – they’re right here. The Romans left quite a bit to see. You’ve got baths, an amphitheatre, an old market place and a gymnasium – a sort of Olympian sports hall. And if you’re more into Medieval, there’s the impressive waterfront castle.</value>
				</feature>
				<feature>
					<code>costWine</code>
					<value>4 euros</value>
				</feature>
				<feature>
					<code>latitude</code>
					<value>36.891634427</value>
				</feature>
				<feature>
					<code>intro2Body</code>
					<value>Kos Town comes with its own little beach – a sandy and pebbly stretch in front of the castle’s Medieval walls. It’s a handy spot because you’ve got cafés and restaurants on hand, and the palm trees here sort out some shade when you need it. And there’s a second option, too – a bigger beach just north of the harbour.</value>
				</feature>
				<feature>
					<code>intro2Title</code>
					<value>Beach life</value>
				</feature>
				<feature>
					<code>costBottleWater</code>
					<value>1 euro</value>
				</feature>
				<feature>
					<code>mini_strapline</code>
					<value>Walk-to-beaches, happy hour cocktails and Roman ruins</value>
				</feature>
				<feature>
					<code>costCoffee</code>
					<value>2 euros</value>
				</feature>
				<feature>
					<code>intro4Title</code>
					<value>Day trips to Bodrum Town</value>
				</feature>
				<feature>
					<code>intro1Title</code>
					<value>An updated resort</value>
				</feature>
				<feature>
					<code>intro1Body</code>
					<value>Way back in the day, the Romans ruled the roost at Kos Town. Set on the northeast coast of Kos, the place still carries their mark in its ancient ruins. It’s not all history here, though. A throbbing nightlife and some of the best beaches on the island in easy reach means there’s plenty of fun to be had in the 21st century.</value>
				</feature>
				<feature>
					<code>intro4Body</code>
					<value>If you fancy seeing a bit of Turkey, Bodrum Town is just a 20-minute ferry trip away. This place has its own castle, filled with ramparts and dungeons to root around – and you’ve got the Museum of Underwater Archaeology inside it, too. It’s a top spot for souvenir shopping and sampling Turkish meze, and you’ve got neon-lit Bar Street for the evening.</value>
				</feature>
				<feature>
					<code>locationInformation</code>
					<value>23km from Kos Airport</value>
				</feature>
				<feature>
					<code>usps</code>
					<value>Spend a day at Lambi Beach</value>
				</feature>
				<feature>
					<code>name</code>
					<value>Kos Town</value>
				</feature>
				<feature>
					<code>commercial_priority</code>
					<value>44</value>
				</feature>
				<feature>
					<code>intro1BodyLink</code>
					<value>Way back in the day, the Romans ruled the roost at Kos Town. Set on the northeast coast of Kos, the place still carries their mark in its ancient ruins. It’s not all history here, though. A throbbing nightlife and some of the best beaches on the island in easy reach means there’s plenty of fun to be had in the 21st century.</value>
				</feature>
				<feature>
					<code>longitude</code>
					<value>27.284545898</value>
				</feature>
			</features>
			<galleryImages>
				<mediaData>
					<mainSrc>http://newmedia.thomson.co.uk/live/vol/2/d60ea6e4a4dae02aa8d1912d512f1558b87c4cad/1080x608/web/EUROPEMEDITERRANEANGREECEKOSDES_000899KOSTOWNRES_000907.jpg</mainSrc>
					<mime>image/jpeg</mime>
					<size>xlarge</size>
					<caption>Kos Town</caption>
				</mediaData>
				<mediaData>
					<mainSrc>http://newmedia.thomson.co.uk/live/vol/2/d60ea6e4a4dae02aa8d1912d512f1558b87c4cad/232x130/web/EUROPEMEDITERRANEANGREECEKOSDES_000899KOSTOWNRES_000907.jpg</mainSrc>
					<mime>image/jpeg</mime>
					<size>small</size>
					<caption>Kos Town</caption>
				</mediaData>
				<mediaData>
					<mainSrc>http://newmedia.thomson.co.uk/live/vol/2/d60ea6e4a4dae02aa8d1912d512f1558b87c4cad/488x274/web/EUROPEMEDITERRANEANGREECEKOSDES_000899KOSTOWNRES_000907.jpg</mainSrc>
					<mime>image/jpeg</mime>
					<size>medium</size>
					<caption>Kos Town</caption>
				</mediaData>
				<mediaData>
					<mainSrc>http://newmedia.thomson.co.uk/live/vol/2/d60ea6e4a4dae02aa8d1912d512f1558b87c4cad/658x370/web/EUROPEMEDITERRANEANGREECEKOSDES_000899KOSTOWNRES_000907.jpg</mainSrc>
					<mime>image/jpeg</mime>
					<size>large</size>
					<caption>Kos Town</caption>
				</mediaData>
				<mediaData>
					<mainSrc>http://newmedia.thomson.co.uk/live/vol/0/4ed702315459b16d7375a666a1089a379243e3a6/488x274/web/EUROPEMEDITERRANEANGREECEKOSDES_000899KOSTOWNRES_000907.jpg</mainSrc>
					<mime>image/jpeg</mime>
					<size>medium</size>
				</mediaData>
				<mediaData>
					<mainSrc>http://newmedia.thomson.co.uk/live/vol/0/4ed702315459b16d7375a666a1089a379243e3a6/232x130/web/EUROPEMEDITERRANEANGREECEKOSDES_000899KOSTOWNRES_000907.jpg</mainSrc>
					<mime>image/jpeg</mime>
					<size>small</size>
				</mediaData>
				<mediaData>
					<mainSrc>http://newmedia.thomson.co.uk/live/vol/0/4ed702315459b16d7375a666a1089a379243e3a6/658x370/web/EUROPEMEDITERRANEANGREECEKOSDES_000899KOSTOWNRES_000907.jpg</mainSrc>
					<mime>image/jpeg</mime>
					<size>large</size>
				</mediaData>
				<mediaData>
					<mainSrc>http://newmedia.thomson.co.uk/live/vol/0/4ed702315459b16d7375a666a1089a379243e3a6/1080x608/web/EUROPEMEDITERRANEANGREECEKOSDES_000899KOSTOWNRES_000907.jpg</mainSrc>
					<mime>image/jpeg</mime>
					<size>xlarge</size>
				</mediaData>
				<mediaData>
					<mainSrc>http://newmedia.thomson.co.uk/live/vol/2/63b9ba227e6a1f789c903a1a1748d6689db2bb6b/1080x608/web/EUROPEMEDITERRANEANGREECEKOSDES_000899KOSTOWNRES_000907.jpg</mainSrc>
					<mime>image/jpeg</mime>
					<size>xlarge</size>
					<caption>Kos Town</caption>
				</mediaData>
				<mediaData>
					<mainSrc>http://newmedia.thomson.co.uk/live/vol/2/63b9ba227e6a1f789c903a1a1748d6689db2bb6b/658x370/web/EUROPEMEDITERRANEANGREECEKOSDES_000899KOSTOWNRES_000907.jpg</mainSrc>
					<mime>image/jpeg</mime>
					<size>large</size>
					<caption>Kos Town</caption>
				</mediaData>
				<mediaData>
					<mainSrc>http://newmedia.thomson.co.uk/live/vol/2/63b9ba227e6a1f789c903a1a1748d6689db2bb6b/232x130/web/EUROPEMEDITERRANEANGREECEKOSDES_000899KOSTOWNRES_000907.jpg</mainSrc>
					<mime>image/jpeg</mime>
					<size>small</size>
					<caption>Kos Town</caption>
				</mediaData>
				<mediaData>
					<mainSrc>http://newmedia.thomson.co.uk/live/vol/2/63b9ba227e6a1f789c903a1a1748d6689db2bb6b/488x274/web/EUROPEMEDITERRANEANGREECEKOSDES_000899KOSTOWNRES_000907.jpg</mainSrc>
					<mime>image/jpeg</mime>
					<size>medium</size>
					<caption>Kos Town</caption>
				</mediaData>
				<mediaData>
					<mainSrc>http://newmedia.thomson.co.uk/live/vol/0/cc5226798ca8fecffdfcf4b2812e636029a977aa/1080x608/web/EUROPEMEDITERRANEANGREECEKOSDES_000899KOSTOWNRES_000907.jpg</mainSrc>
					<mime>image/jpeg</mime>
					<size>xlarge</size>
					<caption>Kos Town</caption>
				</mediaData>
				<mediaData>
					<mainSrc>http://newmedia.thomson.co.uk/live/vol/0/cc5226798ca8fecffdfcf4b2812e636029a977aa/232x130/web/EUROPEMEDITERRANEANGREECEKOSDES_000899KOSTOWNRES_000907.jpg</mainSrc>
					<mime>image/jpeg</mime>
					<size>small</size>
					<caption>Kos Town</caption>
				</mediaData>
				<mediaData>
					<mainSrc>http://newmedia.thomson.co.uk/live/vol/0/cc5226798ca8fecffdfcf4b2812e636029a977aa/488x274/web/EUROPEMEDITERRANEANGREECEKOSDES_000899KOSTOWNRES_000907.jpg</mainSrc>
					<mime>image/jpeg</mime>
					<size>medium</size>
					<caption>Kos Town</caption>
				</mediaData>
				<mediaData>
					<mainSrc>http://newmedia.thomson.co.uk/live/vol/0/cc5226798ca8fecffdfcf4b2812e636029a977aa/658x370/web/EUROPEMEDITERRANEANGREECEKOSDES_000899KOSTOWNRES_000907.jpg</mainSrc>
					<mime>image/jpeg</mime>
					<size>large</size>
					<caption>Kos Town</caption>
				</mediaData>
				<mediaData>
					<mainSrc>http://newmedia.thomson.co.uk/live/vol/0/6d71fad117b454a30f9fff6992c90f3fdb24669d/1080x608/web/EUROPEMEDITERRANEANGREECEKOSDES_000899KOSTOWNRES_000907.jpg</mainSrc>
					<mime>image/jpeg</mime>
					<size>xlarge</size>
				</mediaData>
				<mediaData>
					<mainSrc>http://newmedia.thomson.co.uk/live/vol/0/6d71fad117b454a30f9fff6992c90f3fdb24669d/232x130/web/EUROPEMEDITERRANEANGREECEKOSDES_000899KOSTOWNRES_000907.jpg</mainSrc>
					<mime>image/jpeg</mime>
					<size>small</size>
				</mediaData>
				<mediaData>
					<mainSrc>http://newmedia.thomson.co.uk/live/vol/0/6d71fad117b454a30f9fff6992c90f3fdb24669d/658x370/web/EUROPEMEDITERRANEANGREECEKOSDES_000899KOSTOWNRES_000907.jpg</mainSrc>
					<mime>image/jpeg</mime>
					<size>large</size>
				</mediaData>
				<mediaData>
					<mainSrc>http://newmedia.thomson.co.uk/live/vol/0/6d71fad117b454a30f9fff6992c90f3fdb24669d/488x274/web/EUROPEMEDITERRANEANGREECEKOSDES_000899KOSTOWNRES_000907.jpg</mainSrc>
					<mime>image/jpeg</mime>
					<size>medium</size>
				</mediaData>
				<mediaData>
					<mainSrc>http://newmedia.thomson.co.uk/live/vol/2/8d5235b4d11a133b2edc706f71175ec224a02abb/232x130/web/EUROPEMEDITERRANEANGREECEKOSDES_000899KOSTOWNRES_000907.jpg</mainSrc>
					<mime>image/jpeg</mime>
					<size>small</size>
					<caption>Kos Town</caption>
				</mediaData>
				<mediaData>
					<mainSrc>http://newmedia.thomson.co.uk/live/vol/2/8d5235b4d11a133b2edc706f71175ec224a02abb/1080x608/web/EUROPEMEDITERRANEANGREECEKOSDES_000899KOSTOWNRES_000907.jpg</mainSrc>
					<mime>image/jpeg</mime>
					<size>xlarge</size>
					<caption>Kos Town</caption>
				</mediaData>
				<mediaData>
					<mainSrc>http://newmedia.thomson.co.uk/live/vol/2/8d5235b4d11a133b2edc706f71175ec224a02abb/488x274/web/EUROPEMEDITERRANEANGREECEKOSDES_000899KOSTOWNRES_000907.jpg</mainSrc>
					<mime>image/jpeg</mime>
					<size>medium</size>
					<caption>Kos Town</caption>
				</mediaData>
				<mediaData>
					<mainSrc>http://newmedia.thomson.co.uk/live/vol/2/8d5235b4d11a133b2edc706f71175ec224a02abb/658x370/web/EUROPEMEDITERRANEANGREECEKOSDES_000899KOSTOWNRES_000907.jpg</mainSrc>
					<mime>image/jpeg</mime>
					<size>large</size>
					<caption>Kos Town</caption>
				</mediaData>
				<mediaData>
					<mainSrc>http://newmedia.thomson.co.uk/live/vol/2/3eb047e0be020a0b7ccddf58b95a2be020f9d5d4/658x370/web/EUROPEMEDITERRANEANGREECEKOSDES_000899KOSTOWNRES_000907.jpg</mainSrc>
					<mime>image/jpeg</mime>
					<size>large</size>
					<caption>Kos Town</caption>
				</mediaData>
				<mediaData>
					<mainSrc>http://newmedia.thomson.co.uk/live/vol/2/3eb047e0be020a0b7ccddf58b95a2be020f9d5d4/1080x608/web/EUROPEMEDITERRANEANGREECEKOSDES_000899KOSTOWNRES_000907.jpg</mainSrc>
					<mime>image/jpeg</mime>
					<size>xlarge</size>
					<caption>Kos Town</caption>
				</mediaData>
				<mediaData>
					<mainSrc>http://newmedia.thomson.co.uk/live/vol/2/3eb047e0be020a0b7ccddf58b95a2be020f9d5d4/488x274/web/EUROPEMEDITERRANEANGREECEKOSDES_000899KOSTOWNRES_000907.jpg</mainSrc>
					<mime>image/jpeg</mime>
					<size>medium</size>
					<caption>Kos Town</caption>
				</mediaData>
				<mediaData>
					<mainSrc>http://newmedia.thomson.co.uk/live/vol/2/3eb047e0be020a0b7ccddf58b95a2be020f9d5d4/232x130/web/EUROPEMEDITERRANEANGREECEKOSDES_000899KOSTOWNRES_000907.jpg</mainSrc>
					<mime>image/jpeg</mime>
					<size>small</size>
					<caption>Kos Town</caption>
				</mediaData>
				<mediaData>
					<mainSrc>http://newmedia.thomson.co.uk/live/vol/2/efae94b595775a3f9218b9c3ba9a969633e7e6da/488x274/web/EUROPEMEDITERRANEANGREECEKOSDES_000899KOSTOWNRES_000907.jpg</mainSrc>
					<mime>image/jpeg</mime>
					<size>medium</size>
					<caption>Kos Town</caption>
				</mediaData>
				<mediaData>
					<mainSrc>http://newmedia.thomson.co.uk/live/vol/2/efae94b595775a3f9218b9c3ba9a969633e7e6da/1080x608/web/EUROPEMEDITERRANEANGREECEKOSDES_000899KOSTOWNRES_000907.jpg</mainSrc>
					<mime>image/jpeg</mime>
					<size>xlarge</size>
					<caption>Kos Town</caption>
				</mediaData>
				<mediaData>
					<mainSrc>http://newmedia.thomson.co.uk/live/vol/2/efae94b595775a3f9218b9c3ba9a969633e7e6da/232x130/web/EUROPEMEDITERRANEANGREECEKOSDES_000899KOSTOWNRES_000907.jpg</mainSrc>
					<mime>image/jpeg</mime>
					<size>small</size>
					<caption>Kos Town</caption>
				</mediaData>
				<mediaData>
					<mainSrc>http://newmedia.thomson.co.uk/live/vol/2/efae94b595775a3f9218b9c3ba9a969633e7e6da/658x370/web/EUROPEMEDITERRANEANGREECEKOSDES_000899KOSTOWNRES_000907.jpg</mainSrc>
					<mime>image/jpeg</mime>
					<size>large</size>
					<caption>Kos Town</caption>
				</mediaData>
				<mediaData>
					<mainSrc>http://newmedia.thomson.co.uk/live/vol/0/efbf77de319c0238ddb61bbb461425aa5764d55b/488x274/web/KOS_KTN_F205_C_4c2b5ef6011bcf4513e71be87c02adc6d4bfa19c.jpg</mainSrc>
					<mime>image/jpeg</mime>
					<size>medium</size>
					<caption>Kos Town</caption>
				</mediaData>
				<mediaData>
					<mainSrc>http://newmedia.thomson.co.uk/live/vol/0/efbf77de319c0238ddb61bbb461425aa5764d55b/232x130/web/KOS_KTN_F205_C_4c2b5ef6011bcf4513e71be87c02adc6d4bfa19c.jpg</mainSrc>
					<mime>image/jpeg</mime>
					<size>small</size>
					<caption>Kos Town</caption>
				</mediaData>
				<mediaData>
					<mainSrc>http://newmedia.thomson.co.uk/live/vol/0/efbf77de319c0238ddb61bbb461425aa5764d55b/658x370/web/KOS_KTN_F205_C_4c2b5ef6011bcf4513e71be87c02adc6d4bfa19c.jpg</mainSrc>
					<mime>image/jpeg</mime>
					<size>large</size>
					<caption>Kos Town</caption>
				</mediaData>
				<mediaData>
					<mainSrc>http://newmedia.thomson.co.uk/live/vol/0/efbf77de319c0238ddb61bbb461425aa5764d55b/1080x608/web/KOS_KTN_F205_C_4c2b5ef6011bcf4513e71be87c02adc6d4bfa19c.jpg</mainSrc>
					<mime>image/jpeg</mime>
					<size>xlarge</size>
					<caption>Kos Town</caption>
				</mediaData>
				<mediaData>
					<mainSrc>http://newmedia.thomson.co.uk/live/vol/0/b97ff0e6fd92b0a42122cb0ade1b6e159ee16026/232x130/web/EUROPEMEDITERRANEANGREECEKOSDES_000899KOSTOWNRES_000907.jpg</mainSrc>
					<mime>image/jpeg</mime>
					<size>small</size>
					<caption>Kos Town</caption>
				</mediaData>
				<mediaData>
					<mainSrc>http://newmedia.thomson.co.uk/live/vol/0/b97ff0e6fd92b0a42122cb0ade1b6e159ee16026/488x274/web/EUROPEMEDITERRANEANGREECEKOSDES_000899KOSTOWNRES_000907.jpg</mainSrc>
					<mime>image/jpeg</mime>
					<size>medium</size>
					<caption>Kos Town</caption>
				</mediaData>
				<mediaData>
					<mainSrc>http://newmedia.thomson.co.uk/live/vol/0/b97ff0e6fd92b0a42122cb0ade1b6e159ee16026/1080x608/web/EUROPEMEDITERRANEANGREECEKOSDES_000899KOSTOWNRES_000907.jpg</mainSrc>
					<mime>image/jpeg</mime>
					<size>xlarge</size>
					<caption>Kos Town</caption>
				</mediaData>
				<mediaData>
					<mainSrc>http://newmedia.thomson.co.uk/live/vol/0/b97ff0e6fd92b0a42122cb0ade1b6e159ee16026/658x370/web/EUROPEMEDITERRANEANGREECEKOSDES_000899KOSTOWNRES_000907.jpg</mainSrc>
					<mime>image/jpeg</mime>
					<size>large</size>
					<caption>Kos Town</caption>
				</mediaData>
				<mediaData>
					<mainSrc>http://newmedia.thomson.co.uk/live/vol/0/1633b756a8ef96ee5246176cf06c3d5e740115cd/232x130/web/EUROPEMEDITERRANEANGREECEKOSDES_000899KOSTOWNRES_000907.jpg</mainSrc>
					<mime>image/jpeg</mime>
					<size>small</size>
					<caption>Castle of the Knights, Kos Town</caption>
				</mediaData>
				<mediaData>
					<mainSrc>http://newmedia.thomson.co.uk/live/vol/0/1633b756a8ef96ee5246176cf06c3d5e740115cd/1080x608/web/EUROPEMEDITERRANEANGREECEKOSDES_000899KOSTOWNRES_000907.jpg</mainSrc>
					<mime>image/jpeg</mime>
					<size>xlarge</size>
					<caption>Castle of the Knights, Kos Town</caption>
				</mediaData>
				<mediaData>
					<mainSrc>http://newmedia.thomson.co.uk/live/vol/0/1633b756a8ef96ee5246176cf06c3d5e740115cd/488x274/web/EUROPEMEDITERRANEANGREECEKOSDES_000899KOSTOWNRES_000907.jpg</mainSrc>
					<mime>image/jpeg</mime>
					<size>medium</size>
					<caption>Castle of the Knights, Kos Town</caption>
				</mediaData>
				<mediaData>
					<mainSrc>http://newmedia.thomson.co.uk/live/vol/0/1633b756a8ef96ee5246176cf06c3d5e740115cd/658x370/web/EUROPEMEDITERRANEANGREECEKOSDES_000899KOSTOWNRES_000907.jpg</mainSrc>
					<mime>image/jpeg</mime>
					<size>large</size>
					<caption>Castle of the Knights, Kos Town</caption>
				</mediaData>
				<mediaData>
					<mainSrc>http://newmedia.thomson.co.uk/live/vol/3/02ac408984712bad3bab024f2695a1aa7e9c9094/488x274/web/EUROPEMEDITERRANEANGREECEKOSDES_000899KOSTOWNRES_000907.jpg</mainSrc>
					<mime>image/jpeg</mime>
					<size>medium</size>
					<caption>Kos Town</caption>
				</mediaData>
				<mediaData>
					<mainSrc>http://newmedia.thomson.co.uk/live/vol/3/02ac408984712bad3bab024f2695a1aa7e9c9094/232x130/web/EUROPEMEDITERRANEANGREECEKOSDES_000899KOSTOWNRES_000907.jpg</mainSrc>
					<mime>image/jpeg</mime>
					<size>small</size>
					<caption>Kos Town</caption>
				</mediaData>
				<mediaData>
					<mainSrc>http://newmedia.thomson.co.uk/live/vol/3/02ac408984712bad3bab024f2695a1aa7e9c9094/658x370/web/EUROPEMEDITERRANEANGREECEKOSDES_000899KOSTOWNRES_000907.jpg</mainSrc>
					<mime>image/jpeg</mime>
					<size>large</size>
					<caption>Kos Town</caption>
				</mediaData>
				<mediaData>
					<mainSrc>http://newmedia.thomson.co.uk/live/vol/3/02ac408984712bad3bab024f2695a1aa7e9c9094/1080x608/web/EUROPEMEDITERRANEANGREECEKOSDES_000899KOSTOWNRES_000907.jpg</mainSrc>
					<mime>image/jpeg</mime>
					<size>xlarge</size>
					<caption>Kos Town</caption>
				</mediaData>
				<mediaData>
					<mainSrc>http://newmedia.thomson.co.uk/live/vol/3/7c3ac88d46ac206a022bbd4687df98143988e573/1080x608/web/EUROPEMEDITERRANEANGREECEKOSDES_000899KOSTOWNRES_000907.jpg</mainSrc>
					<mime>image/jpeg</mime>
					<size>xlarge</size>
					<caption>Kos Town</caption>
				</mediaData>
				<mediaData>
					<mainSrc>http://newmedia.thomson.co.uk/live/vol/3/7c3ac88d46ac206a022bbd4687df98143988e573/232x130/web/EUROPEMEDITERRANEANGREECEKOSDES_000899KOSTOWNRES_000907.jpg</mainSrc>
					<mime>image/jpeg</mime>
					<size>small</size>
					<caption>Kos Town</caption>
				</mediaData>
				<mediaData>
					<mainSrc>http://newmedia.thomson.co.uk/live/vol/3/7c3ac88d46ac206a022bbd4687df98143988e573/488x274/web/EUROPEMEDITERRANEANGREECEKOSDES_000899KOSTOWNRES_000907.jpg</mainSrc>
					<mime>image/jpeg</mime>
					<size>medium</size>
					<caption>Kos Town</caption>
				</mediaData>
				<mediaData>
					<mainSrc>http://newmedia.thomson.co.uk/live/vol/3/7c3ac88d46ac206a022bbd4687df98143988e573/658x370/web/EUROPEMEDITERRANEANGREECEKOSDES_000899KOSTOWNRES_000907.jpg</mainSrc>
					<mime>image/jpeg</mime>
					<size>large</size>
					<caption>Kos Town</caption>
				</mediaData>
				<mediaData>
					<mainSrc>http://newmedia.thomson.co.uk/live/vol/3/2f7d8fa93bf6bc9cfddd13092bae3bdd3fcfc518/232x130/web/EUROPEMEDITERRANEANGREECEKOSDES_000899KOSTOWNRES_000907.jpg</mainSrc>
					<mime>image/jpeg</mime>
					<size>small</size>
					<caption>Kos Town</caption>
				</mediaData>
				<mediaData>
					<mainSrc>http://newmedia.thomson.co.uk/live/vol/3/2f7d8fa93bf6bc9cfddd13092bae3bdd3fcfc518/1080x608/web/EUROPEMEDITERRANEANGREECEKOSDES_000899KOSTOWNRES_000907.jpg</mainSrc>
					<mime>image/jpeg</mime>
					<size>xlarge</size>
					<caption>Kos Town</caption>
				</mediaData>
				<mediaData>
					<mainSrc>http://newmedia.thomson.co.uk/live/vol/3/2f7d8fa93bf6bc9cfddd13092bae3bdd3fcfc518/658x370/web/EUROPEMEDITERRANEANGREECEKOSDES_000899KOSTOWNRES_000907.jpg</mainSrc>
					<mime>image/jpeg</mime>
					<size>large</size>
					<caption>Kos Town</caption>
				</mediaData>
				<mediaData>
					<mainSrc>http://newmedia.thomson.co.uk/live/vol/3/2f7d8fa93bf6bc9cfddd13092bae3bdd3fcfc518/488x274/web/EUROPEMEDITERRANEANGREECEKOSDES_000899KOSTOWNRES_000907.jpg</mainSrc>
					<mime>image/jpeg</mime>
					<size>medium</size>
					<caption>Kos Town</caption>
				</mediaData>
				<mediaData>
					<mainSrc>http://newmedia.thomson.co.uk/live/vol/3/07eda76bd4ab2040051da386d6123be100d96460/488x274/web/EUROPEMEDITERRANEANGREECEKOSDES_000899KOSTOWNRES_000907.jpg</mainSrc>
					<mime>image/jpeg</mime>
					<size>medium</size>
					<caption>Kos Town</caption>
				</mediaData>
				<mediaData>
					<mainSrc>http://newmedia.thomson.co.uk/live/vol/3/07eda76bd4ab2040051da386d6123be100d96460/658x370/web/EUROPEMEDITERRANEANGREECEKOSDES_000899KOSTOWNRES_000907.jpg</mainSrc>
					<mime>image/jpeg</mime>
					<size>large</size>
					<caption>Kos Town</caption>
				</mediaData>
				<mediaData>
					<mainSrc>http://newmedia.thomson.co.uk/live/vol/3/07eda76bd4ab2040051da386d6123be100d96460/232x130/web/EUROPEMEDITERRANEANGREECEKOSDES_000899KOSTOWNRES_000907.jpg</mainSrc>
					<mime>image/jpeg</mime>
					<size>small</size>
					<caption>Kos Town</caption>
				</mediaData>
				<mediaData>
					<mainSrc>http://newmedia.thomson.co.uk/live/vol/3/07eda76bd4ab2040051da386d6123be100d96460/1080x608/web/EUROPEMEDITERRANEANGREECEKOSDES_000899KOSTOWNRES_000907.jpg</mainSrc>
					<mime>image/jpeg</mime>
					<size>xlarge</size>
					<caption>Kos Town</caption>
				</mediaData>
			</galleryImages>
			<geoHierarchy>
				<categories>
					<categoryData>
						<code>000907</code>
						<name>Kos Town</name>
						<hierarchyType>RESORT</hierarchyType>
						<hierarchyLevel>4</hierarchyLevel>
						<subCategories>
							<categoryData>
								<code>025870</code>
								<name>Blue Lagoon Resort</name>
								<hierarchyType>HOTEL</hierarchyType>
								<hierarchyLevel>5</hierarchyLevel>
							</categoryData>
						</subCategories>
					</categoryData>
				</categories>
			</geoHierarchy>
		</location>
	</ns0:TILLocationContentResponse>
</outputMessage>