<?xml version = "1.0" encoding = "UTF-8"?>
<inputMessage>
	<ns0:Request xmlns:ns0 = "http://tuiuk.com/xsd/interface/locationcontentdata/request/v1">
		<ns0:brandName>FC</ns0:brandName>
		<ns0:locationCode>000907</ns0:locationCode>
	</ns0:Request>
	<headers>
		<Header.context>
			<ns0:MessageContext TimeToLive = "0" messageID = "E" messageType = "REQUEST" timestamp = "2016-01-22T17:04:31.639+05:30" xmlns:ns0 = "http://tuiuk.com/xsd/resource/tib/messagecontext/v1">
				<ns0:CorrelationID>A</ns0:CorrelationID>
				<ns0:TransactionID>B</ns0:TransactionID>
				<ns0:BusinessKey>C</ns0:BusinessKey>
				<ns0:ApplicationID>TUIGroup</ns0:ApplicationID>
				<ns0:ServiceInstanceID>LegoUKEntityService</ns0:ServiceInstanceID>
				<ns0:SourceProcess>Location</ns0:SourceProcess>
				<ns0:ApplicationService>LocationContentService</ns0:ApplicationService>
			</ns0:MessageContext>
		</Header.context>
	</headers>
</inputMessage>